"RS","Year","Observed","Predicted","TrainEnd","TrainingRegions","Method","Lower80","Upper80","Phase"
"1001",2009,45,44.0933887374034,2008,16,"trend",39.889497937753,48.2972795370538,"calibration"
"1002",2009,44.6,43.2549980500213,2008,16,"trend",39.0511072503709,47.4588888496717,"calibration"
"1003",2009,37.9,35.571403879107,2008,16,"trend",31.3675130794566,39.7752946787574,"calibration"
"1004",2009,35,33.5691532980047,2008,16,"trend",29.3652624983543,37.7730440976551,"calibration"
"1005",2009,44.6,33.0453209257114,2008,16,"trend",28.8414301260609,37.2492117253618,"calibration"
"1006",2009,32.7,32.7914149960427,2008,16,"trend",28.5875241963923,36.9953057956931,"calibration"
"1007",2009,34.9,34.3057230075489,2008,16,"trend",30.1018322078985,38.5096138071993,"calibration"
"1008",2009,52.4,54.14431307734,2008,16,"trend",49.9404222776896,58.3482038769904,"calibration"
"1009",2009,33.1,32.9185313487013,2008,16,"trend",28.7146405490509,37.1224221483517,"calibration"
"1010",2009,30.8,30.8859013219626,2008,16,"trend",26.6820105223122,35.089792121613,"calibration"
"1011",2009,48.3,48.5980051906445,2008,16,"trend",44.394114390994,52.8018959902949,"calibration"
"1012",2009,38,38.2259157559179,2008,16,"trend",34.0220249562675,42.4298065555683,"calibration"
"1013",2009,32.8,30.2576087575787,2008,16,"trend",26.0537179579282,34.4614995572291,"calibration"
"1014",2009,41.9,42.9047239443614,2008,16,"trend",38.700833144711,47.1086147440118,"calibration"
"1015",2009,47,41.8717981610291,2008,16,"trend",37.6679073613787,46.0756889606795,"calibration"
"1016",2009,50.1,40.8007963637592,2008,16,"trend",36.5969055641088,45.0046871634096,"calibration"
"1001",2010,51.3,45.0859455139859,2009,16,"trend",40.8820547143355,49.2898363136363,"calibration"
"1002",2010,44.7,44.0134334454545,2009,16,"trend",39.8095426458041,48.2173242451049,"calibration"
"1003",2010,38.5,36.5903564206296,2009,16,"trend",32.3864656209792,40.79424722028,"calibration"
"1004",2010,37.2,35.1321667923075,2009,16,"trend",30.9282759926571,39.336057591958,"calibration"
"1005",2010,45.5,34.8407755034993,2009,16,"trend",30.6368847038489,39.0446663031497,"calibration"
"1006",2010,32,33.7255632891606,2009,16,"trend",29.5216724895102,37.929454088811,"calibration"
"1007",2010,34.6,35.2224862643354,2009,16,"trend",31.018595464685,39.4263770639858,"calibration"
"1008",2010,54.8,56.202135461188,2009,16,"trend",51.9982446615375,60.4060262608384,"calibration"
"1009",2010,37.7,33.9168848849648,2009,16,"trend",29.7129940853144,38.1207756846152,"calibration"
"1010",2010,33.4,31.6526095772725,2009,16,"trend",27.4487187776221,35.8565003769229,"calibration"
"1011",2010,47.5,49.4223685688812,2009,16,"trend",45.2184777692308,53.6262593685316,"calibration"
"1012",2010,35.7,39.3318338926569,2009,16,"trend",35.1279430930065,43.5357246923073,"calibration"
"1013",2010,28,32.2038907996504,2009,16,"trend",28,36.4077815993008,"calibration"
"1014",2010,49,43.8338291884606,2009,16,"trend",39.6299383888102,48.037719988111,"calibration"
"1015",2010,45.8,42.3588251475536,2009,16,"trend",38.1549343479032,46.562715947204,"calibration"
"1016",2010,54.4,42.5242370363661,2009,16,"trend",38.3203462367157,46.7281278360166,"calibration"
"1001",2011,48.1,46.7463338267124,2010,16,"trend",42.542443027062,50.9502246263628,"calibration"
"1002",2011,43.4,45.2060781287044,2010,16,"trend",41.002187329054,49.4099689283548,"calibration"
"1003",2011,38.6,38.2582096389495,2010,16,"trend",34.0543188392991,42.4621004385999,"calibration"
"1004",2011,36.2,35.9493476015406,2010,16,"trend",31.7454568018902,40.153238401191,"calibration"
"1005",2011,34.1,39.2749185376931,2010,16,"trend",35.0710277380427,43.4788093373436,"calibration"
"1006",2011,35.2,33.7210892140949,2010,16,"trend",29.5171984144445,37.9249800137453,"calibration"
"1007",2011,32.2,35.6924068026503,2010,16,"trend",31.4885160029999,39.8962976023007,"calibration"
"1008",2011,58.1,56.5614255042728,2010,16,"trend",52.3575347046224,60.7653163039232,"calibration"
"1009",2011,32.9,34.9713696592662,2010,16,"trend",30.7674788596158,39.1752604589166,"calibration"
"1010",2011,30.4,32.5316150968815,2010,16,"trend",28.3277242972311,36.735505896532,"calibration"
"1011",2011,48.1,50.1900198881472,2010,16,"trend",45.9861290884968,54.3939106877977,"calibration"
"1012",2011,42.2,38.9198828634708,2010,16,"trend",34.7159920638204,43.1237736631212,"calibration"
"1013",2011,31.3,32.1343563591586,2010,16,"trend",27.9304655595082,36.338247158809,"calibration"
"1014",2011,42,45.3086666364819,2010,16,"trend",41.1047758368315,49.5125574361323,"calibration"
"1015",2011,41.1,44.4300293575701,2010,16,"trend",40.2261385579197,48.6339201572206,"calibration"
"1016",2011,41.9,46.9690777105118,2010,16,"trend",42.7651869108614,51.1729685101623,"calibration"
"1001",2009,45,45.5,2008,16,"persistence",39.6,51.4,"calibration"
"1002",2009,44.6,41.6,2008,16,"persistence",35.7,47.5,"calibration"
"1003",2009,37.9,34.1,2008,16,"persistence",28.2,40,"calibration"
"1004",2009,35,38,2008,16,"persistence",32.1,43.9,"calibration"
"1005",2009,44.6,32.8,2008,16,"persistence",26.9,38.7,"calibration"
"1006",2009,32.7,34.9,2008,16,"persistence",29,40.8,"calibration"
"1007",2009,34.9,35.3,2008,16,"persistence",29.4,41.2,"calibration"
"1008",2009,52.4,58.3,2008,16,"persistence",52.4,64.2,"calibration"
"1009",2009,33.1,34.9,2008,16,"persistence",29,40.8,"calibration"
"1010",2009,30.8,31,2008,16,"persistence",25.1,36.9,"calibration"
"1011",2009,48.3,46.3,2008,16,"persistence",40.4,52.2,"calibration"
"1012",2009,38,41.3,2008,16,"persistence",35.4,47.2,"calibration"
"1013",2009,32.8,35.7,2008,16,"persistence",29.8,41.6,"calibration"
"1014",2009,41.9,43.2,2008,16,"persistence",37.3,49.1,"calibration"
"1015",2009,47,39,2008,16,"persistence",33.1,44.9,"calibration"
"1016",2009,50.1,40.2,2008,16,"persistence",34.3,46.1,"calibration"
"1001",2010,51.3,45,2009,16,"persistence",39.1,50.9,"calibration"
"1002",2010,44.7,44.6,2009,16,"persistence",38.7,50.5,"calibration"
"1003",2010,38.5,37.9,2009,16,"persistence",32,43.8,"calibration"
"1004",2010,37.2,35,2009,16,"persistence",29.1,40.9,"calibration"
"1005",2010,45.5,44.6,2009,16,"persistence",38.7,50.5,"calibration"
"1006",2010,32,32.7,2009,16,"persistence",26.8,38.6,"calibration"
"1007",2010,34.6,34.9,2009,16,"persistence",29,40.8,"calibration"
"1008",2010,54.8,52.4,2009,16,"persistence",46.5,58.3,"calibration"
"1009",2010,37.7,33.1,2009,16,"persistence",27.2,39,"calibration"
"1010",2010,33.4,30.8,2009,16,"persistence",24.9,36.7,"calibration"
"1011",2010,47.5,48.3,2009,16,"persistence",42.4,54.2,"calibration"
"1012",2010,35.7,38,2009,16,"persistence",32.1,43.9,"calibration"
"1013",2010,28,32.8,2009,16,"persistence",26.9,38.7,"calibration"
"1014",2010,49,41.9,2009,16,"persistence",36,47.8,"calibration"
"1015",2010,45.8,47,2009,16,"persistence",41.1,52.9,"calibration"
"1016",2010,54.4,50.1,2009,16,"persistence",44.2,56,"calibration"
"1001",2011,48.1,51.3,2010,16,"persistence",45.4,57.2,"calibration"
"1002",2011,43.4,44.7,2010,16,"persistence",38.8,50.6,"calibration"
"1003",2011,38.6,38.5,2010,16,"persistence",32.6,44.4,"calibration"
"1004",2011,36.2,37.2,2010,16,"persistence",31.3,43.1,"calibration"
"1005",2011,34.1,45.5,2010,16,"persistence",39.6,51.4,"calibration"
"1006",2011,35.2,32,2010,16,"persistence",26.1,37.9,"calibration"
"1007",2011,32.2,34.6,2010,16,"persistence",28.7,40.5,"calibration"
"1008",2011,58.1,54.8,2010,16,"persistence",48.9,60.7,"calibration"
"1009",2011,32.9,37.7,2010,16,"persistence",31.8,43.6,"calibration"
"1010",2011,30.4,33.4,2010,16,"persistence",27.5,39.3,"calibration"
"1011",2011,48.1,47.5,2010,16,"persistence",41.6,53.4,"calibration"
"1012",2011,42.2,35.7,2010,16,"persistence",29.8,41.6,"calibration"
"1013",2011,31.3,28,2010,16,"persistence",22.1,33.9,"calibration"
"1014",2011,42,49,2010,16,"persistence",43.1,54.9,"calibration"
"1015",2011,41.1,45.8,2010,16,"persistence",39.9,51.7,"calibration"
"1016",2011,41.9,54.4,2010,16,"persistence",48.5,60.3,"calibration"
"1001",2009,45,44.5713602190318,2008,16,"panel_ridge",38.0596798545158,51.0830405835477,"calibration"
"1002",2009,44.6,40.7185120675526,2008,16,"panel_ridge",34.2068317030367,47.2301924320686,"calibration"
"1003",2009,37.9,34.9994852647246,2008,16,"panel_ridge",28.4878049002086,41.5111656292405,"calibration"
"1004",2009,35,37.2435954109777,2008,16,"panel_ridge",30.7319150464618,43.7552757754937,"calibration"
"1005",2009,44.6,36.1365099990467,2008,16,"panel_ridge",29.6248296345307,42.6481903635626,"calibration"
"1006",2009,32.7,36.3796258573175,2008,16,"panel_ridge",29.8679454928016,42.8913062218335,"calibration"
"1007",2009,34.9,36.36025502692,2008,16,"panel_ridge",29.8485746624041,42.871935391436,"calibration"
"1008",2009,52.4,50.7314021681584,2008,16,"panel_ridge",44.2197218036425,57.2430825326744,"calibration"
"1009",2009,33.1,35.0132099196761,2008,16,"panel_ridge",28.5015295551602,41.524890284192,"calibration"
"1010",2009,30.8,32.2818120674733,2008,16,"panel_ridge",25.7701317029574,38.7934924319893,"calibration"
"1011",2009,48.3,44.7809453672488,2008,16,"panel_ridge",38.2692650027329,51.2926257317648,"calibration"
"1012",2009,38,39.330518661836,2008,16,"panel_ridge",32.81883829732,45.8421990263519,"calibration"
"1013",2009,32.8,34.9341953005226,2008,16,"panel_ridge",28.4225149360067,41.4458756650386,"calibration"
"1014",2009,41.9,40.5978026615302,2008,16,"panel_ridge",34.0861222970142,47.1094830260461,"calibration"
"1015",2009,47,40.4883196354841,2008,16,"panel_ridge",33.9766392709681,47,"calibration"
"1016",2009,50.1,41.0852436157652,2008,16,"panel_ridge",34.5735632512492,47.5969239802811,"calibration"
"1001",2010,51.3,43.7894451378003,2009,16,"panel_ridge",37.2777647732844,50.3011255023163,"calibration"
"1002",2010,44.7,43.7363364902269,2009,16,"panel_ridge",37.224656125711,50.2480168547429,"calibration"
"1003",2010,38.5,38.9378313785512,2009,16,"panel_ridge",32.4261510140353,45.4495117430671,"calibration"
"1004",2010,37.2,36.8107141561414,2009,16,"panel_ridge",30.2990337916255,43.3223945206574,"calibration"
"1005",2010,45.5,39.8170531651332,2009,16,"panel_ridge",33.3053728006173,46.3287335296492,"calibration"
"1006",2010,32,39.3538822544092,2009,16,"panel_ridge",32.8422018898932,45.8655626189251,"calibration"
"1007",2010,34.6,37.5180879729958,2009,16,"panel_ridge",31.0064076084798,44.0297683375117,"calibration"
"1008",2010,54.8,52.2578235569155,2009,16,"panel_ridge",45.7461431923995,58.7695039214314,"calibration"
"1009",2010,37.7,37.3285992791488,2009,16,"panel_ridge",30.8169189146328,43.8402796436647,"calibration"
"1010",2010,33.4,32.4797474315153,2009,16,"panel_ridge",25.9680670669994,38.9914277960313,"calibration"
"1011",2010,47.5,46.5506134095932,2009,16,"panel_ridge",40.0389330450773,53.0622937741092,"calibration"
"1012",2010,35.7,43.1525251574495,2009,16,"panel_ridge",36.6408447929335,49.6642055219654,"calibration"
"1013",2010,28,36.4607991862276,2009,16,"panel_ridge",29.9491188217117,42.9724795507436,"calibration"
"1014",2010,49,42.3590732472848,2009,16,"panel_ridge",35.8473928827688,48.8707536118007,"calibration"
"1015",2010,45.8,44.2537106850882,2009,16,"panel_ridge",37.7420303205723,50.7653910496041,"calibration"
"1016",2010,54.4,45.5986125677084,2009,16,"panel_ridge",39.0869322031925,52.1102929322244,"calibration"
"1001",2011,48.1,44.9067406451242,2010,16,"panel_ridge",38.3950602806083,51.4184210096402,"calibration"
"1002",2011,43.4,42.5071804017554,2010,16,"panel_ridge",35.9955000372395,49.0188607662713,"calibration"
"1003",2011,38.6,37.2392788602189,2010,16,"panel_ridge",30.727598495703,43.7509592247348,"calibration"
"1004",2011,36.2,37.0705323345646,2010,16,"panel_ridge",30.5588519700487,43.5822126990805,"calibration"
"1005",2011,34.1,39.4848400434303,2010,16,"panel_ridge",32.9731596789143,45.9965204079462,"calibration"
"1006",2011,35.2,34.3543469922402,2010,16,"panel_ridge",27.8426666277242,40.8660273567561,"calibration"
"1007",2011,32.2,34.1458498174244,2010,16,"panel_ridge",27.6341694529085,40.6575301819404,"calibration"
"1008",2011,58.1,50.2482151434514,2010,16,"panel_ridge",43.7365347789355,56.7598955079674,"calibration"
"1009",2011,32.9,36.1932323133609,2010,16,"panel_ridge",29.6815519488449,42.7049126778768,"calibration"
"1010",2011,30.4,34.1721328277693,2010,16,"panel_ridge",27.6604524632534,40.6838131922853,"calibration"
"1011",2011,48.1,46.4454061408784,2010,16,"panel_ridge",39.9337257763625,52.9570865053943,"calibration"
"1012",2011,42.2,37.6702873911918,2010,16,"panel_ridge",31.1586070266758,44.1819677557077,"calibration"
"1013",2011,31.3,32.0675070332488,2010,16,"panel_ridge",25.5558266687329,38.5791873977648,"calibration"
"1014",2011,42,44.151565150364,2010,16,"panel_ridge",37.639884785848,50.6632455148799,"calibration"
"1015",2011,41.1,42.7030328680624,2010,16,"panel_ridge",36.1913525035464,49.2147132325783,"calibration"
"1016",2011,41.9,45.333105924144,2010,16,"panel_ridge",38.821425559628,51.8447862886599,"calibration"
"1001",2009,45,43.3328535887411,2008,16,"local_ridge",39.2310524520131,47.4346547254692,"calibration"
"1002",2009,44.6,41.653872081599,2008,16,"local_ridge",37.552070944871,45.7556732183271,"calibration"
"1003",2009,37.9,33.798198863272,2008,16,"local_ridge",29.6963977265439,37.9,"calibration"
"1004",2009,35,33.0661337592136,2008,16,"local_ridge",28.9643326224856,37.1679348959417,"calibration"
"1005",2009,44.6,33.2397592821058,2008,16,"local_ridge",29.1379581453778,37.3415604188338,"calibration"
"1006",2009,32.7,31.7781770541284,2008,16,"local_ridge",27.6763759174004,35.8799781908564,"calibration"
"1007",2009,34.9,33.3857716629491,2008,16,"local_ridge",29.2839705262211,37.4875727996771,"calibration"
"1008",2009,52.4,51.8177267479636,2008,16,"local_ridge",47.7159256112355,55.9195278846916,"calibration"
"1009",2009,33.1,31.9693357672641,2008,16,"local_ridge",27.8675346305361,36.0711369039922,"calibration"
"1010",2009,30.8,29.6560560746057,2008,16,"local_ridge",25.5542549378777,33.7578572113338,"calibration"
"1011",2009,48.3,45.9562631169704,2008,16,"local_ridge",41.8544619802423,50.0580642536984,"calibration"
"1012",2009,38,37.5603652110877,2008,16,"local_ridge",33.4585640743597,41.6621663478158,"calibration"
"1013",2009,32.8,29.6906977724571,2008,16,"local_ridge",25.588896635729,33.7924989091851,"calibration"
"1014",2009,41.9,40.9684079182217,2008,16,"local_ridge",36.8666067814936,45.0702090549497,"calibration"
"1015",2009,47,41.5731254885901,2008,16,"local_ridge",37.471324351862,45.6749266253181,"calibration"
"1016",2009,50.1,40.0752544160188,2008,16,"local_ridge",35.9734532792908,44.1770555527469,"calibration"
"1001",2010,51.3,43.9578608327929,2009,16,"local_ridge",39.8560596960649,48.059661969521,"calibration"
"1002",2010,44.7,42.0897263669987,2009,16,"local_ridge",37.9879252302707,46.1915275037268,"calibration"
"1003",2010,38.5,34.5927593077403,2009,16,"local_ridge",30.4909581710123,38.6945604444684,"calibration"
"1004",2010,37.2,34.1548242329058,2009,16,"local_ridge",30.0530230961778,38.2566253696339,"calibration"
"1005",2010,45.5,33.9304331124849,2009,16,"local_ridge",29.8286319757569,38.032234249213,"calibration"
"1006",2010,32,31.8205455863953,2009,16,"local_ridge",27.7187444496673,35.9223467231233,"calibration"
"1007",2010,34.6,33.97288713553,2009,16,"local_ridge",29.8710859988019,38.074688272258,"calibration"
"1008",2010,54.8,53.3084365556076,2009,16,"local_ridge",49.2066354188796,57.4102376923357,"calibration"
"1009",2010,37.7,32.78858375246,2009,16,"local_ridge",28.686782615732,36.8903848891881,"calibration"
"1010",2010,33.4,30.3088469835708,2009,16,"local_ridge",26.2070458468427,34.4106481202988,"calibration"
"1011",2010,47.5,46.6317511801761,2009,16,"local_ridge",42.529950043448,50.7335523169041,"calibration"
"1012",2010,35.7,38.1815970489546,2009,16,"local_ridge",34.0797959122266,42.2833981856827,"calibration"
"1013",2010,28,31.077363264152,2009,16,"local_ridge",26.9755621274239,35.17916440088,"calibration"
"1014",2010,49,41.7399191418318,2009,16,"local_ridge",37.6381180051038,45.8417202785599,"calibration"
"1015",2010,45.8,41.4876231861006,2009,16,"local_ridge",37.3858220493726,45.5894243228286,"calibration"
"1016",2010,54.4,40.8518451164102,2009,16,"local_ridge",36.7500439796822,44.9536462531383,"calibration"
"1001",2011,48.1,44.9724429439059,2010,16,"local_ridge",40.8706418071779,49.074244080634,"calibration"
"1002",2011,43.4,43.2806833213742,2010,16,"local_ridge",39.1788821846461,47.3824844581022,"calibration"
"1003",2011,38.6,36.2833473027369,2010,16,"local_ridge",32.1815461660089,40.3851484394649,"calibration"
"1004",2011,36.2,35.0966797837143,2010,16,"local_ridge",30.9948786469863,39.1984809204424,"calibration"
"1005",2011,34.1,37.7860564553033,2010,16,"local_ridge",33.6842553185752,41.8878575920313,"calibration"
"1006",2011,35.2,32.9990499818425,2010,16,"local_ridge",28.8972488451144,37.1008511185705,"calibration"
"1007",2011,32.2,34.9955117035687,2010,16,"local_ridge",30.8937105668406,39.0973128402967,"calibration"
"1008",2011,58.1,54.0232090612477,2010,16,"local_ridge",49.9214079245196,58.1250101979757,"calibration"
"1009",2011,32.9,33.9680844622992,2010,16,"local_ridge",29.8662833255711,38.0698855990272,"calibration"
"1010",2011,30.4,31.185647420527,2010,16,"local_ridge",27.083846283799,35.2874485572551,"calibration"
"1011",2011,48.1,48.0617033217221,2010,16,"local_ridge",43.9599021849941,52.1635044584502,"calibration"
"1012",2011,42.2,38.4678608491304,2010,16,"local_ridge",34.3660597124024,42.5696619858584,"calibration"
"1013",2011,31.3,31.9029227252534,2010,16,"local_ridge",27.8011215885253,36.0047238619814,"calibration"
"1014",2011,42,43.409168861652,2010,16,"local_ridge",39.307367724924,47.5109699983801,"calibration"
"1015",2011,41.1,42.9421580101602,2010,16,"local_ridge",38.8403568734321,47.0439591468882,"calibration"
"1016",2011,41.9,44.8127224766713,2010,16,"local_ridge",40.7109213399432,48.9145236133993,"calibration"
"1001",2009,45,47.5478794025187,2008,16,"pcr",42.0486415660946,53.0471172389429,"calibration"
"1002",2009,44.6,42.4709318528778,2008,16,"pcr",36.9716940164536,47.970169689302,"calibration"
"1003",2009,37.9,35.2800057845211,2008,16,"pcr",29.7807679480969,40.7792436209452,"calibration"
"1004",2009,35,34.8454110600107,2008,16,"pcr",29.3461732235866,40.3446488964349,"calibration"
"1005",2009,44.6,34.2509248625794,2008,16,"pcr",28.7516870261552,39.7501626990036,"calibration"
"1006",2009,32.7,35.8752653093678,2008,16,"pcr",30.3760274729436,41.3745031457919,"calibration"
"1007",2009,34.9,33.2974977734901,2008,16,"pcr",27.798259937066,38.7967356099143,"calibration"
"1008",2009,52.4,55.133553848926,2008,16,"pcr",49.6343160125018,60.6327916853502,"calibration"
"1009",2009,33.1,34.0130001282711,2008,16,"pcr",28.513762291847,39.5122379646953,"calibration"
"1010",2009,30.8,30.1220655823751,2008,16,"pcr",24.622827745951,35.6213034187993,"calibration"
"1011",2009,48.3,47.0222806179052,2008,16,"pcr",41.523042781481,52.5215184543293,"calibration"
"1012",2009,38,38.9989369650349,2008,16,"pcr",33.4996991286107,44.4981748014591,"calibration"
"1013",2009,32.8,30.7153100187521,2008,16,"pcr",25.2160721823279,36.2145478551763,"calibration"
"1014",2009,41.9,40.3096944576614,2008,16,"pcr",34.8104566212372,45.8089322940855,"calibration"
"1015",2009,47,42.4115146988768,2008,16,"pcr",36.9122768624526,47.910752535301,"calibration"
"1016",2009,50.1,40.1817951506238,2008,16,"pcr",34.6825573141996,45.681032987048,"calibration"
"1001",2010,51.3,46.8093581416159,2009,16,"pcr",41.3101203051918,52.3085959780401,"calibration"
"1002",2010,44.7,45.877965978776,2009,16,"pcr",40.3787281423518,51.3772038152002,"calibration"
"1003",2010,38.5,39.2129272492895,2009,16,"pcr",33.7136894128654,44.7121650857137,"calibration"
"1004",2010,37.2,33.0425464349643,2009,16,"pcr",27.5433085985401,38.5417842713884,"calibration"
"1005",2010,45.5,35.0516906526844,2009,16,"pcr",29.5524528162602,40.5509284891085,"calibration"
"1006",2010,32,38.1350816176737,2009,16,"pcr",32.6358437812495,43.6343194540979,"calibration"
"1007",2010,34.6,36.2213271272861,2009,16,"pcr",30.7220892908619,41.7205649637103,"calibration"
"1008",2010,54.8,60.3243179571742,2009,16,"pcr",54.82508012075,65.8235557935984,"calibration"
"1009",2010,37.7,34.3501423750285,2009,16,"pcr",28.8509045386043,39.8493802114527,"calibration"
"1010",2010,33.4,28.2871860490789,2009,16,"pcr",22.7879482126548,33.7864238855031,"calibration"
"1011",2010,47.5,50.4741200266195,2009,16,"pcr",44.9748821901953,55.9733578630437,"calibration"
"1012",2010,35.7,45.1538786068897,2009,16,"pcr",39.6546407704655,50.6531164433139,"calibration"
"1013",2010,28,33.4992378364242,2009,16,"pcr",28,38.9984756728484,"calibration"
"1014",2010,49,43.3091212564384,2009,16,"pcr",37.8098834200143,48.8083590928626,"calibration"
"1015",2010,45.8,44.1569578300332,2009,16,"pcr",38.657719993609,49.6561956664573,"calibration"
"1016",2010,54.4,45.2442340692253,2009,16,"pcr",39.7449962328011,50.7434719056494,"calibration"
"1001",2011,48.1,43.8496983000332,2010,16,"pcr",38.3504604636091,49.3489361364574,"calibration"
"1002",2011,43.4,41.4010651337666,2010,16,"pcr",35.9018272973424,46.9003029701908,"calibration"
"1003",2011,38.6,34.2742571380436,2010,16,"pcr",28.7750193016194,39.7734949744677,"calibration"
"1004",2011,36.2,33.764808585976,2010,16,"pcr",28.2655707495518,39.2640464224002,"calibration"
"1005",2011,34.1,34.2793345509578,2010,16,"pcr",28.7800967145336,39.778572387382,"calibration"
"1006",2011,35.2,30.046924512533,2010,16,"pcr",24.5476866761089,35.5461623489572,"calibration"
"1007",2011,32.2,29.878542034734,2010,16,"pcr",24.3793041983098,35.3777798711582,"calibration"
"1008",2011,58.1,53.2335462675425,2010,16,"pcr",47.7343084311183,58.7327841039667,"calibration"
"1009",2011,32.9,31.9366704818599,2010,16,"pcr",26.4374326454357,37.435908318284,"calibration"
"1010",2011,30.4,30.4653055365076,2010,16,"pcr",24.9660677000834,35.9645433729318,"calibration"
"1011",2011,48.1,48.4264048220891,2010,16,"pcr",42.9271669856649,53.9256426585133,"calibration"
"1012",2011,42.2,36.3716242345992,2010,16,"pcr",30.8723863981751,41.8708620710234,"calibration"
"1013",2011,31.3,28.6734958444737,2010,16,"pcr",23.1742580080495,34.1727336808979,"calibration"
"1014",2011,42,41.5830746758855,2010,16,"pcr",36.0838368394614,47.0823125123097,"calibration"
"1015",2011,41.1,40.5211879857686,2010,16,"pcr",35.0219501493444,46.0204258221928,"calibration"
"1016",2011,41.9,41.8384895300334,2010,16,"pcr",36.3392516936092,47.3377273664576,"calibration"
"1001",2009,45,41.6468009911819,2008,16,"hierarchical",34.8813454127087,48.4122565696551,"calibration"
"1002",2009,44.6,38.6157120751684,2008,16,"hierarchical",31.8502564966952,45.3811676536416,"calibration"
"1003",2009,37.9,32.2247660369977,2008,16,"hierarchical",25.4593104585245,38.9902216154709,"calibration"
"1004",2009,35,36.7126449796734,2008,16,"hierarchical",29.9471894012002,43.4781005581466,"calibration"
"1005",2009,44.6,33.4219397158208,2008,16,"hierarchical",26.6564841373476,40.187395294294,"calibration"
"1006",2009,32.7,34.2527837670938,2008,16,"hierarchical",27.4873281886207,41.018239345567,"calibration"
"1007",2009,34.9,34.3880047256298,2008,16,"hierarchical",27.6225491471566,41.1534603041029,"calibration"
"1008",2009,52.4,47.8881138214915,2008,16,"hierarchical",41.1226582430183,54.6535693999646,"calibration"
"1009",2009,33.1,34.16704056014,2008,16,"hierarchical",27.4015849816668,40.9324961386132,"calibration"
"1010",2009,30.8,29.9912540564671,2008,16,"hierarchical",23.2257984779939,36.7567096349403,"calibration"
"1011",2009,48.3,44.0698864771868,2008,16,"hierarchical",37.3044308987137,50.83534205566,"calibration"
"1012",2009,38,36.146921527603,2008,16,"hierarchical",29.3814659491299,42.9123771060762,"calibration"
"1013",2009,32.8,34.0091189950682,2008,16,"hierarchical",27.243663416595,40.7745745735413,"calibration"
"1014",2009,41.9,38.5507404057417,2008,16,"hierarchical",31.7852848272685,45.3161959842149,"calibration"
"1015",2009,47,36.9548411646138,2008,16,"hierarchical",30.1893855861406,43.7202967430869,"calibration"
"1016",2009,50.1,38.8109002980323,2008,16,"hierarchical",32.0454447195591,45.5763558765055,"calibration"
"1001",2010,51.3,43.9231460195907,2009,16,"hierarchical",37.1576904411175,50.6886015980638,"calibration"
"1002",2010,44.7,42.5798648180775,2009,16,"hierarchical",35.8144092396043,49.3453203965507,"calibration"
"1003",2010,38.5,38.8879445279828,2009,16,"hierarchical",32.1224889495097,45.653400106456,"calibration"
"1004",2010,37.2,34.9215988657515,2009,16,"hierarchical",28.1561432872783,41.6870544442246,"calibration"
"1005",2010,45.5,42.3438519678771,2009,16,"hierarchical",35.5783963894039,49.1093075463502,"calibration"
"1006",2010,32,35.1946857967411,2009,16,"hierarchical",28.429230218268,41.9601413752143,"calibration"
"1007",2010,34.6,37.9604251790513,2009,16,"hierarchical",31.1949696005781,44.7258807575245,"calibration"
"1008",2010,54.8,51.3785802480062,2009,16,"hierarchical",44.613124669533,58.1440358264793,"calibration"
"1009",2010,37.7,34.8247048720768,2009,16,"hierarchical",28.0592492936036,41.59016045055,"calibration"
"1010",2010,33.4,30.2970277191716,2009,16,"hierarchical",23.5315721406984,37.0624832976447,"calibration"
"1011",2010,47.5,45.7301688221248,2009,16,"hierarchical",38.9647132436516,52.4956244005979,"calibration"
"1012",2010,35.7,42.4654555784732,2009,16,"hierarchical",35.7,49.2309111569463,"calibration"
"1013",2010,28,35.5372834547314,2009,16,"hierarchical",28.7718278762582,42.3027390332046,"calibration"
"1014",2010,49,40.8937696394485,2009,16,"hierarchical",34.1283140609754,47.6592252179217,"calibration"
"1015",2010,45.8,44.3504918739525,2009,16,"hierarchical",37.5850362954794,51.1159474524257,"calibration"
"1016",2010,54.4,47.3037419740028,2009,16,"hierarchical",40.5382863955297,54.069197552476,"calibration"
"1001",2011,48.1,45.6464539734233,2010,16,"hierarchical",38.8809983949501,52.4119095518965,"calibration"
"1002",2011,43.4,42.7422080813824,2010,16,"hierarchical",35.9767525029092,49.5076636598556,"calibration"
"1003",2011,38.6,38.121136162962,2010,16,"hierarchical",31.3556805844889,44.8865917414352,"calibration"
"1004",2011,36.2,36.8586906057171,2010,16,"hierarchical",30.0932350272439,43.6241461841903,"calibration"
"1005",2011,34.1,41.4020313529646,2010,16,"hierarchical",34.6365757744914,48.1674869314378,"calibration"
"1006",2011,35.2,34.7072736477946,2010,16,"hierarchical",27.9418180693214,41.4727292262677,"calibration"
"1007",2011,32.2,33.7516904353968,2010,16,"hierarchical",26.9862348569236,40.51714601387,"calibration"
"1008",2011,58.1,50.0778412159807,2010,16,"hierarchical",43.3123856375075,56.8432967944539,"calibration"
"1009",2011,32.9,36.5499663655166,2010,16,"hierarchical",29.7845107870435,43.3154219439898,"calibration"
"1010",2011,30.4,34.3891811050623,2010,16,"hierarchical",27.6237255265891,41.1546366835355,"calibration"
"1011",2011,48.1,45.568649976458,2010,16,"hierarchical",38.8031943979849,52.3341055549312,"calibration"
"1012",2011,42.2,36.7137514622127,2010,16,"hierarchical",29.9482958837395,43.4792070406858,"calibration"
"1013",2011,31.3,30.2901106396865,2010,16,"hierarchical",23.5246550612134,37.0555662181597,"calibration"
"1014",2011,42,44.8224019500547,2010,16,"hierarchical",38.0569463715815,51.5878575285278,"calibration"
"1015",2011,41.1,42.8080379023643,2010,16,"hierarchical",36.0425823238912,49.5734934808375,"calibration"
"1016",2011,41.9,47.980357635658,2010,16,"hierarchical",41.2149020571849,54.7458132141312,"calibration"
"1001",2009,45,44.205833059307,2008,16,"stress_lag",38.8274097441922,49.5842563744217,"calibration"
"1002",2009,44.6,42.1729442050679,2008,16,"stress_lag",36.7945208899531,47.5513675201826,"calibration"
"1003",2009,37.9,37.0265735646809,2008,16,"stress_lag",31.6481502495661,42.4049968797957,"calibration"
"1004",2009,35,36.8697027639082,2008,16,"stress_lag",31.4912794487934,42.248126079023,"calibration"
"1005",2009,44.6,35.4464799253229,2008,16,"stress_lag",30.0680566102081,40.8249032404376,"calibration"
"1006",2009,32.7,36.2478550753905,2008,16,"stress_lag",30.8694317602758,41.6262783905053,"calibration"
"1007",2009,34.9,36.7344713085239,2008,16,"stress_lag",31.3560479934091,42.1128946236387,"calibration"
"1008",2009,52.4,51.0750773768293,2008,16,"stress_lag",45.6966540617146,56.4535006919441,"calibration"
"1009",2009,33.1,35.1794356597224,2008,16,"stress_lag",29.8010123446076,40.5578589748372,"calibration"
"1010",2009,30.8,33.5898643971909,2008,16,"stress_lag",28.2114410820761,38.9682877123056,"calibration"
"1011",2009,48.3,45.6837836242967,2008,16,"stress_lag",40.3053603091819,51.0622069394115,"calibration"
"1012",2009,38,39.6762636941065,2008,16,"stress_lag",34.2978403789917,45.0546870092212,"calibration"
"1013",2009,32.8,35.7472453354648,2008,16,"stress_lag",30.36882202035,41.1256686505796,"calibration"
"1014",2009,41.9,42.5253725066231,2008,16,"stress_lag",37.1469491915083,47.9037958217379,"calibration"
"1015",2009,47,41.0267964542136,2008,16,"stress_lag",35.6483731390989,46.4052197693284,"calibration"
"1016",2009,50.1,41.4039253131407,2008,16,"stress_lag",36.0255019980259,46.7823486282555,"calibration"
"1001",2010,51.3,44.8182200947596,2009,16,"stress_lag",39.4397967796448,50.1966434098744,"calibration"
"1002",2010,44.7,43.8872762734475,2009,16,"stress_lag",38.5088529583328,49.2656995885623,"calibration"
"1003",2010,38.5,37.9937319925107,2009,16,"stress_lag",32.6153086773959,43.3721553076255,"calibration"
"1004",2010,37.2,36.9286761805816,2009,16,"stress_lag",31.5502528654668,42.3070994956964,"calibration"
"1005",2010,45.5,40.4575023051995,2009,16,"stress_lag",35.0790789900847,45.8359256203142,"calibration"
"1006",2010,32,32.7742385070546,2009,16,"stress_lag",27.3958151919398,38.1526618221693,"calibration"
"1007",2010,34.6,36.8668780909905,2009,16,"stress_lag",31.4884547758757,42.2453014061053,"calibration"
"1008",2010,54.8,50.8379863381658,2009,16,"stress_lag",45.4595630230511,56.2164096532806,"calibration"
"1009",2010,37.7,35.2896017196648,2009,16,"stress_lag",29.91117840455,40.6680250347796,"calibration"
"1010",2010,33.4,32.8357067245138,2009,16,"stress_lag",27.457283409399,38.2141300396285,"calibration"
"1011",2010,47.5,47.0087490383322,2009,16,"stress_lag",41.6303257232174,52.387172353447,"calibration"
"1012",2010,35.7,39.8935188472534,2009,16,"stress_lag",34.5150955321387,45.2719421623682,"calibration"
"1013",2010,28,35.7225479325527,2009,16,"stress_lag",30.3441246174379,41.1009712476674,"calibration"
"1014",2010,49,41.6082207476826,2009,16,"stress_lag",36.2297974325678,46.9866440627974,"calibration"
"1015",2010,45.8,44.5986184919173,2009,16,"stress_lag",39.2201951768025,49.977041807032,"calibration"
"1016",2010,54.4,45.3177429880914,2009,16,"stress_lag",39.9393196729767,50.6961663032062,"calibration"
"1001",2011,48.1,47.2502021144297,2010,16,"stress_lag",41.871778799315,52.6286254295445,"calibration"
"1002",2011,43.4,43.2991112910673,2010,16,"stress_lag",37.9206879759525,48.6775346061821,"calibration"
"1003",2011,38.6,39.6067772261305,2010,16,"stress_lag",34.2283539110157,44.9852005412453,"calibration"
"1004",2011,36.2,39.0122425077553,2010,16,"stress_lag",33.6338191926405,44.3906658228701,"calibration"
"1005",2011,34.1,40.9063040676712,2010,16,"stress_lag",35.5278807525565,46.284727382786,"calibration"
"1006",2011,35.2,38.3760385774877,2010,16,"stress_lag",32.9976152623729,43.7544618926025,"calibration"
"1007",2011,32.2,36.1454575768173,2010,16,"stress_lag",30.7670342617025,41.523880891932,"calibration"
"1008",2011,58.1,53.3511421012376,2010,16,"stress_lag",47.9727187861228,58.7295654163524,"calibration"
"1009",2011,32.9,38.2784233151148,2010,16,"stress_lag",32.9,43.6568466302295,"calibration"
"1010",2011,30.4,33.9844101153927,2010,16,"stress_lag",28.6059868002779,39.3628334305075,"calibration"
"1011",2011,48.1,46.2819439392061,2010,16,"stress_lag",40.9035206240913,51.6603672543209,"calibration"
"1012",2011,42.2,40.7924576208201,2010,16,"stress_lag",35.4140343057053,46.1708809359349,"calibration"
"1013",2011,31.3,33.6115025843037,2010,16,"stress_lag",28.2330792691889,38.9899258994185,"calibration"
"1014",2011,42,44.6448742421621,2010,16,"stress_lag",39.2664509270473,50.0232975572769,"calibration"
"1015",2011,41.1,43.9611670563129,2010,16,"stress_lag",38.5827437411982,49.3395903714277,"calibration"
"1016",2011,41.9,47.7438293472786,2010,16,"stress_lag",42.3654060321639,53.1222526623934,"calibration"
"1001",2009,45,42.4929249568047,2008,16,"anomaly_linear",35.283346258052,49.7025036555574,"calibration"
"1002",2009,44.6,39.9162273716853,2008,16,"anomaly_linear",32.7066486729326,47.1258060704379,"calibration"
"1003",2009,37.9,34.9719315414984,2008,16,"anomaly_linear",27.7623528427457,42.1815102402511,"calibration"
"1004",2009,35,37.52583132752,2008,16,"anomaly_linear",30.3162526287673,44.7354100262726,"calibration"
"1005",2009,44.6,34.1808770633757,2008,16,"anomaly_linear",26.971298364623,41.3904557621283,"calibration"
"1006",2009,32.7,35.5198429999389,2008,16,"anomaly_linear",28.3102643011862,42.7294216986915,"calibration"
"1007",2009,34.9,35.7702754224076,2008,16,"anomaly_linear",28.5606967236549,42.9798541211602,"calibration"
"1008",2009,52.4,50.8393986008308,2008,16,"anomaly_linear",43.6298199020782,58.0489772995835,"calibration"
"1009",2009,33.1,35.4631431154253,2008,16,"anomaly_linear",28.2535644166727,42.672721814178,"calibration"
"1010",2009,30.8,32.9433408757518,2008,16,"anomaly_linear",25.7337621769991,40.1529195745044,"calibration"
"1011",2009,48.3,42.9846261663471,2008,16,"anomaly_linear",35.7750474675944,50.1942048650997,"calibration"
"1012",2009,38,39.6860701689321,2008,16,"anomaly_linear",32.4764914701794,46.8956488676847,"calibration"
"1013",2009,32.8,35.9905278040292,2008,16,"anomaly_linear",28.7809491052765,43.2001065027818,"calibration"
"1014",2009,41.9,40.9265299838738,2008,16,"anomaly_linear",33.7169512851211,48.1361086826265,"calibration"
"1015",2009,47,38.2263136526144,2008,16,"anomaly_linear",31.0167349538617,45.435892351367,"calibration"
"1016",2009,50.1,38.9986610434469,2008,16,"anomaly_linear",31.7890823446943,46.2082397421996,"calibration"
"1001",2010,51.3,42.4528801338726,2009,16,"anomaly_linear",35.2433014351199,49.6624588326252,"calibration"
"1002",2010,44.7,42.2710069553491,2009,16,"anomaly_linear",35.0614282565964,49.4805856541017,"calibration"
"1003",2010,38.5,37.764674797721,2009,16,"anomaly_linear",30.5550960989683,44.9742534964736,"calibration"
"1004",2010,37.2,35.7513845056555,2009,16,"anomaly_linear",28.5418058069028,42.9609632044081,"calibration"
"1005",2010,45.5,42.140284557495,2009,16,"anomaly_linear",34.9307058587424,49.3498632562477,"calibration"
"1006",2010,32,34.4132379779753,2009,16,"anomaly_linear",27.2036592792226,41.6228166767279,"calibration"
"1007",2010,34.6,35.6902703149063,2009,16,"anomaly_linear",28.4806916161536,42.899849013659,"calibration"
"1008",2010,54.8,47.5904213012473,2009,16,"anomaly_linear",40.3808426024947,54.8,"calibration"
"1009",2010,37.7,34.5558022634673,2009,16,"anomaly_linear",27.3462235647147,41.76538096222,"calibration"
"1010",2010,33.4,32.8869540265495,2009,16,"anomaly_linear",25.6773753277969,40.0965327253022,"calibration"
"1011",2010,47.5,44.7296604516488,2009,16,"anomaly_linear",37.5200817528962,51.9392391504015,"calibration"
"1012",2010,35.7,37.921771884668,2009,16,"anomaly_linear",30.7121931859154,45.1313505834207,"calibration"
"1013",2010,28,34.3366629173874,2009,16,"anomaly_linear",27.1270842186347,41.54624161614,"calibration"
"1014",2010,49,40.4362719716061,2009,16,"anomaly_linear",33.2266932728534,47.6458506703587,"calibration"
"1015",2010,45.8,43.8629420895901,2009,16,"anomaly_linear",36.6533633908375,51.0725207883428,"calibration"
"1016",2010,54.4,45.9485682529401,2009,16,"anomaly_linear",38.7389895541874,53.1581469516928,"calibration"
"1001",2011,48.1,47.578124018801,2010,16,"anomaly_linear",40.3685453200483,54.7877027175537,"calibration"
"1002",2011,43.4,42.8684486749038,2010,16,"anomaly_linear",35.6588699761512,50.0780273736565,"calibration"
"1003",2011,38.6,38.3614507819454,2010,16,"anomaly_linear",31.1518720831927,45.571029480698,"calibration"
"1004",2011,36.2,37.5224809554654,2010,16,"anomaly_linear",30.3129022567127,44.7320596542181,"calibration"
"1005",2011,34.1,43.361009339464,2010,16,"anomaly_linear",36.1514306407114,50.5705880382167,"calibration"
"1006",2011,35.2,33.6550878246375,2010,16,"anomaly_linear",26.4455091258849,40.8646665233902,"calibration"
"1007",2011,32.2,35.5613103731389,2010,16,"anomaly_linear",28.3517316743863,42.7708890718916,"calibration"
"1008",2011,58.1,50.0674323028514,2010,16,"anomaly_linear",42.8578536040987,57.2770110016041,"calibration"
"1009",2011,32.9,37.8156087704168,2010,16,"anomaly_linear",30.6060300716641,45.0251874691694,"calibration"
"1010",2011,30.4,34.8042760475293,2010,16,"anomaly_linear",27.5946973487766,42.0138547462819,"calibration"
"1011",2011,48.1,44.9062327361572,2010,16,"anomaly_linear",37.6966540374045,52.1158114349098,"calibration"
"1012",2011,42.2,36.346548387072,2010,16,"anomaly_linear",29.1369696883193,43.5561270858246,"calibration"
"1013",2011,31.3,30.8724690869916,2010,16,"anomaly_linear",23.6628903882389,38.0820477857443,"calibration"
"1014",2011,42,45.9525766258654,2010,16,"anomaly_linear",38.7429979271128,53.1621553246181,"calibration"
"1015",2011,41.1,43.6268777898013,2010,16,"anomaly_linear",36.4172990910486,50.8364564885539,"calibration"
"1016",2011,41.9,49.7226895653204,2010,16,"anomaly_linear",42.5131108665678,56.9322682640731,"calibration"
"1001",2009,45,44.4623481408705,2008,16,"anomaly_tails",39.0170237056466,49.9076725760944,"calibration"
"1002",2009,44.6,43.0635354469469,2008,16,"anomaly_tails",37.618211011723,48.5088598821708,"calibration"
"1003",2009,37.9,37.4229933638195,2008,16,"anomaly_tails",31.9776689285956,42.8683177990435,"calibration"
"1004",2009,35,37.4554880138951,2008,16,"anomaly_tails",32.0101635786711,42.900812449119,"calibration"
"1005",2009,44.6,36.0113722508298,2008,16,"anomaly_tails",30.5660478156058,41.4566966860537,"calibration"
"1006",2009,32.7,36.4969798281327,2008,16,"anomaly_tails",31.0516553929087,41.9423042633566,"calibration"
"1007",2009,34.9,36.9829585878601,2008,16,"anomaly_tails",31.5376341526362,42.428283023084,"calibration"
"1008",2009,52.4,51.8094067649686,2008,16,"anomaly_tails",46.3640823297447,57.2547312001926,"calibration"
"1009",2009,33.1,35.8943440388196,2008,16,"anomaly_tails",30.4490196035957,41.3396684740435,"calibration"
"1010",2009,30.8,33.7776206246344,2008,16,"anomaly_tails",28.3322961894105,39.2229450598584,"calibration"
"1011",2009,48.3,46.6285412893953,2008,16,"anomaly_tails",41.1832168541713,52.0738657246192,"calibration"
"1012",2009,38,40.732787296054,2008,16,"anomaly_tails",35.28746286083,46.1781117312779,"calibration"
"1013",2009,32.8,36.4660370699976,2008,16,"anomaly_tails",31.0207126347737,41.9113615052216,"calibration"
"1014",2009,41.9,43.0051204341031,2008,16,"anomaly_tails",37.5597959988792,48.450444869327,"calibration"
"1015",2009,47,41.5546755647761,2008,16,"anomaly_tails",36.1093511295521,47,"calibration"
"1016",2009,50.1,41.7872526002135,2008,16,"anomaly_tails",36.3419281649896,47.2325770354375,"calibration"
"1001",2010,51.3,44.706915944598,2009,16,"anomaly_tails",39.261591509374,50.1522403798219,"calibration"
"1002",2010,44.7,43.4815093155755,2009,16,"anomaly_tails",38.0361848803515,48.9268337507994,"calibration"
"1003",2010,38.5,37.5836829362077,2009,16,"anomaly_tails",32.1383585009838,43.0290073714317,"calibration"
"1004",2010,37.2,36.8207887416797,2009,16,"anomaly_tails",31.3754643064558,42.2661131769037,"calibration"
"1005",2010,45.5,39.9507567992744,2009,16,"anomaly_tails",34.5054323640504,45.3960812344983,"calibration"
"1006",2010,32,32.6291168416706,2009,16,"anomaly_tails",27.1837924064466,38.0744412768945,"calibration"
"1007",2010,34.6,36.293319522313,2009,16,"anomaly_tails",30.8479950870891,41.738643957537,"calibration"
"1008",2010,54.8,50.6345097420742,2009,16,"anomaly_tails",45.1891853068503,56.0798341772981,"calibration"
"1009",2010,37.7,35.228068885254,2009,16,"anomaly_tails",29.78274445003,40.6733933204779,"calibration"
"1010",2010,33.4,32.643602996763,2009,16,"anomaly_tails",27.198278561539,38.0889274319869,"calibration"
"1011",2010,47.5,46.4448321459687,2009,16,"anomaly_tails",40.9995077107447,51.8901565811926,"calibration"
"1012",2010,35.7,39.6568988069896,2009,16,"anomaly_tails",34.2115743717656,45.1022232422135,"calibration"
"1013",2010,28,35.4631998624642,2009,16,"anomaly_tails",30.0178754272403,40.9085242976882,"calibration"
"1014",2010,49,41.3325502560444,2009,16,"anomaly_tails",35.8872258208205,46.7778746912683,"calibration"
"1015",2010,45.8,44.3054789210156,2009,16,"anomaly_tails",38.8601544857917,49.7508033562395,"calibration"
"1016",2010,54.4,44.8629511265661,2009,16,"anomaly_tails",39.4176266913422,50.3082755617901,"calibration"
"1001",2011,48.1,47.2261428372564,2010,16,"anomaly_tails",41.7808184020325,52.6714672724803,"calibration"
"1002",2011,43.4,43.2078795172278,2010,16,"anomaly_tails",37.7625550820038,48.6532039524517,"calibration"
"1003",2011,38.6,39.4304205820936,2010,16,"anomaly_tails",33.9850961468697,44.8757450173175,"calibration"
"1004",2011,36.2,38.9442102248954,2010,16,"anomaly_tails",33.4988857896715,44.3895346601194,"calibration"
"1005",2011,34.1,40.9074824898058,2010,16,"anomaly_tails",35.4621580545819,46.3528069250297,"calibration"
"1006",2011,35.2,38.0056312840215,2010,16,"anomaly_tails",32.5603068487976,43.4509557192455,"calibration"
"1007",2011,32.2,36.2409571997211,2010,16,"anomaly_tails",30.7956327644972,41.686281634945,"calibration"
"1008",2011,58.1,53.2526097166047,2010,16,"anomaly_tails",47.8072852813808,58.6979341518286,"calibration"
"1009",2011,32.9,37.9695830078395,2010,16,"anomaly_tails",32.5242585726156,43.4149074430634,"calibration"
"1010",2011,30.4,33.9573115482014,2010,16,"anomaly_tails",28.5119871129775,39.4026359834253,"calibration"
"1011",2011,48.1,46.174096396695,2010,16,"anomaly_tails",40.7287719614711,51.619420831919,"calibration"
"1012",2011,42.2,40.6994724931039,2010,16,"anomaly_tails",35.25414805788,46.1447969283278,"calibration"
"1013",2011,31.3,33.4966516411046,2010,16,"anomaly_tails",28.0513272058807,38.9419760763286,"calibration"
"1014",2011,42,44.683243391425,2010,16,"anomaly_tails",39.2379189562011,50.1285678266489,"calibration"
"1015",2011,41.1,43.8570463187388,2010,16,"anomaly_tails",38.4117218835148,49.3023707539627,"calibration"
"1016",2011,41.9,47.9065355680999,2010,16,"anomaly_tails",42.461211132876,53.3518600033239,"calibration"
"1001",2009,45,42.6010753418313,2008,16,"stress_unsmoothed",35.7018594113151,49.5002912723476,"calibration"
"1002",2009,44.6,40.0067886341229,2008,16,"stress_unsmoothed",33.1075727036066,46.9060045646392,"calibration"
"1003",2009,37.9,34.9242647229663,2008,16,"stress_unsmoothed",28.02504879245,41.8234806534826,"calibration"
"1004",2009,35,37.4475908912501,2008,16,"stress_unsmoothed",30.5483749607338,44.3468068217664,"calibration"
"1005",2009,44.6,34.0759354632708,2008,16,"stress_unsmoothed",27.1767195327545,40.975151393787,"calibration"
"1006",2009,32.7,35.4531406407107,2008,16,"stress_unsmoothed",28.5539247101945,42.352356571227,"calibration"
"1007",2009,34.9,35.680214284191,2008,16,"stress_unsmoothed",28.7809983536747,42.5794302147073,"calibration"
"1008",2009,52.4,51.1464757170732,2008,16,"stress_unsmoothed",44.2472597865569,58.0456916475895,"calibration"
"1009",2009,33.1,35.3672923725276,2008,16,"stress_unsmoothed",28.4680764420113,42.2665083030438,"calibration"
"1010",2009,30.8,32.8148714063351,2008,16,"stress_unsmoothed",25.9156554758188,39.7140873368513,"calibration"
"1011",2009,48.3,43.2109610351213,2008,16,"stress_unsmoothed",36.311745104605,50.1101769656376,"calibration"
"1012",2009,38,39.728693390008,2008,16,"stress_unsmoothed",32.8294774594918,46.6279093205243,"calibration"
"1013",2009,32.8,35.9243243291315,2008,16,"stress_unsmoothed",29.0251083986152,42.8235402596478,"calibration"
"1014",2009,41.9,41.0372423355684,2008,16,"stress_unsmoothed",34.1380264050521,47.9364582660847,"calibration"
"1015",2009,47,38.2409342383131,2008,16,"stress_unsmoothed",31.3417183077968,45.1401501688294,"calibration"
"1016",2009,50.1,39.042008435167,2008,16,"stress_unsmoothed",32.1427925046507,45.9412243656833,"calibration"
"1001",2010,51.3,42.5757369684671,2009,16,"stress_unsmoothed",35.6765210379508,49.4749528989834,"calibration"
"1002",2010,44.7,42.4495986513118,2009,16,"stress_unsmoothed",35.5503827207955,49.3488145818281,"calibration"
"1003",2010,38.5,37.8460132639009,2009,16,"stress_unsmoothed",30.9467973333846,44.7452291944171,"calibration"
"1004",2010,37.2,35.5846124452354,2009,16,"stress_unsmoothed",28.6853965147191,42.4838283757516,"calibration"
"1005",2010,45.5,42.3195973660696,2009,16,"stress_unsmoothed",35.4203814355534,49.2188132965859,"calibration"
"1006",2010,32,34.3254423909601,2009,16,"stress_unsmoothed",27.4262264604439,41.2246583214764,"calibration"
"1007",2010,34.6,35.7073112914328,2009,16,"stress_unsmoothed",28.8080953609165,42.606527221949,"calibration"
"1008",2010,54.8,47.9007840694837,2009,16,"stress_unsmoothed",41.0015681389675,54.8,"calibration"
"1009",2010,37.7,34.376761769025,2009,16,"stress_unsmoothed",27.4775458385088,41.2759776995413,"calibration"
"1010",2010,33.4,32.7817614343703,2009,16,"stress_unsmoothed",25.882545503854,39.6809773648866,"calibration"
"1011",2010,47.5,44.8968240263971,2009,16,"stress_unsmoothed",37.9976080958808,51.7960399569134,"calibration"
"1012",2010,35.7,38.0223437705672,2009,16,"stress_unsmoothed",31.1231278400509,44.9215597010835,"calibration"
"1013",2010,28,34.2506024317721,2009,16,"stress_unsmoothed",27.3513865012558,41.1498183622883,"calibration"
"1014",2010,49,40.5590219460963,2009,16,"stress_unsmoothed",33.6598060155801,47.4582378766126,"calibration"
"1015",2010,45.8,44.1032555070235,2009,16,"stress_unsmoothed",37.2040395765072,51.0024714375398,"calibration"
"1016",2010,54.4,46.2139965236567,2009,16,"stress_unsmoothed",39.3147805931405,53.113212454173,"calibration"
"1001",2011,48.1,47.4632373168061,2010,16,"stress_unsmoothed",40.5640213862899,54.3624532473224,"calibration"
"1002",2011,43.4,42.5895995393667,2010,16,"stress_unsmoothed",35.6903836088504,49.488815469883,"calibration"
"1003",2011,38.6,38.1276558026525,2010,16,"stress_unsmoothed",31.2284398721363,45.0268717331688,"calibration"
"1004",2011,36.2,37.423646372888,2010,16,"stress_unsmoothed",30.5244304423717,44.3228623034042,"calibration"
"1005",2011,34.1,43.0916766098621,2010,16,"stress_unsmoothed",36.1924606793458,49.9908925403783,"calibration"
"1006",2011,35.2,33.4294573486866,2010,16,"stress_unsmoothed",26.5302414181703,40.3286732792028,"calibration"
"1007",2011,32.2,35.2359392104491,2010,16,"stress_unsmoothed",28.3367232799329,42.1351551409654,"calibration"
"1008",2011,58.1,50.0619095365958,2010,16,"stress_unsmoothed",43.1626936060795,56.961125467112,"calibration"
"1009",2011,32.9,37.6933239661279,2010,16,"stress_unsmoothed",30.7941080356116,44.5925398966442,"calibration"
"1010",2011,30.4,34.5012162443442,2010,16,"stress_unsmoothed",27.602000313828,41.4004321748605,"calibration"
"1011",2011,48.1,44.7018500994196,2010,16,"stress_unsmoothed",37.8026341689033,51.6010660299358,"calibration"
"1012",2011,42.2,36.0640832821269,2010,16,"stress_unsmoothed",29.1648673516107,42.9632992126432,"calibration"
"1013",2011,31.3,30.4991559776474,2010,16,"stress_unsmoothed",23.5999400471311,37.3983719081637,"calibration"
"1014",2011,42,45.826361404081,2010,16,"stress_unsmoothed",38.9271454735647,52.7255773345973,"calibration"
"1015",2011,41.1,43.4254493765847,2010,16,"stress_unsmoothed",36.5262334460684,50.3246653071009,"calibration"
"1016",2011,41.9,49.6852553447949,2010,16,"stress_unsmoothed",42.7860394142786,56.5844712753112,"calibration"
"1001",2009,45,43.7475610851631,2008,16,"stress_no_region",37.649468642065,49.8456535282612,"calibration"
"1002",2009,44.6,40.9438364762336,2008,16,"stress_no_region",34.8457440331355,47.0419289193317,"calibration"
"1003",2009,37.9,36.0021337082736,2008,16,"stress_no_region",29.9040412651755,42.1002261513717,"calibration"
"1004",2009,35,37.9335922495432,2008,16,"stress_no_region",31.8354998064451,44.0316846926413,"calibration"
"1005",2009,44.6,34.4545154200795,2008,16,"stress_no_region",28.3564229769814,40.5526078631776,"calibration"
"1006",2009,32.7,36.3946597753169,2008,16,"stress_no_region",30.2965673322188,42.492752218415,"calibration"
"1007",2009,34.9,36.3745030795619,2008,16,"stress_no_region",30.2764106364638,42.47259552266,"calibration"
"1008",2009,52.4,52.6758956052749,2008,16,"stress_no_region",46.5778031621768,58.773988048373,"calibration"
"1009",2009,33.1,35.602218964397,2008,16,"stress_no_region",29.5041265212989,41.7003114074951,"calibration"
"1010",2009,30.8,33.2882952776078,2008,16,"stress_no_region",27.1902028345097,39.3863877207059,"calibration"
"1011",2009,48.3,44.3543291607703,2008,16,"stress_no_region",38.2562367176722,50.4524216038684,"calibration"
"1012",2009,38,40.2612819508961,2008,16,"stress_no_region",34.163189507798,46.3593743939942,"calibration"
"1013",2009,32.8,36.4248985873018,2008,16,"stress_no_region",30.3268061442037,42.5229910303999,"calibration"
"1014",2009,41.9,42.1926431349884,2008,16,"stress_no_region",36.0945506918903,48.2907355780865,"calibration"
"1015",2009,47,39.0960920752067,2008,16,"stress_no_region",32.9979996321086,45.1941845183048,"calibration"
"1016",2009,50.1,40.0401179974007,2008,16,"stress_no_region",33.9420255543026,46.1382104404988,"calibration"
"1001",2010,51.3,42.9878027091694,2009,16,"stress_no_region",36.8897102660713,49.0858951522675,"calibration"
"1002",2010,44.7,42.8034828071345,2009,16,"stress_no_region",36.7053903640364,48.9015752502326,"calibration"
"1003",2010,38.5,38.0313707204946,2009,16,"stress_no_region",31.9332782773965,44.1294631635927,"calibration"
"1004",2010,37.2,36.0539455682322,2009,16,"stress_no_region",29.9558531251341,42.1520380113303,"calibration"
"1005",2010,45.5,42.5480638353982,2009,16,"stress_no_region",36.4499713923001,48.6461562784963,"calibration"
"1006",2010,32,33.7070261323322,2009,16,"stress_no_region",27.6089336892341,39.8051185754303,"calibration"
"1007",2010,34.6,35.4643273515087,2009,16,"stress_no_region",29.3662349084106,41.5624197946068,"calibration"
"1008",2010,54.8,48.7794314101541,2009,16,"stress_no_region",42.681338967056,54.8775238532522,"calibration"
"1009",2010,37.7,34.6767009112929,2009,16,"stress_no_region",28.5786084681948,40.774793354391,"calibration"
"1010",2010,33.4,32.7645625782743,2009,16,"stress_no_region",26.6664701351762,38.8626550213724,"calibration"
"1011",2010,47.5,45.3359431191727,2009,16,"stress_no_region",39.2378506760746,51.4340355622708,"calibration"
"1012",2010,35.7,38.2229159279987,2009,16,"stress_no_region",32.1248234849006,44.3210083710968,"calibration"
"1013",2010,28,34.6613338776057,2009,16,"stress_no_region",28.5632414345076,40.7594263207038,"calibration"
"1014",2010,49,40.6344715535116,2009,16,"stress_no_region",34.5363791104134,46.7325639966097,"calibration"
"1015",2010,45.8,44.7138549203291,2009,16,"stress_no_region",38.615762477231,50.8119473634272,"calibration"
"1016",2010,54.4,46.6725352353632,2009,16,"stress_no_region",40.5744427922651,52.7706276784613,"calibration"
"1001",2011,48.1,49.1530056038755,2010,16,"stress_no_region",43.0549131607774,55.2510980469736,"calibration"
"1002",2011,43.4,43.6915530091174,2010,16,"stress_no_region",37.5934605660193,49.7896454522155,"calibration"
"1003",2011,38.6,39.4111036949069,2010,16,"stress_no_region",33.3130112518088,45.509196138005,"calibration"
"1004",2011,36.2,38.4825012293285,2010,16,"stress_no_region",32.3844087862304,44.5805936724266,"calibration"
"1005",2011,34.1,44.4771728008209,2010,16,"stress_no_region",38.3790803577228,50.575265243919,"calibration"
"1006",2011,35.2,35.0237444097222,2010,16,"stress_no_region",28.9256519666241,41.1218368528203,"calibration"
"1007",2011,32.2,36.253685539975,2010,16,"stress_no_region",30.1555930968769,42.3517779830731,"calibration"
"1008",2011,58.1,52.0019075569019,2010,16,"stress_no_region",45.9038151138038,58.1,"calibration"
"1009",2011,32.9,38.6057955665777,2010,16,"stress_no_region",32.5077031234796,44.7038880096758,"calibration"
"1010",2011,30.4,35.1142369641026,2010,16,"stress_no_region",29.0161445210045,41.2123294072007,"calibration"
"1011",2011,48.1,45.9488476858663,2010,16,"stress_no_region",39.8507552427682,52.0469401289644,"calibration"
"1012",2011,42.2,37.5026414190785,2010,16,"stress_no_region",31.4045489759804,43.6007338621766,"calibration"
"1013",2011,31.3,31.061273980742,2010,16,"stress_no_region",24.9631815376439,37.1593664238401,"calibration"
"1014",2011,42,47.1593901885145,2010,16,"stress_no_region",41.0612977454164,53.2574826316126,"calibration"
"1015",2011,41.1,44.5661721889304,2010,16,"stress_no_region",38.4680797458323,50.6642646320285,"calibration"
"1016",2011,41.9,51.521509215745,2010,16,"stress_no_region",45.4234167726469,57.6196016588431,"calibration"
"1001",2009,45,45.2205406441268,2008,16,"threshold_0.5",40.3207308497945,50.1203504384591,"calibration"
"1002",2009,44.6,43.6809354766178,2008,16,"threshold_0.5",38.7811256822855,48.5807452709501,"calibration"
"1003",2009,37.9,37.2778331517639,2008,16,"threshold_0.5",32.3780233574316,42.1776429460962,"calibration"
"1004",2009,35,35.1664737381402,2008,16,"threshold_0.5",30.2666639438079,40.0662835324725,"calibration"
"1005",2009,44.6,35.2521472243942,2008,16,"threshold_0.5",30.3523374300619,40.1519570187265,"calibration"
"1006",2009,32.7,35.6211753279379,2008,16,"threshold_0.5",30.7213655336056,40.5209851222703,"calibration"
"1007",2009,34.9,36.2690616295279,2008,16,"threshold_0.5",31.3692518351956,41.1688714238602,"calibration"
"1008",2009,52.4,51.9214985657745,2008,16,"threshold_0.5",47.0216887714422,56.8213083601069,"calibration"
"1009",2009,33.1,35.4101245465201,2008,16,"threshold_0.5",30.5103147521878,40.3099343408524,"calibration"
"1010",2009,30.8,32.2251253177501,2008,16,"threshold_0.5",27.3253155234178,37.1249351120824,"calibration"
"1011",2009,48.3,49.6643862941638,2008,16,"threshold_0.5",44.7645764998314,54.5641960884961,"calibration"
"1012",2009,38,39.0389296185438,2008,16,"threshold_0.5",34.1391198242115,43.9387394128762,"calibration"
"1013",2009,32.8,34.172416165158,2008,16,"threshold_0.5",29.2726063708256,39.0722259594903,"calibration"
"1014",2009,41.9,42.8389760128436,2008,16,"threshold_0.5",37.9391662185112,47.7387858071759,"calibration"
"1015",2009,47,42.6497069681273,2008,16,"threshold_0.5",37.749897173795,47.5495167624596,"calibration"
"1016",2009,50.1,42.1730281304501,2008,16,"threshold_0.5",37.2732183361178,47.0728379247824,"calibration"
"1001",2010,51.3,48.1316405728942,2009,16,"threshold_0.5",43.2318307785619,53.0314503672265,"calibration"
"1002",2010,44.7,46.6924338173833,2009,16,"threshold_0.5",41.792624023051,51.5922436117156,"calibration"
"1003",2010,38.5,38.9813836137475,2009,16,"threshold_0.5",34.0815738194151,43.8811934080798,"calibration"
"1004",2010,37.2,35.4731473281464,2009,16,"threshold_0.5",30.573337533814,40.3729571224787,"calibration"
"1005",2010,45.5,39.217882950155,2009,16,"threshold_0.5",34.3180731558227,44.1176927444873,"calibration"
"1006",2010,32,33.0075048665609,2009,16,"threshold_0.5",28.1076950722286,37.9073146608932,"calibration"
"1007",2010,34.6,39.5260170146688,2009,16,"threshold_0.5",34.6262072203365,44.4258268090011,"calibration"
"1008",2010,54.8,57.1030248560894,2009,16,"threshold_0.5",52.2032150617571,62.0028346504217,"calibration"
"1009",2010,37.7,35.9629607294939,2009,16,"threshold_0.5",31.0631509351616,40.8627705238262,"calibration"
"1010",2010,33.4,30.8878150687643,2009,16,"threshold_0.5",25.988005274432,35.7876248630966,"calibration"
"1011",2010,47.5,52.3998097943323,2009,16,"threshold_0.5",47.5,57.2996195886646,"calibration"
"1012",2010,35.7,43.0172851712223,2009,16,"threshold_0.5",38.11747537689,47.9170949655546,"calibration"
"1013",2010,28,35.548695727563,2009,16,"threshold_0.5",30.6488859332307,40.4485055218953,"calibration"
"1014",2010,49,44.2265516190108,2009,16,"threshold_0.5",39.3267418246785,49.1263614133431,"calibration"
"1015",2010,45.8,45.9040717372862,2009,16,"threshold_0.5",41.0042619429539,50.8038815316185,"calibration"
"1016",2010,54.4,45.6289901657043,2009,16,"threshold_0.5",40.729180371372,50.5287999600366,"calibration"
"1001",2011,48.1,47.7630635606422,2010,16,"threshold_0.5",42.8632537663099,52.6628733549745,"calibration"
"1002",2011,43.4,45.108587110711,2010,16,"threshold_0.5",40.2087773163787,50.0083969050433,"calibration"
"1003",2011,38.6,39.906592662661,2010,16,"threshold_0.5",35.0067828683287,44.8064024569933,"calibration"
"1004",2011,36.2,37.7380125451517,2010,16,"threshold_0.5",32.8382027508194,42.6378223394841,"calibration"
"1005",2011,34.1,40.1306748506922,2010,16,"threshold_0.5",35.2308650563599,45.0304846450246,"calibration"
"1006",2011,35.2,37.7509274335634,2010,16,"threshold_0.5",32.8511176392311,42.6507372278957,"calibration"
"1007",2011,32.2,36.2682939854176,2010,16,"threshold_0.5",31.3684841910853,41.1681037797499,"calibration"
"1008",2011,58.1,57.1170633138996,2010,16,"threshold_0.5",52.2172535195673,62.0168731082319,"calibration"
"1009",2011,32.9,36.7192242560539,2010,16,"threshold_0.5",31.8194144617216,41.6190340503863,"calibration"
"1010",2011,30.4,32.3897765819611,2010,16,"threshold_0.5",27.4899667876288,37.2895863762935,"calibration"
"1011",2011,48.1,50.2841761189592,2010,16,"threshold_0.5",45.3843663246269,55.1839859132915,"calibration"
"1012",2011,42.2,41.5759093907559,2010,16,"threshold_0.5",36.6760995964236,46.4757191850882,"calibration"
"1013",2011,31.3,32.9673398144461,2010,16,"threshold_0.5",28.0675300201138,37.8671496087784,"calibration"
"1014",2011,42,44.8275471088577,2010,16,"threshold_0.5",39.9277373145254,49.72735690319,"calibration"
"1015",2011,41.1,44.8194660037723,2010,16,"threshold_0.5",39.91965620944,49.7192757981047,"calibration"
"1016",2011,41.9,47.4584809418847,2010,16,"threshold_0.5",42.5586711475524,52.358290736217,"calibration"
"1001",2009,45,42.4392744215618,2008,16,"threshold_1",35.0860718169545,49.7924770261691,"calibration"
"1002",2009,44.6,39.7615048621743,2008,16,"threshold_1",32.408302257567,47.1147074667817,"calibration"
"1003",2009,37.9,34.9336473506445,2008,16,"threshold_1",27.5804447460372,42.2868499552518,"calibration"
"1004",2009,35,37.3968055842914,2008,16,"threshold_1",30.0436029796841,44.7500081888987,"calibration"
"1005",2009,44.6,34.1167837790493,2008,16,"threshold_1",26.763581174442,41.4699863836566,"calibration"
"1006",2009,32.7,35.3152562044868,2008,16,"threshold_1",27.9620535998795,42.6684588090941,"calibration"
"1007",2009,34.9,35.7848478419671,2008,16,"threshold_1",28.4316452373598,43.1380504465744,"calibration"
"1008",2009,52.4,50.6528221029064,2008,16,"threshold_1",43.2996194982991,58.0060247075137,"calibration"
"1009",2009,33.1,35.3344740653723,2008,16,"threshold_1",27.981271460765,42.6876766699796,"calibration"
"1010",2009,30.8,32.9823509408228,2008,16,"threshold_1",25.6291483362155,40.3355535454301,"calibration"
"1011",2009,48.3,42.8238658717357,2008,16,"threshold_1",35.4706632671284,50.177068476343,"calibration"
"1012",2009,38,39.4652967596844,2008,16,"threshold_1",32.1120941550771,46.8184993642917,"calibration"
"1013",2009,32.8,35.8440178721903,2008,16,"threshold_1",28.4908152675829,43.1972204767976,"calibration"
"1014",2009,41.9,40.9190701453454,2008,16,"threshold_1",33.5658675407381,48.2722727499527,"calibration"
"1015",2009,47,38.1692773226878,2008,16,"threshold_1",30.8160747180804,45.5224799272951,"calibration"
"1016",2009,50.1,39.0156056945422,2008,16,"threshold_1",31.6624030899349,46.3688082991495,"calibration"
"1001",2010,51.3,42.3887567632547,2009,16,"threshold_1",35.0355541586474,49.741959367862,"calibration"
"1002",2010,44.7,42.1990232652554,2009,16,"threshold_1",34.8458206606481,49.5522258698627,"calibration"
"1003",2010,38.5,37.6889665986904,2009,16,"threshold_1",30.3357639940831,45.0421692032978,"calibration"
"1004",2010,37.2,35.8261261611726,2009,16,"threshold_1",28.4729235565652,43.1793287657799,"calibration"
"1005",2010,45.5,42.0855003811289,2009,16,"threshold_1",34.7322977765216,49.4387029857362,"calibration"
"1006",2010,32,34.1889849955158,2009,16,"threshold_1",26.8357823909085,41.5421876001231,"calibration"
"1007",2010,34.6,35.6329811471019,2009,16,"threshold_1",28.2797785424946,42.9861837517092,"calibration"
"1008",2010,54.8,47.4467973953927,2009,16,"threshold_1",40.0935947907854,54.8,"calibration"
"1009",2010,37.7,34.5654950291876,2009,16,"threshold_1",27.2122924245803,41.918697633795,"calibration"
"1010",2010,33.4,32.9411937319797,2009,16,"threshold_1",25.5879911273724,40.294396336587,"calibration"
"1011",2010,47.5,44.6839830594649,2009,16,"threshold_1",37.3307804548576,52.0371856640722,"calibration"
"1012",2010,35.7,37.7862627453474,2009,16,"threshold_1",30.4330601407401,45.1394653499547,"calibration"
"1013",2010,28,34.3400187259294,2009,16,"threshold_1",26.9868161213221,41.6932213305367,"calibration"
"1014",2010,49,40.3704819917838,2009,16,"threshold_1",33.0172793871765,47.7236845963911,"calibration"
"1015",2010,45.8,43.7661336948032,2009,16,"threshold_1",36.4129310901959,51.1193362994105,"calibration"
"1016",2010,54.4,45.7894559322072,2009,16,"threshold_1",38.4362533275999,53.1426585368145,"calibration"
"1001",2011,48.1,47.6644678935257,2010,16,"threshold_1",40.3112652889184,55.017670498133,"calibration"
"1002",2011,43.4,42.9043329626845,2010,16,"threshold_1",35.5511303580772,50.2575355672919,"calibration"
"1003",2011,38.6,38.4655675475804,2010,16,"threshold_1",31.1123649429731,45.8187701521877,"calibration"
"1004",2011,36.2,37.5292520352107,2010,16,"threshold_1",30.1760494306034,44.882454639818,"calibration"
"1005",2011,34.1,43.4602787770036,2010,16,"threshold_1",36.1070761723963,50.8134813816109,"calibration"
"1006",2011,35.2,33.8110724515211,2010,16,"threshold_1",26.4578698469138,41.1642750561284,"calibration"
"1007",2011,32.2,35.671255374291,2010,16,"threshold_1",28.3180527696837,43.0244579788983,"calibration"
"1008",2011,58.1,50.1916994030116,2010,16,"threshold_1",42.8384967984043,57.5449020076189,"calibration"
"1009",2011,32.9,37.8211277136486,2010,16,"threshold_1",30.4679251090413,45.1743303182559,"calibration"
"1010",2011,30.4,34.7849422832087,2010,16,"threshold_1",27.4317396786014,42.138144887816,"calibration"
"1011",2011,48.1,44.935322785727,2010,16,"threshold_1",37.5821201811197,52.2885253903343,"calibration"
"1012",2011,42.2,36.4897630456747,2010,16,"threshold_1",29.1365604410674,43.842965650282,"calibration"
"1013",2011,31.3,30.8972922113369,2010,16,"threshold_1",23.5440896067296,38.2504948159442,"calibration"
"1014",2011,42,46.0086894460529,2010,16,"threshold_1",38.6554868414456,53.3618920506602,"calibration"
"1015",2011,41.1,43.6930798676993,2010,16,"threshold_1",36.339877263092,51.0462824723066,"calibration"
"1016",2011,41.9,49.8751253348051,2010,16,"threshold_1",42.5219227301978,57.2283279394124,"calibration"
"1001",2009,45,45.6559237972334,2008,16,"threshold_1.5",39.9252891407446,51.3865584537223,"calibration"
"1002",2009,44.6,43.7165664931148,2008,16,"threshold_1.5",37.9859318366259,49.4472011496037,"calibration"
"1003",2009,37.9,35.9167267076146,2008,16,"threshold_1.5",30.1860920511257,41.6473613641034,"calibration"
"1004",2009,35,34.6890150618064,2008,16,"threshold_1.5",28.9583804053175,40.4196497182952,"calibration"
"1005",2009,44.6,34.9165924039413,2008,16,"threshold_1.5",29.1859577474524,40.6472270604302,"calibration"
"1006",2009,32.7,35.7358958998313,2008,16,"threshold_1.5",30.0052612433424,41.4665305563201,"calibration"
"1007",2009,34.9,37.0670790426584,2008,16,"threshold_1.5",31.3364443861695,42.7977136991472,"calibration"
"1008",2009,52.4,53.3644609556657,2008,16,"threshold_1.5",47.6338262991768,59.0950956121546,"calibration"
"1009",2009,33.1,34.9221578266841,2008,16,"threshold_1.5",29.1915231701952,40.652792483173,"calibration"
"1010",2009,30.8,32.0105339488317,2008,16,"threshold_1.5",26.2798992923429,37.7411686053206,"calibration"
"1011",2009,48.3,50.0563846985085,2008,16,"threshold_1.5",44.3257500420196,55.7870193549974,"calibration"
"1012",2009,38,39.6074828214327,2008,16,"threshold_1.5",33.8768481649438,45.3381174779216,"calibration"
"1013",2009,32.8,33.766030746054,2008,16,"threshold_1.5",28.0353960895651,39.4966654025429,"calibration"
"1014",2009,41.9,42.6772579800851,2008,16,"threshold_1.5",36.9466233235962,48.4078926365739,"calibration"
"1015",2009,47,43.2623162722251,2008,16,"threshold_1.5",37.5316816157362,48.992950928714,"calibration"
"1016",2009,50.1,42.6419212332374,2008,16,"threshold_1.5",36.9112865767485,48.3725558897263,"calibration"
"1001",2010,51.3,41.9948428325238,2009,16,"threshold_1.5",36.2642081760349,47.7254774890126,"calibration"
"1002",2010,44.7,40.975428880916,2009,16,"threshold_1.5",35.2447942244272,46.7060635374049,"calibration"
"1003",2010,38.5,35.4029691966257,2009,16,"threshold_1.5",29.6723345401368,41.1336038531146,"calibration"
"1004",2010,37.2,34.6994898325496,2009,16,"threshold_1.5",28.9688551760607,40.4301244890384,"calibration"
"1005",2010,45.5,29.7029464268039,2009,16,"threshold_1.5",23.972311770315,35.4335810832927,"calibration"
"1006",2010,32,33.7106063683202,2009,16,"threshold_1.5",27.9799717118313,39.441241024809,"calibration"
"1007",2010,34.6,29.1869951205778,2009,16,"threshold_1.5",23.4563604640889,34.9176297770667,"calibration"
"1008",2010,54.8,52.8457503166457,2009,16,"threshold_1.5",47.1151156601568,58.5763849731345,"calibration"
"1009",2010,37.7,34.761927828446,2009,16,"threshold_1.5",29.0312931719571,40.4925624849349,"calibration"
"1010",2010,33.4,29.9074131203437,2009,16,"threshold_1.5",24.1767784638549,35.6380477768326,"calibration"
"1011",2010,47.5,47.0656715950196,2009,16,"threshold_1.5",41.3350369385307,52.7963062515085,"calibration"
"1012",2010,35.7,39.1352483728091,2009,16,"threshold_1.5",33.4046137163202,44.865883029298,"calibration"
"1013",2010,28,34.7567864516669,2009,16,"threshold_1.5",29.026151795178,40.4874211081558,"calibration"
"1014",2010,49,42.8709890830601,2009,16,"threshold_1.5",37.1403544265713,48.601623739549,"calibration"
"1015",2010,45.8,38.0652175164669,2009,16,"threshold_1.5",32.334582859978,43.7958521729557,"calibration"
"1016",2010,54.4,36.9146107706955,2009,16,"threshold_1.5",31.1839761142067,42.6452454271844,"calibration"
"1001",2011,48.1,47.5954013733791,2010,16,"threshold_1.5",41.8647667168902,53.326036029868,"calibration"
"1002",2011,43.4,45.6948760716627,2010,16,"threshold_1.5",39.9642414151738,51.4255107281516,"calibration"
"1003",2011,38.6,39.0642843839239,2010,16,"threshold_1.5",33.3336497274351,44.7949190404128,"calibration"
"1004",2011,36.2,34.7033922921647,2010,16,"threshold_1.5",28.9727576356758,40.4340269486536,"calibration"
"1005",2011,34.1,39.8306346564889,2010,16,"threshold_1.5",34.1,45.5612693129777,"calibration"
"1006",2011,35.2,34.788783960207,2010,16,"threshold_1.5",29.0581493037181,40.5194186166959,"calibration"
"1007",2011,32.2,35.8924270425878,2010,16,"threshold_1.5",30.1617923860989,41.6230616990767,"calibration"
"1008",2011,58.1,56.4920361510396,2010,16,"threshold_1.5",50.7614014945507,62.2226708075285,"calibration"
"1009",2011,32.9,34.2042720108918,2010,16,"threshold_1.5",28.4736373544029,39.9349066673806,"calibration"
"1010",2011,30.4,32.5080885035875,2010,16,"threshold_1.5",26.7774538470986,38.2387231600764,"calibration"
"1011",2011,48.1,50.8532696286764,2010,16,"threshold_1.5",45.1226349721875,56.5839042851653,"calibration"
"1012",2011,42.2,39.8841491163679,2010,16,"threshold_1.5",34.153514459879,45.6147837728567,"calibration"
"1013",2011,31.3,30.9848746110376,2010,16,"threshold_1.5",25.2542399545487,36.7155092675265,"calibration"
"1014",2011,42,45.8060400408451,2010,16,"threshold_1.5",40.0754053843562,51.536674697334,"calibration"
"1015",2011,41.1,45.0055758157056,2010,16,"threshold_1.5",39.2749411592167,50.7362104721945,"calibration"
"1016",2011,41.9,48.3925588636305,2010,16,"threshold_1.5",42.6619242071417,54.1231935201194,"calibration"
"1001",2009,45,43.6887245307487,2008,16,"stress_robust",37.3089045789072,50.0685444825902,"calibration"
"1002",2009,44.6,41.8128618214779,2008,16,"stress_robust",35.4330418696365,48.1926817733194,"calibration"
"1003",2009,37.9,36.3479548468626,2008,16,"stress_robust",29.9681348950211,42.7277747987041,"calibration"
"1004",2009,35,36.7598644732265,2008,16,"stress_robust",30.3800445213851,43.139684425068,"calibration"
"1005",2009,44.6,35.0714218345338,2008,16,"stress_robust",28.6916018826923,41.4512417863752,"calibration"
"1006",2009,32.7,35.6872793603723,2008,16,"stress_robust",29.3074594085308,42.0670993122138,"calibration"
"1007",2009,34.9,36.2380857017654,2008,16,"stress_robust",29.8582657499239,42.6179056536069,"calibration"
"1008",2009,52.4,49.6921990248411,2008,16,"stress_robust",43.3123790729996,56.0720189766826,"calibration"
"1009",2009,33.1,34.8135736083944,2008,16,"stress_robust",28.4337536565529,41.1933935602359,"calibration"
"1010",2009,30.8,32.9240067626097,2008,16,"stress_robust",26.5441868107682,39.3038267144512,"calibration"
"1011",2009,48.3,45.378347144564,2008,16,"stress_robust",38.9985271927225,51.7581670964055,"calibration"
"1012",2009,38,39.5100540300127,2008,16,"stress_robust",33.1302340781712,45.8898739818542,"calibration"
"1013",2009,32.8,35.3186336518175,2008,16,"stress_robust",28.9388136999761,41.698453603659,"calibration"
"1014",2009,41.9,42.388912499312,2008,16,"stress_robust",36.0090925474705,48.7687324511535,"calibration"
"1015",2009,47,39.9942015894931,2008,16,"stress_robust",33.6143816376516,46.3740215413346,"calibration"
"1016",2009,50.1,40.9478934768153,2008,16,"stress_robust",34.5680735249738,47.3277134286568,"calibration"
"1001",2010,51.3,43.7488503005793,2009,16,"stress_robust",37.3690303487379,50.1286702524208,"calibration"
"1002",2010,44.7,42.9722122215694,2009,16,"stress_robust",36.5923922697279,49.3520321734108,"calibration"
"1003",2010,38.5,37.0312049700784,2009,16,"stress_robust",30.6513850182369,43.4110249219199,"calibration"
"1004",2010,37.2,36.1146120722187,2009,16,"stress_robust",29.7347921203772,42.4944320240602,"calibration"
"1005",2010,45.5,40.4464089622885,2009,16,"stress_robust",34.066589010447,46.8262289141299,"calibration"
"1006",2010,32,31.6264303387151,2009,16,"stress_robust",25.2466103868736,38.0062502905566,"calibration"
"1007",2010,34.6,35.732130036337,2009,16,"stress_robust",29.3523100844955,42.1119499881785,"calibration"
"1008",2010,54.8,47.9423878684845,2009,16,"stress_robust",41.562567916643,54.3222078203259,"calibration"
"1009",2010,37.7,34.2100374352634,2009,16,"stress_robust",27.8302174834219,40.5898573871049,"calibration"
"1010",2010,33.4,32.1239385943108,2009,16,"stress_robust",25.7441186424693,38.5037585461522,"calibration"
"1011",2010,47.5,46.16303992995,2009,16,"stress_robust",39.7832199781085,52.5428598817915,"calibration"
"1012",2010,35.7,38.4337271174959,2009,16,"stress_robust",32.0539071656544,44.8135470693374,"calibration"
"1013",2010,28,34.5620270250204,2009,16,"stress_robust",28.1822070731789,40.9418469768619,"calibration"
"1014",2010,49,40.7071108019761,2009,16,"stress_robust",34.3272908501346,47.0869307538176,"calibration"
"1015",2010,45.8,43.9150115703553,2009,16,"stress_robust",37.5351916185138,50.2948315221967,"calibration"
"1016",2010,54.4,44.9821755010255,2009,16,"stress_robust",38.6023555491841,51.361995452867,"calibration"
"1001",2011,48.1,47.6516962897002,2010,16,"stress_robust",41.2718763378587,54.0315162415417,"calibration"
"1002",2011,43.4,43.5000725344002,2010,16,"stress_robust",37.1202525825587,49.8798924862417,"calibration"
"1003",2011,38.6,39.3690190425274,2010,16,"stress_robust",32.989199090686,45.7488389943689,"calibration"
"1004",2011,36.2,38.7076242830506,2010,16,"stress_robust",32.3278043312091,45.0874442348921,"calibration"
"1005",2011,34.1,42.0818537820875,2010,16,"stress_robust",35.702033830246,48.461673733929,"calibration"
"1006",2011,35.2,37.6354453082509,2010,16,"stress_robust",31.2556253564094,44.0152652600923,"calibration"
"1007",2011,32.2,36.1929106835665,2010,16,"stress_robust",29.813090731725,42.572730635408,"calibration"
"1008",2011,58.1,51.7201800481585,2010,16,"stress_robust",45.340360096317,58.1,"calibration"
"1009",2011,32.9,38.2435079317675,2010,16,"stress_robust",31.863687979926,44.623327883609,"calibration"
"1010",2011,30.4,33.8649615559182,2010,16,"stress_robust",27.4851416040767,40.2447815077597,"calibration"
"1011",2011,48.1,46.3639451981181,2010,16,"stress_robust",39.9841252462766,52.7437651499596,"calibration"
"1012",2011,42.2,39.980171786219,2010,16,"stress_robust",33.6003518343775,46.3599917380605,"calibration"
"1013",2011,31.3,33.0079591095043,2010,16,"stress_robust",26.6281391576628,39.3877790613458,"calibration"
"1014",2011,42,45.1163114761818,2010,16,"stress_robust",38.7364915243403,51.4961314280233,"calibration"
"1015",2011,41.1,44.1947833639296,2010,16,"stress_robust",37.8149634120881,50.5746033157711,"calibration"
"1016",2011,41.9,48.0535165676645,2010,16,"stress_robust",41.673696615823,54.433336519506,"calibration"
"1001",2009,45,42.4321942828695,2008,16,"gam",36.22116312601,48.643225439729,"calibration"
"1002",2009,44.6,43.4917988001187,2008,16,"gam",37.2807676432592,49.7028299569782,"calibration"
"1003",2009,37.9,34.8815308165976,2008,16,"gam",28.6704996597381,41.0925619734571,"calibration"
"1004",2009,35,32.4578740380954,2008,16,"gam",26.2468428812359,38.6689051949549,"calibration"
"1005",2009,44.6,34.0276828467239,2008,16,"gam",27.8166516898644,40.2387140035834,"calibration"
"1006",2009,32.7,28.2699123445799,2008,16,"gam",22.0588811877204,34.4809435014394,"calibration"
"1007",2009,34.9,33.9194442957414,2008,16,"gam",27.708413138882,40.1304754526009,"calibration"
"1008",2009,52.4,51.3223181730235,2008,16,"gam",45.111287016164,57.533349329883,"calibration"
"1009",2009,33.1,30.5051584826385,2008,16,"gam",24.294127325779,36.716189639498,"calibration"
"1010",2009,30.8,28.9491227059555,2008,16,"gam",22.738091549096,35.160153862815,"calibration"
"1011",2009,48.3,48.7572108109504,2008,16,"gam",42.5461796540909,54.9682419678099,"calibration"
"1012",2009,38,35.7347798292522,2008,16,"gam",29.5237486723927,41.9458109861117,"calibration"
"1013",2009,32.8,28.969000515581,2008,16,"gam",22.7579693587215,35.1800316724405,"calibration"
"1014",2009,41.9,39.9478878646473,2008,16,"gam",33.7368567077878,46.1589190215068,"calibration"
"1015",2009,47,41.9724443873282,2008,16,"gam",35.7614132304687,48.1834755441877,"calibration"
"1016",2009,50.1,40.8116414751583,2008,16,"gam",34.6006103182988,47.0226726320178,"calibration"
"1001",2010,51.3,46.813323006357,2009,16,"gam",40.6022918494975,53.0243541632165,"calibration"
"1002",2010,44.7,44.4701322845987,2009,16,"gam",38.2591011277392,50.6811634414582,"calibration"
"1003",2010,38.5,38.4204094517037,2009,16,"gam",32.2093782948442,44.6314406085632,"calibration"
"1004",2010,37.2,32.3886926974712,2009,16,"gam",26.1776615406117,38.5997238543307,"calibration"
"1005",2010,45.5,38.3397631576739,2009,16,"gam",32.1287320008144,44.5507943145333,"calibration"
"1006",2010,32,24.6051527401841,2009,16,"gam",18.3941215833246,30.8161838970436,"calibration"
"1007",2010,34.6,35.299045903104,2009,16,"gam",29.0880147462445,41.5100770599635,"calibration"
"1008",2010,54.8,53.9163801719625,2009,16,"gam",47.705349015103,60.127411328822,"calibration"
"1009",2010,37.7,28.1714598014115,2009,16,"gam",21.960428644552,34.382490958271,"calibration"
"1010",2010,33.4,27.1889688431405,2009,16,"gam",20.977937686281,33.4,"calibration"
"1011",2010,47.5,49.2384348597337,2009,16,"gam",43.0274037028742,55.4494660165932,"calibration"
"1012",2010,35.7,37.2896339104866,2009,16,"gam",31.0786027536271,43.5006650673461,"calibration"
"1013",2010,28,31.7370113016478,2009,16,"gam",25.5259801447883,37.9480424585073,"calibration"
"1014",2010,49,40.0229083346931,2009,16,"gam",33.8118771778336,46.2339394915526,"calibration"
"1015",2010,45.8,45.7618237718757,2009,16,"gam",39.5507926150162,51.9728549287352,"calibration"
"1016",2010,54.4,45.8642011077826,2009,16,"gam",39.6531699509231,52.0752322646421,"calibration"
"1001",2011,48.1,48.1891663466747,2010,16,"gam",41.9781351898152,54.4001975035342,"calibration"
"1002",2011,43.4,45.3474375241826,2010,16,"gam",39.1364063673231,51.5584686810421,"calibration"
"1003",2011,38.6,39.4004013197792,2010,16,"gam",33.1893701629197,45.6114324766387,"calibration"
"1004",2011,36.2,36.0062721556457,2010,16,"gam",29.7952409987862,42.2173033125052,"calibration"
"1005",2011,34.1,40.9121548988507,2010,16,"gam",34.7011237419912,47.1231860557102,"calibration"
"1006",2011,35.2,32.659269221486,2010,16,"gam",26.4482380646265,38.8703003783455,"calibration"
"1007",2011,32.2,35.8391703041295,2010,16,"gam",29.62813914727,42.050201460989,"calibration"
"1008",2011,58.1,58.401907345602,2010,16,"gam",52.1908761887425,64.6129385024615,"calibration"
"1009",2011,32.9,35.1653492934897,2010,16,"gam",28.9543181366302,41.3763804503492,"calibration"
"1010",2011,30.4,30.6390739350059,2010,16,"gam",24.4280427781464,36.8501050918654,"calibration"
"1011",2011,48.1,49.2936910905586,2010,16,"gam",43.0826599336991,55.5047222474181,"calibration"
"1012",2011,42.2,40.36552014722,2010,16,"gam",34.1544889903605,46.5765513040795,"calibration"
"1013",2011,31.3,31.5052975131206,2010,16,"gam",25.2942663562611,37.7163286699801,"calibration"
"1014",2011,42,45.3266056244223,2010,16,"gam",39.1155744675628,51.5376367812818,"calibration"
"1015",2011,41.1,44.4768681908485,2010,16,"gam",38.265837033989,50.687899347708,"calibration"
"1016",2011,41.9,48.6412080153414,2010,16,"gam",42.4301768584819,54.8522391722009,"calibration"
"1001",2009,45,36.4053969669219,2008,16,"random_forest",25.5866986141636,47.2240953196803,"calibration"
"1002",2009,44.6,34.0118740487291,2008,16,"random_forest",23.1931756959707,44.8305724014874,"calibration"
"1003",2009,37.9,33.0547074986125,2008,16,"random_forest",22.2360091458542,43.8734058513709,"calibration"
"1004",2009,35,33.7397226984127,2008,16,"random_forest",22.9210243456544,44.558421051171,"calibration"
"1005",2009,44.6,33.7813016472417,2008,16,"random_forest",22.9626032944833,44.6,"calibration"
"1006",2009,32.7,35.3404710828061,2008,16,"random_forest",24.5217727300477,46.1591694355644,"calibration"
"1007",2009,34.9,33.1116050838051,2008,16,"random_forest",22.2929067310467,43.9303034365634,"calibration"
"1008",2009,52.4,35.529888982684,2008,16,"random_forest",24.7111906299256,46.3485873354423,"calibration"
"1009",2009,33.1,34.895644970585,2008,16,"random_forest",24.0769466178266,45.7143433233433,"calibration"
"1010",2009,30.8,32.5111512293263,2008,16,"random_forest",21.6924528765679,43.3298495820846,"calibration"
"1011",2009,48.3,35.6834457847708,2008,16,"random_forest",24.8647474320124,46.5021441375291,"calibration"
"1012",2009,38,34.6845184376734,2008,16,"random_forest",23.8658200849151,45.5032167904318,"calibration"
"1013",2009,32.8,34.4820666877567,2008,16,"random_forest",23.6633683349983,45.300765040515,"calibration"
"1014",2009,41.9,34.9136517704518,2008,16,"random_forest",24.0949534176934,45.7323501232101,"calibration"
"1015",2009,47,34.3603245471196,2008,16,"random_forest",23.5416261943612,45.1790228998779,"calibration"
"1016",2009,50.1,37.4551214513264,2008,16,"random_forest",26.6364230985681,48.2738198040848,"calibration"
"1001",2010,51.3,38.2323179070929,2009,16,"random_forest",27.4136195543346,49.0510162598513,"calibration"
"1002",2010,44.7,36.1225447463648,2009,16,"random_forest",25.3038463936064,46.9412430991231,"calibration"
"1003",2010,38.5,35.4423356321456,2009,16,"random_forest",24.6236372793873,46.261033984904,"calibration"
"1004",2010,37.2,33.5538123459873,2009,16,"random_forest",22.735113993229,44.3725106987457,"calibration"
"1005",2010,45.5,35.8534267155067,2009,16,"random_forest",25.0347283627484,46.6721250682651,"calibration"
"1006",2010,32,37.1896231596182,2009,16,"random_forest",26.3709248068598,48.0083215123765,"calibration"
"1007",2010,34.6,36.1440686535687,2009,16,"random_forest",25.3253703008103,46.962767006327,"calibration"
"1008",2010,54.8,37.4139968542569,2009,16,"random_forest",26.5952985014985,48.2326952070152,"calibration"
"1009",2010,37.7,35.14772005994,2009,16,"random_forest",24.3290217071817,45.9664184126984,"calibration"
"1010",2010,33.4,32.7584187612388,2009,16,"random_forest",21.9397204084804,43.5771171139971,"calibration"
"1011",2010,47.5,37.3860114668665,2009,16,"random_forest",26.5673131141082,48.2047098196248,"calibration"
"1012",2010,35.7,37.6622809301809,2009,16,"random_forest",26.8435825774226,48.4809792829393,"calibration"
"1013",2010,28,37.0382528626929,2009,16,"random_forest",26.2195545099345,47.8569512154512,"calibration"
"1014",2010,49,37.2104063841714,2009,16,"random_forest",26.391708031413,48.0291047369297,"calibration"
"1015",2010,45.8,36.8836206238206,2009,16,"random_forest",26.0649222710623,47.702318976579,"calibration"
"1016",2010,54.4,38.9772121650572,2009,16,"random_forest",28.1585138122988,49.7959105178155,"calibration"
"1001",2011,48.1,41.2711573598623,2010,16,"random_forest",30.452459007104,52.0898557126207,"calibration"
"1002",2011,43.4,37.2364784027084,2010,16,"random_forest",26.41778004995,48.0551767554667,"calibration"
"1003",2011,38.6,36.1066023870574,2010,16,"random_forest",25.2879040342991,46.9253007398158,"calibration"
"1004",2011,36.2,35.8763877877678,2010,16,"random_forest",25.0576894350094,46.6950861405261,"calibration"
"1005",2011,34.1,36.9433967465868,2010,16,"random_forest",26.1246983938284,47.7620950993451,"calibration"
"1006",2011,35.2,38.4094295487846,2010,16,"random_forest",27.5907311960262,49.2281279015429,"calibration"
"1007",2011,32.2,37.1045496997447,2010,16,"random_forest",26.2858513469864,47.9232480525031,"calibration"
"1008",2011,58.1,39.6098172599623,2010,16,"random_forest",28.7911189072039,50.4285156127206,"calibration"
"1009",2011,32.9,37.0939398989899,2010,16,"random_forest",26.2752415462316,47.9126382517483,"calibration"
"1010",2011,30.4,35.3491674153624,2010,16,"random_forest",24.5304690626041,46.1678657681208,"calibration"
"1011",2011,48.1,37.6109060994561,2010,16,"random_forest",26.7922077466978,48.4296044522145,"calibration"
"1012",2011,42.2,38.3141946203796,2010,16,"random_forest",27.4954962676213,49.132892973138,"calibration"
"1013",2011,31.3,36.498935954601,2010,16,"random_forest",25.6802376018426,47.3176343073593,"calibration"
"1014",2011,42,37.7748856365856,2010,16,"random_forest",26.9561872838272,48.5935839893439,"calibration"
"1015",2011,41.1,39.1302828754579,2010,16,"random_forest",28.3115845226995,49.9489812282162,"calibration"
"1016",2011,41.9,38.5979371617272,2010,16,"random_forest",27.7792388089688,49.4166355144855,"calibration"
