"Method","N","RMSE","MAE","Bias","R2","Cor_R2","Coverage80","MeanWidth80","TrendRelativeSkill","WithinRegionR2","IntervalScore80"
"anomaly_linear",112,5.28614487604619,4.23559220730059,-0.628907493896386,0.601721823852325,0.607359267396133,0.785714285714286,14.4191573975053,-0.00521965099354249,-0.616758955744945,18.2184509151228
"anomaly_tails",112,4.50280422771484,3.52895066113198,0.207186505844972,0.71101552169407,0.721961413913947,0.794642857142857,10.8906488704479,0.270628184463896,-0.173095266960237,15.9146882265604
"gam",112,4.44763839745751,3.5641935485886,1.24256793527208,0.718053097052389,0.760205308875333,0.839285714285714,12.422062313719,0.288390415661087,-0.144527136269908,15.2286326767921
"hierarchical",112,4.61981703858146,3.63576354527137,1.24565590690157,0.695800889999539,0.722421199533402,0.875,13.5309111569463,0.232227770688021,-0.234857104599497,16.3322824066872
"local_ridge",112,5.07995684895868,3.74421326643582,-0.967433843743294,0.632185849758031,0.654472136746327,0.669642857142857,8.20360227345608,0.0716689141419924,-0.493094166507699,20.0748240131535
"panel_ridge",112,4.70768657278246,3.74727757353722,0.207749549144096,0.684119026248797,0.689687893186548,0.8125,13.0233607290319,0.202743757488863,-0.282278125810063,16.4911564819504
"pcr",112,5.03200240833025,4.0032203191577,-0.341594374832873,0.639097353175931,0.680437346142163,0.741071428571429,10.9984756728484,0.0891129506713899,-0.465037808620773,17.6663211736128
"persistence",112,5.3471287355258,4.23392857142857,0.101785714285714,0.59247930634822,0.634752626621905,0.723214285714286,11.8,-0.0285469653587003,-0.654277765067932,19.3267857142857
"random_forest",112,8.29849261096064,6.63375693481122,-1.50062495800827,0.0184626962050977,0.0765867163948416,0.803571428571429,21.6373967055167,-1.47731521596608,-2.9844242575816,29.0930050486617
"stress_lag",112,4.50755466654363,3.58771090659949,0.418450121113936,0.710405445320399,0.720690378915098,0.776785714285714,10.7568466302295,0.269088404490631,-0.175571793418104,15.7160959853143
"stress_no_region",112,5.02430000250842,3.96243621447281,0.0627798453127124,0.640201363432913,0.640339491105569,0.767857142857143,12.1961848861962,0.0918993770228175,-0.460556221184891,17.4427478941842
"stress_robust",112,4.58332299433503,3.68079866527213,-0.16880131401272,0.700587922885738,0.709279016888064,0.839285714285714,12.759639903683,0.244309827439669,-0.215424761193021,16.1987219028493
"stress_unsmoothed",112,5.25251671846864,4.22717415851762,-0.796778560103107,0.606773051242749,0.615827793217505,0.794642857142857,13.7984318610325,0.00752920982429983,-0.596254148778209,18.1382456558123
"threshold_0.5",112,4.66791497158229,3.61738063047429,0.781154279063332,0.689433748883433,0.708836221209375,0.767857142857143,9.79961958866463,0.216157657501137,-0.260703693839023,16.7369204297561
"threshold_1",112,5.63523753546601,4.48213059051381,-0.470833390613633,0.547380937554659,0.558054055145925,0.785714285714286,14.7064052092146,-0.142371345538227,-0.837348784277991,19.3467641040345
"threshold_1.5",112,6.79968644927667,4.6677787854695,-0.638562516444358,0.340998868819984,0.51411712695837,0.758928571428571,11.4612693129777,-0.663261827440686,-1.67513020920908,25.1089356036782
"trend",112,5.2724027339192,3.86693804558431,0.57108377548752,0.603789902282528,0.634759391929994,0.651785714285714,8.40778159930083,0,-0.608363857736931,20.6433706765569
