"Method","ParameterSet","Parameters","N","RMSE","MAE","Bias","R2","Cor_R2"
"trend",1,"none",64,5.38936832113099,4.02747294091944,1.63355604625452,0.420599604534746,0.517591130012068
"panel_ridge",2,"lambda=10;smooth_ratio=0",64,4.65989432960773,3.80461797002906,1.76852147254472,0.566833169072136,0.629927849247703
"panel_ridge",5,"lambda=1;smooth_ratio=10",64,4.78062804615743,3.67679657680218,1.68659604172777,0.544096457503406,0.61621795156828
"panel_ridge",3,"lambda=100;smooth_ratio=0",64,4.89082934533527,3.69620027839541,1.56900895630379,0.522835555087294,0.594610953056973
"panel_ridge",1,"lambda=1;smooth_ratio=0",64,4.92700867703823,4.12724791771909,1.82080126788532,0.515749908943682,0.620521803020812
"panel_ridge",11,"lambda=100;smooth_ratio=100",64,5.02005980111921,3.71761024430401,2.07887226074493,0.497286164160258,0.64720563673114
"panel_ridge",6,"lambda=10;smooth_ratio=10",64,5.02616194760382,3.70683604720136,2.5149540843369,0.496063271197791,0.62277939809479
"panel_ridge",7,"lambda=100;smooth_ratio=10",64,5.0293244671981,3.70954923328965,2.04898694237256,0.495428905975937,0.629265767693788
"panel_ridge",9,"lambda=1;smooth_ratio=100",64,5.21670081964725,3.8771286650867,2.58396012804034,0.457131155898858,0.61130924803073
"panel_ridge",10,"lambda=10;smooth_ratio=100",64,5.23953946138735,3.90782455386178,2.94954954889139,0.452367406758306,0.626673363492446
"panel_ridge",4,"lambda=1000;smooth_ratio=0",64,5.33806906038155,4.31514855761384,0.840154980659966,0.43157727403887,0.445661869019244
"panel_ridge",12,"lambda=1000;smooth_ratio=100",64,5.33825132194038,4.277667215964,0.912674388263272,0.431538457238409,0.448675962405886
"panel_ridge",8,"lambda=1000;smooth_ratio=10",64,5.34823956152926,4.28908131306191,0.913764950257983,0.429409204925428,0.446368885529656
"hierarchical",7,"lambda_global=10;lambda_region=3000;smooth_ratio=0",64,3.93933442528259,3.11393732695758,1.5161125082123,0.690437204829761,0.750011903342281
"hierarchical",4,"lambda_global=10;lambda_region=300;smooth_ratio=0",64,4.09361382865956,3.21827309289256,1.56855486633626,0.665715069644838,0.737322015941775
"hierarchical",1,"lambda_global=10;lambda_region=30;smooth_ratio=0",64,4.48922763440653,3.58450442566566,1.81517899941666,0.597981247013789,0.675708578200358
"hierarchical",8,"lambda_global=100;lambda_region=3000;smooth_ratio=0",64,4.57076695395395,3.45559234729967,1.43394759993207,0.583244620461834,0.628043159585858
"hierarchical",25,"lambda_global=10;lambda_region=3000;smooth_ratio=100",64,4.61170524789172,3.33990176678725,2.43726984525432,0.575745809267943,0.730644880776343
"hierarchical",16,"lambda_global=10;lambda_region=3000;smooth_ratio=10",64,4.65512251455208,3.26040806295262,2.26640187326824,0.567719855997173,0.679992347918419
"hierarchical",21,"lambda_global=1000;lambda_region=30;smooth_ratio=100",64,4.71544186322387,3.56033607183549,0.84550854519916,0.556444624978988,0.579458899513805
"hierarchical",5,"lambda_global=100;lambda_region=300;smooth_ratio=0",64,4.72929241928265,3.56912137417621,1.48821108866925,0.553835108701466,0.608843740762842
"hierarchical",12,"lambda_global=1000;lambda_region=30;smooth_ratio=10",64,4.7423115416695,3.57646454205575,0.839548977771181,0.551375260559335,0.573039653921704
"hierarchical",13,"lambda_global=10;lambda_region=300;smooth_ratio=10",64,4.76845392486634,3.38187432568962,2.31907770948211,0.54641546580089,0.67422568498211
"hierarchical",26,"lambda_global=100;lambda_region=3000;smooth_ratio=100",64,4.79393778761806,3.61921791459312,1.86610857464738,0.541554362564813,0.628260879051904
"hierarchical",22,"lambda_global=10;lambda_region=300;smooth_ratio=100",64,4.8273293656475,3.54356738373342,2.56086740710995,0.535145628151128,0.722057734887495
"hierarchical",3,"lambda_global=1000;lambda_region=30;smooth_ratio=0",64,4.84374573648316,3.66385763344663,0.688627575232272,0.531978577809813,0.545901958760544
"hierarchical",17,"lambda_global=100;lambda_region=3000;smooth_ratio=10",64,4.85320057271462,3.65570771084678,1.86040307284327,0.530149668971937,0.607680507010936
"hierarchical",10,"lambda_global=10;lambda_region=30;smooth_ratio=10",64,4.88148095657779,3.54452282541698,2.54539546094505,0.52465792723831,0.66725281740109
"hierarchical",2,"lambda_global=100;lambda_region=30;smooth_ratio=0",64,4.89963087905127,3.71039086353397,1.71676436928373,0.521116600033632,0.585401511944575
"hierarchical",20,"lambda_global=100;lambda_region=30;smooth_ratio=100",64,4.90433286902099,3.63904595850946,2.25146736805758,0.52019702652418,0.636929654466624
"hierarchical",23,"lambda_global=100;lambda_region=300;smooth_ratio=100",64,4.91597841547152,3.66724898850493,1.96750699670011,0.51791569614856,0.638768600938067
"hierarchical",11,"lambda_global=100;lambda_region=30;smooth_ratio=10",64,4.92431155196567,3.64684828971246,2.1953530507669,0.516279936659061,0.624985577179338
"hierarchical",14,"lambda_global=100;lambda_region=300;smooth_ratio=10",64,4.94535059848335,3.70056404677396,1.94971509781791,0.512137733484159,0.616454477674364
"hierarchical",19,"lambda_global=10;lambda_region=30;smooth_ratio=100",64,5.0878120357231,3.77035027900618,2.94424309675242,0.483625040986102,0.673630039033051
"hierarchical",24,"lambda_global=1000;lambda_region=300;smooth_ratio=100",64,5.19918665223831,4.07595939307479,0.878767470039586,0.460770212685895,0.493670737965325
"hierarchical",15,"lambda_global=1000;lambda_region=300;smooth_ratio=10",64,5.20920176090439,4.08485593598354,0.881061950301671,0.458690792702695,0.489823445802393
"hierarchical",6,"lambda_global=1000;lambda_region=300;smooth_ratio=0",64,5.21577512937791,4.12521334851035,0.808930668270243,0.457323800191752,0.478935111172972
"hierarchical",9,"lambda_global=1000;lambda_region=3000;smooth_ratio=0",64,5.34925298619468,4.34794501976316,0.85213202499517,0.429192944765579,0.444420858989855
"hierarchical",27,"lambda_global=1000;lambda_region=3000;smooth_ratio=100",64,5.35393047377672,4.32002449171348,0.927412845706778,0.428194259437483,0.445378843280254
"hierarchical",18,"lambda_global=1000;lambda_region=3000;smooth_ratio=10",64,5.36471351512363,4.33118266225145,0.928502833499873,0.425888658321269,0.443198353057484
"stress_lag",4,"lambda=10;smooth_ratio=10;threshold=0.5;temperature_variable=MAX;precipitation_variable=PCP",64,2.98095916328692,2.34297982821877,0.426435366341074,0.822738218375563,0.826609815936448
"stress_lag",5,"lambda=100;smooth_ratio=10;threshold=0.5;temperature_variable=MAX;precipitation_variable=PCP",64,4.05437670147395,3.01111475611895,1.49036090893495,0.67209257415832,0.777417874747508
"stress_lag",6,"lambda=1000;smooth_ratio=10;threshold=0.5;temperature_variable=MAX;precipitation_variable=PCP",64,4.83483299851593,3.94411127079633,0.666242615948928,0.533699359525369,0.547615542264288
"stress_lag",1,"lambda=10;smooth_ratio=0;threshold=0.5;temperature_variable=MAX;precipitation_variable=PCP",64,5.3481656698132,3.95622540730847,-0.990069540240631,0.429424971474879,0.690440103486168
"stress_lag",2,"lambda=100;smooth_ratio=0;threshold=0.5;temperature_variable=MAX;precipitation_variable=PCP",64,5.76537390578156,4.37301290625745,1.12781496377158,0.33693208555914,0.383102811787473
"stress_lag",3,"lambda=1000;smooth_ratio=0;threshold=0.5;temperature_variable=MAX;precipitation_variable=PCP",64,6.06939307004231,4.8804959136497,0.976923449536809,0.265158651020485,0.320890784420482
"stress_lag",10,"lambda=10;smooth_ratio=10;threshold=1;temperature_variable=MAX;precipitation_variable=PCP",64,6.45196567452138,4.02974801864668,-1.95287408546445,0.169600358078084,0.63430603383936
"stress_lag",12,"lambda=1000;smooth_ratio=10;threshold=1;temperature_variable=MAX;precipitation_variable=PCP",64,8.08959199985544,5.90123718036308,2.55223042448864,-0.30543813005981,0.108881221745426
"stress_lag",7,"lambda=10;smooth_ratio=0;threshold=1;temperature_variable=MAX;precipitation_variable=PCP",64,10.0465205583335,6.49654368249138,5.50084780133512,-1.01342015339663,0.130464767488404
"stress_lag",11,"lambda=100;smooth_ratio=10;threshold=1;temperature_variable=MAX;precipitation_variable=PCP",64,12.4966365070121,7.3545324902958,5.68035839504042,-2.11522437237991,0.00531533623637671
"stress_lag",9,"lambda=1000;smooth_ratio=0;threshold=1;temperature_variable=MAX;precipitation_variable=PCP",64,17.1326625511956,10.5659151659837,6.94199406538931,-4.8553489073093,0.00617231344976455
"stress_lag",8,"lambda=100;smooth_ratio=0;threshold=1;temperature_variable=MAX;precipitation_variable=PCP",64,31.712406782272,17.0760287386972,14.6203967646289,-19.0614104754478,0.0520071456487949
