"Method","RS","Year","Observed","Predicted","Lower80","Upper80","Phase"
"trend","1001",2005,39.1,34.1522710375947,29.1795513038186,39.1249907713707,"tuning"
"trend","1002",2005,29.3,32.5815140250627,27.6087942912866,37.5542337588388,"tuning"
"trend","1003",2005,28.3,27.4457454306605,22.4730256968844,32.4184651644365,"tuning"
"trend","1004",2005,30.1,32.0460253440544,27.0733056102783,37.0187450778304,"tuning"
"trend","1005",2005,31.1,22.8731349157632,17.9004151819871,27.8458546495392,"tuning"
"trend","1006",2005,33.2,32.41165398176,27.4389342479839,37.3843737155361,"tuning"
"trend","1007",2005,28.6,29.7470457244499,24.7743259906738,34.7197654582259,"tuning"
"trend","1008",2005,43.1,40.0741950054298,35.1014752716537,45.0469147392058,"tuning"
"trend","1009",2005,28.6,32.5299966908941,27.5572769571181,37.5027164246702,"tuning"
"trend","1010",2005,28.4,29.3630743776103,24.3903546438342,34.3357941113863,"tuning"
"trend","1011",2005,29.6,32.6207669398495,27.6480472060734,37.5934866736255,"tuning"
"trend","1012",2005,33.1,33.7244716097191,28.751751875943,38.6971913434952,"tuning"
"trend","1013",2005,28.7,28.0857586670846,23.1130389333086,33.0584784008607,"tuning"
"trend","1014",2005,24,30.5599999999999,25.5872802662239,35.532719733776,"tuning"
"trend","1015",2005,35.7,32.1727713004741,27.2000515666981,37.1454910342502,"tuning"
"trend","1016",2005,32.3,29.6197002319697,24.6469804981937,34.5924199657458,"tuning"
"trend","1001",2006,26.9,38.1649515101937,33.1922317764176,43.1376712439698,"tuning"
"trend","1002",2006,27.9,33.7452256163461,28.77250588257,38.7179453501221,"tuning"
"trend","1003",2006,23.7,29.5212066394584,24.5484869056823,34.4939263732344,"tuning"
"trend","1004",2006,22.4,32.2515377505748,27.2788180167987,37.2242574843508,"tuning"
"trend","1005",2006,19.6,29.1343807963571,24.161661062581,34.1071005301332,"tuning"
"trend","1006",2006,26.6,34.0812836317459,29.1085638979699,39.054003365522,"tuning"
"trend","1007",2006,23.3,30.5108841542009,25.5381644204249,35.483603887977,"tuning"
"trend","1008",2006,32.3,43.9031855183643,38.9304657845883,48.8759052521404,"tuning"
"trend","1009",2006,25,32.5902745251866,27.6175547914106,37.5629942589627,"tuning"
"trend","1010",2006,21.4,30.7091480326564,25.7364282988803,35.6818677664324,"tuning"
"trend","1011",2006,27.5,32.7225106775637,27.7497909437877,37.6952304113398,"tuning"
"trend","1012",2006,25.5,35.1271455927498,30.1544258589738,40.0998653265259,"tuning"
"trend","1013",2006,21.1,29.4881809959181,24.5154612621421,34.4609007296942,"tuning"
"trend","1014",2006,23.8,29.5681801578494,24.5954604240733,34.5408998916254,"tuning"
"trend","1015",2006,28.7,36.1438391147382,31.1711193809622,41.1165588485143,"tuning"
"trend","1016",2006,28.3,33.3290741950116,28.3563544612355,38.3017939287877,"tuning"
"trend","1001",2007,34.3,36.0710536173224,31.0983338835464,41.0437733510985,"tuning"
"trend","1002",2007,34.5,31.5331323364492,26.5604126026731,36.5058520702253,"tuning"
"trend","1003",2007,31.3,28.1588544816711,23.1861347478951,33.1315742154472,"tuning"
"trend","1004",2007,29.8,29.4346640556497,24.4619443218736,34.4073837894257,"tuning"
"trend","1005",2007,27.9,27.4675290580138,22.4948093242377,32.4402487917898,"tuning"
"trend","1006",2007,32.5,32.5516191479561,27.57889941418,37.5243388817321,"tuning"
"trend","1007",2007,28.1,28.6938440982556,23.7211243644796,33.6665638320317,"tuning"
"trend","1008",2007,41.3,41.6332147173892,36.6604949836131,46.6059344511652,"tuning"
"trend","1009",2007,30.6,30.1797395512524,25.2070198174764,35.1524592850285,"tuning"
"trend","1010",2007,28,29.0222774429452,24.0495577091691,33.9949971767212,"tuning"
"trend","1011",2007,32.2,31.1318666893797,26.1591469556037,36.1045864231558,"tuning"
"trend","1012",2007,31.3,32.5083984085798,27.5356786748037,37.4811181423558,"tuning"
"trend","1013",2007,29,27.5582185032511,22.585498769475,32.5309382370271,"tuning"
"trend","1014",2007,27.8,26.965908648104,21.9931889143279,31.93862838188,"tuning"
"trend","1015",2007,36.1,34.3829030379492,29.4101833041732,39.3556227717253,"tuning"
"trend","1016",2007,33.5,32.474225937698,27.501506203922,37.4469456714741,"tuning"
"trend","1001",2008,35.3,33.9086870744287,28.9359673406526,38.8814068082047,"tuning"
"trend","1002",2008,25.4,31.6724600308477,26.6997402970716,36.6451797646237,"tuning"
"trend","1003",2008,26.9,28.1933826495855,23.2206629158095,33.1661023833616,"tuning"
"trend","1004",2008,33.4,27.9711045900694,22.9983848562933,32.9438243238454,"tuning"
"trend","1005",2008,19.7,25.8812874129773,20.9085676792012,30.8540071467533,"tuning"
"trend","1006",2008,33.9,31.6400867335669,26.6673669997908,36.612806467343,"tuning"
"trend","1007",2008,27.4,27.6884999994217,22.7157802656456,32.6612197331978,"tuning"
"trend","1008",2008,43.9,40.1000943861885,35.1273746524124,45.0728141199645,"tuning"
"trend","1009",2008,31.8,29.472775508835,24.500055775059,34.4454952426111,"tuning"
"trend","1010",2008,26.8,28.1240926865053,23.1513729527293,33.0968124202814,"tuning"
"trend","1011",2008,26.8,30.970810372577,25.998090638801,35.9435301063531,"tuning"
"trend","1012",2008,33.6,30.7953656458159,25.8226459120398,35.768085379592,"tuning"
"trend","1013",2008,32.4,26.675244895457,21.702525161681,31.6479646292331,"tuning"
"trend","1014",2008,26.8,26.5860969374477,21.6133772036717,31.5588166712238,"tuning"
"trend","1015",2008,27.6,33.6026513579536,28.6299316241775,38.5753710917296,"tuning"
"trend","1016",2008,25.5,32.3468962568805,27.3741765231044,37.3196159906566,"tuning"
"trend","1001",2009,35.9,34.2556670723926,29.2829473386165,39.2283868061686,"calibration"
"trend","1002",2009,33.8,31.5753260757286,26.6026063419525,36.5480458095047,"calibration"
"trend","1003",2009,32.2,29.0877040549681,24.1149843211921,34.0604237887442,"calibration"
"trend","1004",2009,31.1,29.2685532910793,24.2958335573032,34.2412730248553,"calibration"
"trend","1005",2009,35.4,25.1755898484455,20.2028701146695,30.1483095822216,"calibration"
"trend","1006",2009,31.9,32.5582549311754,27.5855351973993,37.5309746649514,"calibration"
"trend","1007",2009,26.9,27.9295408109936,22.9568210772175,32.9022605447697,"calibration"
"trend","1008",2009,44.9,41.489949346139,36.5172296123629,46.462669079915,"calibration"
"trend","1009",2009,30.4,30.4303626915449,25.4576429577688,35.4030824253209,"calibration"
"trend","1010",2009,28.4,28.7041640489319,23.7314443151558,33.6768837827079,"calibration"
"trend","1011",2009,34.8,30.9086465492283,25.9359268154522,35.8813662830043,"calibration"
"trend","1012",2009,31.1,31.3328765656934,26.3601568319173,36.3055962994694,"calibration"
"trend","1013",2009,28.5,28.4246546182848,23.4519348845087,33.3973743520608,"calibration"
"trend","1014",2009,31,27.0275753916861,22.05485565791,32.0002951254621,"calibration"
"trend","1015",2009,39.8,33.1834081034416,28.2106883696656,38.1561278372177,"calibration"
"trend","1016",2009,39.5,31.9418238637196,26.9691041299436,36.9145435974957,"calibration"
"trend","1001",2010,39.1,34.7518606698199,29.7791409360439,39.724580403596,"calibration"
"trend","1002",2010,32.9,30.3491379077695,25.3764181739934,35.3218576415455,"calibration"
"trend","1003",2010,31.9,29.2248493366138,24.2521296028378,34.1975690703899,"calibration"
"trend","1004",2010,30.5,30.6606557087709,25.6879359749948,35.633375442547,"calibration"
"trend","1005",2010,35,24.4249243453087,19.4522046115327,29.3976440790848,"calibration"
"trend","1006",2010,30.6,33.2744934722124,28.3017737384363,38.2472132059885,"calibration"
"trend","1007",2010,29,27.893215048341,22.920495314565,32.8659347821171,"calibration"
"trend","1008",2010,44,43.0562462031366,38.0835264693605,48.0289659369127,"calibration"
"trend","1009",2010,31.8,31.1838802514433,26.2111605176673,36.1565999852194,"calibration"
"trend","1010",2010,33.5,29.0000674697436,24.0273477359675,33.9727872035197,"calibration"
"trend","1011",2010,36.6,30.4692573598456,25.4965376260695,35.4419770936217,"calibration"
"trend","1012",2010,28.4,31.9372112506086,26.9644915168325,36.9099309843847,"calibration"
"trend","1013",2010,24.7,29.9237418107044,24.9510220769284,34.8964615444805,"calibration"
"trend","1014",2010,44.8,27.4953121304863,22.5225923967102,32.4680318642623,"calibration"
"trend","1015",2010,37.2,32.2272802662239,27.2545605324479,37.2,"calibration"
"trend","1016",2010,42.6,31.2909011424498,26.3181814086738,36.2636208762259,"calibration"
"trend","1001",2011,39.3,35.8356657822431,30.862946048467,40.8083855160192,"calibration"
"trend","1002",2011,32.1,31.7399309454189,26.7672112116428,36.712650679195,"calibration"
"trend","1003",2011,32.3,30.8807219537066,25.9080022199305,35.8534416874826,"calibration"
"trend","1004",2011,31.2,31.0649071087538,26.0921873749778,36.0376268425299,"calibration"
"trend","1005",2011,23.8,28.7964822448274,23.8237625110513,33.7692019786035,"calibration"
"trend","1006",2011,34.2,32.9726338066204,27.9999140728443,37.9453535403964,"calibration"
"trend","1007",2011,28.3,27.9423896111535,22.9696698773775,32.9151093449296,"calibration"
"trend","1008",2011,45.8,44.4917409900618,39.5190212562858,49.4644607238379,"calibration"
"trend","1009",2011,30.1,31.5047516824703,26.5320319486942,36.4774714162463,"calibration"
"trend","1010",2011,26.7,30.270233455822,25.297513722046,35.2429531895981,"calibration"
"trend","1011",2011,32.2,32.8102278230786,27.8375080893025,37.7829475568547,"calibration"
"trend","1012",2011,35.2,31.289285764578,26.3165660308019,36.262005498354,"calibration"
"trend","1013",2011,28.9,29.3600566393734,24.3873369055974,34.3327763731495,"calibration"
"trend","1014",2011,31.1,31.2039430540354,26.2312233202593,36.1766627878115,"calibration"
"trend","1015",2011,32.6,34.9260108501614,29.9532911163854,39.8987305839375,"calibration"
"trend","1016",2011,32.5,35.5320369319026,30.5593171981266,40.5047566656787,"calibration"
"trend","1001",2012,40.5,37.1595508038579,32.1868310700818,42.1322705376339,"evaluation"
"trend","1002",2012,36.5,32.247040585988,27.2743208522119,37.219760319764,"evaluation"
"trend","1003",2012,31.8,31.8221312168927,26.8494114831166,36.7948509506688,"evaluation"
"trend","1004",2012,32.8,31.2616132120255,26.2888934782494,36.2343329458015,"evaluation"
"trend","1005",2012,34.3,30.0053056176729,25.0325858838969,34.978025351449,"evaluation"
"trend","1006",2012,35.6,32.9315595327298,27.9588397989538,37.9042792665059,"evaluation"
"trend","1007",2012,31.2,28.3676602387587,23.3949405049827,33.3403799725348,"evaluation"
"trend","1008",2012,46.5,45.3560628108706,40.3833430770945,50.3287825446466,"evaluation"
"trend","1009",2012,31.9,31.8599361702304,26.8872164364543,36.8326559040065,"evaluation"
"trend","1010",2012,29.5,31.4738309088794,26.5011111751034,36.4465506426555,"evaluation"
"trend","1011",2012,34.8,34.0859778328856,29.1132580991095,39.0586975666616,"evaluation"
"trend","1012",2012,35.5,31.0365162927493,26.0637965589733,36.0092360265254,"evaluation"
"trend","1013",2012,29.8,28.7084133772929,23.7356936435168,33.6811331110689,"evaluation"
"trend","1014",2012,33.7,34.8887826129179,29.9160628791418,39.8615023466939,"evaluation"
"trend","1015",2012,38.6,35.3979438802037,30.4252241464277,40.3706636139798,"evaluation"
"trend","1016",2012,37.2,37.5833982671192,32.6106785333432,42.5561180008953,"evaluation"
"trend","1001",2013,40,38.3172940334482,33.3445742996721,43.2900137672242,"evaluation"
"trend","1002",2013,37.9,32.7885129868535,27.8157932530775,37.7612327206296,"evaluation"
"trend","1003",2013,30.2,32.5759323276641,27.603212593888,37.5486520614402,"evaluation"
"trend","1004",2013,32.3,31.666098314968,26.6933785811919,36.638818048744,"evaluation"
"trend","1005",2013,40.1,29.3191380255555,24.3464182917794,34.2918577593315,"evaluation"
"trend","1006",2013,31.5,33.7514227192079,28.7787029854319,38.724142452984,"evaluation"
"trend","1007",2013,32,28.7583272411647,23.7856075073886,33.7310469749407,"evaluation"
"trend","1008",2013,42.3,46.4214786515334,41.4487589177573,51.3941983853094,"evaluation"
"trend","1009",2013,29.2,31.8829036127079,26.9101838789319,36.855623346484,"evaluation"
"trend","1010",2013,29.6,31.1217069582357,26.1489872244596,36.0944266920118,"evaluation"
"trend","1011",2013,37.4,34.3106445296605,29.3379247958844,39.2833642634365,"evaluation"
"trend","1012",2013,32.8,32.3152991947742,27.3425794609981,37.2880189285502,"evaluation"
"trend","1013",2013,29.7,29.1352596468495,24.1625399130735,34.1079793806256,"evaluation"
"trend","1014",2013,35.6,35.0070073252722,30.0342875914962,39.9797270590483,"evaluation"
"trend","1015",2013,39.2,35.2182901312321,30.245570397456,40.1910098650081,"evaluation"
"trend","1016",2013,42.2,37.3365975517002,32.3638778179241,42.3093172854763,"evaluation"
"trend","1001",2014,46.4,39.451650175366,34.4789304415899,44.424369909142,"evaluation"
"trend","1002",2014,40.2,34.3256126248642,29.3528928910882,39.2983323586403,"evaluation"
"trend","1003",2014,36.3,32.8908068068398,27.9180870730637,37.8635265406159,"evaluation"
"trend","1004",2014,35.6,32.2994538336102,27.3267340998342,37.2721735673863,"evaluation"
"trend","1005",2014,44.1,31.5979394059548,26.6252196721787,36.5706591397308,"evaluation"
"trend","1006",2014,37.9,34.4061684607011,29.433448726925,39.3788881944771,"evaluation"
"trend","1007",2014,33.3,29.7873702403205,24.8146505065445,34.7600899740966,"evaluation"
"trend","1008",2014,52.1,47.0551195282935,42.0823997945174,52.0278392620696,"evaluation"
"trend","1009",2014,34.9,32.0857637007583,27.1130439669823,37.0584834345344,"evaluation"
"trend","1010",2014,31.7,31.4200983592235,26.4473786254475,36.3928180929996,"evaluation"
"trend","1011",2014,40.6,35.2325309295918,30.2598111958157,40.2052506633678,"evaluation"
"trend","1012",2014,38.7,33.2140297908433,28.2413100570673,38.1867495246194,"evaluation"
"trend","1013",2014,34.5,29.6531710913458,24.6804513575697,34.6258908251219,"evaluation"
"trend","1014",2014,37.4,35.7512156952097,30.7784959614336,40.7239354289858,"evaluation"
"trend","1015",2014,43.6,36.4938999428767,31.5211802091006,41.4666196766527,"evaluation"
"trend","1016",2014,49.7,38.5140575070955,33.5413377733194,43.4867772408715,"evaluation"
"trend","1001",2015,42.9,40.7710901451784,35.7983704114023,45.7438098789544,"evaluation"
"trend","1002",2015,32,36.0404958661164,31.0677761323403,41.0132155998925,"evaluation"
"trend","1003",2015,30.4,33.2712077291477,28.2984879953716,38.2439274629238,"evaluation"
"trend","1004",2015,34.2,32.9573204557826,27.9846007220066,37.9300401895587,"evaluation"
"trend","1005",2015,34.2,35.0519209745026,30.0792012407265,40.0246407082787,"evaluation"
"trend","1006",2015,33.7,34.537350410508,29.5646306767319,39.510070144284,"evaluation"
"trend","1007",2015,26.7,30.8803416453147,25.9076219115386,35.8530613790907,"evaluation"
"trend","1008",2015,43.8,47.4099211036597,42.4372013698836,52.3826408374357,"evaluation"
"trend","1009",2015,32,32.1149003888656,27.1421806550896,37.0876201226417,"evaluation"
"trend","1010",2015,26.8,31.8004748057415,26.8277550719654,36.7731945395175,"evaluation"
"trend","1011",2015,36.8,36.7922288863903,31.8195091526143,41.7649486201664,"evaluation"
"trend","1012",2015,33.2,33.8344534870523,28.8617337532762,38.8071732208283,"evaluation"
"trend","1013",2015,31.7,30.447530645887,25.4748109121109,35.420250379663,"evaluation"
"trend","1014",2015,31.4,36.8469515977013,31.8742318639253,41.8196713314774,"evaluation"
"trend","1015",2015,37.3,38.0201716866095,33.0474519528334,42.9928914203856,"evaluation"
"trend","1016",2015,45.5,41.1892551173918,36.2165353836157,46.1619748511678,"evaluation"
"trend","1001",2016,44.6,42.5612759596542,37.5885562258782,47.5339956934303,"evaluation"
"trend","1002",2016,36,37.0490529457949,32.0763332120189,42.021772679571,"evaluation"
"trend","1003",2016,31,34.2004668763869,29.2277471426108,39.173186610163,"evaluation"
"trend","1004",2016,38.1,33.8977029860118,28.9249832522357,38.8704227197878,"evaluation"
"trend","1005",2016,35.8,37.4265847228776,32.4538649891016,42.3993044566537,"evaluation"
"trend","1006",2016,36.7,35.4568103091846,30.4840905754086,40.4295300429607,"evaluation"
"trend","1007",2016,31,31.3984760925842,26.4257563588081,36.3711958263602,"evaluation"
"trend","1008",2016,52.4,48.8043064512457,43.8315867174696,53.7770261850217,"evaluation"
"trend","1009",2016,34,32.9340410860295,27.9613213522535,37.9067608198056,"evaluation"
"trend","1010",2016,28.5,32.1170560237875,27.1443362900115,37.0897757575636,"evaluation"
"trend","1011",2016,36,38.1755951928543,33.2028754590782,43.1483149266303,"evaluation"
"trend","1012",2016,37.7,34.8960433268858,29.9233235931097,39.8687630606619,"evaluation"
"trend","1013",2016,30.9,31.6391514655656,26.6664317317896,36.6118711993417,"evaluation"
"trend","1014",2016,33.1,37.5363704297525,32.5636506959764,42.5090901635285,"evaluation"
"trend","1015",2016,38,39.3908426350703,34.4181229012943,44.3635623688464,"evaluation"
"trend","1016",2016,41.2,44.0642037126165,39.0914839788404,49.0369234463925,"evaluation"
"trend","1001",2017,45.3,43.5209035990902,38.5481838653141,48.4936233328662,"evaluation"
"trend","1002",2017,40.1,36.6935563001453,31.7208365663693,41.6662760339214,"evaluation"
"trend","1003",2017,34.1,33.9529990278186,28.9802792940426,38.9257187615947,"evaluation"
"trend","1004",2017,40.3,34.6722650805191,29.6995453467431,39.6449848142952,"evaluation"
"trend","1005",2017,39.2,37.7436913488553,32.7709716150792,42.7164110826313,"evaluation"
"trend","1006",2017,37.7,35.6680245216157,30.6953047878396,40.6407442553917,"evaluation"
"trend","1007",2017,32,30.941572008336,25.96885227456,35.9142917421121,"evaluation"
"trend","1008",2017,51.3,49.0391476053766,44.0664278716005,54.0118673391526,"evaluation"
"trend","1009",2017,35.4,33.2249270574666,28.2522073236905,38.1976467912427,"evaluation"
"trend","1010",2017,31,31.5967910815312,26.6240713477552,36.5695108153073,"evaluation"
"trend","1011",2017,38.6,38.5742456884035,33.6015259546274,43.5469654221796,"evaluation"
"trend","1012",2017,39.6,35.1075796859885,30.1348599522125,40.0802994197646,"evaluation"
"trend","1013",2017,33.1,32.072197491539,27.0994777577629,37.0449172253151,"evaluation"
"trend","1014",2017,31.6,37.1181474629103,32.1454277291342,42.0908671966863,"evaluation"
"trend","1015",2017,42.1,39.4604412235082,34.4877214897322,44.4331609572843,"evaluation"
"trend","1016",2017,44.2,45.3892072053393,40.4164874715632,50.3619269391154,"evaluation"
"trend","1001",2018,38,44.6063084233073,39.6335886895313,49.5790281570834,"evaluation"
"trend","1002",2018,30,37.3280236438606,32.3553039100846,42.3007433776367,"evaluation"
"trend","1003",2018,28.1,34.0274065240784,29.0546867903023,39.0001262578544,"evaluation"
"trend","1004",2018,36.9,36.0947593255508,31.1220395917747,41.0674790593268,"evaluation"
"trend","1005",2018,22.2,38.4533589571129,33.4806392233369,43.426078690889,"evaluation"
"trend","1006",2018,34.9,36.3994164186914,31.4266966849153,41.3721361524674,"evaluation"
"trend","1007",2018,27.7,31.3524540332128,26.3797342994367,36.3251737669889,"evaluation"
"trend","1008",2018,44.3,50.5926047760238,45.6198850422477,55.5653245097998,"evaluation"
"trend","1009",2018,31.1,33.8784556826804,28.9057359489044,38.8511754164565,"evaluation"
"trend","1010",2018,24.7,31.5970946079691,26.6243748741931,36.5698143417452,"evaluation"
"trend","1011",2018,28.7,38.8968362216946,33.9241164879186,43.8695559554707,"evaluation"
"trend","1012",2018,34.7,36.1593610267926,31.1866412930165,41.1320807605686,"evaluation"
"trend","1013",2018,29.7,32.4106018681113,27.4378821343353,37.3833216018874,"evaluation"
"trend","1014",2018,27,36.9287967016229,31.9560769678468,41.9015164353989,"evaluation"
"trend","1015",2018,28.4,39.8799820573973,34.9072623236212,44.8527017911733,"evaluation"
"trend","1016",2018,30,45.8732674118206,40.9005476780446,50.8459871455967,"evaluation"
"panel_ridge","1001",2005,39.1,34.4521984057331,21.0348287065623,47.8695681049038,"tuning"
"panel_ridge","1002",2005,29.3,30.9066216131648,17.489251913994,44.3239913123355,"tuning"
"panel_ridge","1003",2005,28.3,24.4547997605167,11.037430061346,37.8721694596874,"tuning"
"panel_ridge","1004",2005,30.1,32.289223382056,18.8718536828853,45.7065930812267,"tuning"
"panel_ridge","1005",2005,31.1,26.1430651791516,12.7256954799808,39.5604348783223,"tuning"
"panel_ridge","1006",2005,33.2,27.2266229033728,13.8092532042021,40.6439926025435,"tuning"
"panel_ridge","1007",2005,28.6,31.9504936978288,18.5331239986581,45.3678633969996,"tuning"
"panel_ridge","1008",2005,43.1,37.9637495919994,24.5463798928286,51.3811192911701,"tuning"
"panel_ridge","1009",2005,28.6,30.9725428987799,17.5551731996091,44.3899125979506,"tuning"
"panel_ridge","1010",2005,28.4,29.157299656728,15.7399299575573,42.5746693558988,"tuning"
"panel_ridge","1011",2005,29.6,34.1701005286042,20.7527308294335,47.5874702277749,"tuning"
"panel_ridge","1012",2005,33.1,29.4590495468728,16.041679847702,42.8764192460435,"tuning"
"panel_ridge","1013",2005,28.7,25.9512381378731,12.5338684387024,39.3686078370438,"tuning"
"panel_ridge","1014",2005,24,27.4785804844528,14.061210785282,40.8959501836235,"tuning"
"panel_ridge","1015",2005,35.7,32.7851559436106,19.3677862444399,46.2025256427813,"tuning"
"panel_ridge","1016",2005,32.3,34.5504884735346,21.1331187743638,47.9678581727053,"tuning"
"panel_ridge","1001",2006,26.9,34.4214176200718,21.004047920901,47.8387873192425,"tuning"
"panel_ridge","1002",2006,27.9,27.2071817173879,13.7898120182172,40.6245514165586,"tuning"
"panel_ridge","1003",2006,23.7,23.0930106609503,9.67564096177952,36.510380360121,"tuning"
"panel_ridge","1004",2006,22.4,25.0554093670872,11.6380396679164,38.4727790662579,"tuning"
"panel_ridge","1005",2006,19.6,22.4177416855409,9.00037198637019,35.8351113847117,"tuning"
"panel_ridge","1006",2006,26.6,29.5941719176503,16.1768022184796,43.011541616821,"tuning"
"panel_ridge","1007",2006,23.3,22.879273548257,9.46190384908631,36.2966432474278,"tuning"
"panel_ridge","1008",2006,32.3,39.7529299694042,26.3355602702335,53.1702996685749,"tuning"
"panel_ridge","1009",2006,25,27.2149858411401,13.7976161419694,40.6323555403108,"tuning"
"panel_ridge","1010",2006,21.4,24.1240716381765,10.7067019390058,37.5414413373473,"tuning"
"panel_ridge","1011",2006,27.5,26.0391903514263,12.6218206522556,39.456560050597,"tuning"
"panel_ridge","1012",2006,25.5,31.3852785331853,17.9679088340146,44.802648232356,"tuning"
"panel_ridge","1013",2006,21.1,22.8693026063881,9.45193290721742,36.2866723055589,"tuning"
"panel_ridge","1014",2006,23.8,21.1048293008475,7.68745960167675,34.5221990000182,"tuning"
"panel_ridge","1015",2006,28.7,33.1617434300558,19.7443737308851,46.5791131292265,"tuning"
"panel_ridge","1016",2006,28.3,30.07688366542,16.6595139662493,43.4942533645907,"tuning"
"panel_ridge","1001",2007,34.3,31.8041452905831,18.3867755914123,45.2215149897538,"tuning"
"panel_ridge","1002",2007,34.5,32.0093297594776,18.5919600603069,45.4266994586484,"tuning"
"panel_ridge","1003",2007,31.3,26.15511405106,12.7377443518893,39.5724837502307,"tuning"
"panel_ridge","1004",2007,29.8,30.1880438715977,16.770674172427,43.6054135707684,"tuning"
"panel_ridge","1005",2007,27.9,26.1109825954827,12.693612896312,39.5283522946534,"tuning"
"panel_ridge","1006",2007,32.5,30.274832933697,16.8574632345263,43.6922026328677,"tuning"
"panel_ridge","1007",2007,28.1,29.6758447516362,16.2584750524655,43.0932144508069,"tuning"
"panel_ridge","1008",2007,41.3,33.596507875585,20.1791381764143,47.0138775747557,"tuning"
"panel_ridge","1009",2007,30.6,25.5137389395567,12.096369240386,38.9311086387275,"tuning"
"panel_ridge","1010",2007,28,31.7178328709887,18.300463171818,45.1352025701595,"tuning"
"panel_ridge","1011",2007,32.2,35.5454423251445,22.1280726259738,48.9628120243152,"tuning"
"panel_ridge","1012",2007,31.3,24.1954255070083,10.7780558078376,37.6127952061791,"tuning"
"panel_ridge","1013",2007,29,25.9568854554863,12.5395157563156,39.374255154657,"tuning"
"panel_ridge","1014",2007,27.8,32.2658309805224,18.8484612813516,45.6832006796931,"tuning"
"panel_ridge","1015",2007,36.1,32.8647805867566,19.4474108875858,46.2821502859273,"tuning"
"panel_ridge","1016",2007,33.5,36.3801712198398,22.9628015206691,49.7975409190105,"tuning"
"panel_ridge","1001",2008,35.3,33.8085823719646,20.3912126727939,47.2259520711354,"tuning"
"panel_ridge","1002",2008,25.4,27.4405945315489,14.0232248323781,40.8579642307196,"tuning"
"panel_ridge","1003",2008,26.9,24.8642106444572,11.4468409452864,38.2815803436279,"tuning"
"panel_ridge","1004",2008,33.4,32.0105538025985,18.5931841034277,45.4279235017692,"tuning"
"panel_ridge","1005",2008,19.7,22.9925278758112,9.5751581766405,36.409897574982,"tuning"
"panel_ridge","1006",2008,33.9,35.3252645910641,21.9078948918934,48.7426342902348,"tuning"
"panel_ridge","1007",2008,27.4,25.5645774657118,12.147207766541,38.9819471648825,"tuning"
"panel_ridge","1008",2008,43.9,41.3252522002177,27.907882501047,54.7426218993884,"tuning"
"panel_ridge","1009",2008,31.8,34.6538255011739,21.2364558020032,48.0711952003446,"tuning"
"panel_ridge","1010",2008,26.8,28.6975436017393,15.2801739025686,42.1149133009101,"tuning"
"panel_ridge","1011",2008,26.8,25.7609695844262,12.3435998852554,39.1783392835969,"tuning"
"panel_ridge","1012",2008,33.6,30.8730216884112,17.4556519892405,44.290391387582,"tuning"
"panel_ridge","1013",2008,32.4,27.9819707239845,14.5646010248138,41.3993404231553,"tuning"
"panel_ridge","1014",2008,26.8,23.102787117929,9.68541741875828,36.5201568170997,"tuning"
"panel_ridge","1015",2008,27.6,29.8426615926088,16.4252918934381,43.2600312917795,"tuning"
"panel_ridge","1016",2008,25.5,28.2035477346318,14.786178035461,41.6209174338025,"tuning"
"panel_ridge","1001",2009,35.9,38.7428829963047,25.325513297134,52.1602526954754,"calibration"
"panel_ridge","1002",2009,33.8,31.3767173409298,17.959347641759,44.7940870401005,"calibration"
"panel_ridge","1003",2009,32.2,31.1691289818863,17.7517592827155,44.586498681057,"calibration"
"panel_ridge","1004",2009,31.1,27.2814139623553,13.8640442631845,40.698783661526,"calibration"
"panel_ridge","1005",2009,35.4,31.5104524643113,18.0930827651406,44.927822163482,"calibration"
"panel_ridge","1006",2009,31.9,31.7559934726647,18.338623773494,45.1733631718354,"calibration"
"panel_ridge","1007",2009,26.9,33.2561859019171,19.8388162027463,46.6735556010878,"calibration"
"panel_ridge","1008",2009,44.9,43.7727660986644,30.3553963994937,57.1901357978351,"calibration"
"panel_ridge","1009",2009,30.4,28.5893749793789,15.1720052802082,42.0067446785497,"calibration"
"panel_ridge","1010",2009,28.4,26.2956699548974,12.8783002557267,39.7130396540682,"calibration"
"panel_ridge","1011",2009,34.8,30.6255569668371,17.2081872676664,44.0429266660079,"calibration"
"panel_ridge","1012",2009,31.1,34.4933385712103,21.0759688720396,47.910708270381,"calibration"
"panel_ridge","1013",2009,28.5,29.784833891583,16.3674641924123,43.2022035907537,"calibration"
"panel_ridge","1014",2009,31,24.0493388737809,10.6319691746102,37.4667085729517,"calibration"
"panel_ridge","1015",2009,39.8,37.2724480733864,23.8550783742157,50.6898177725571,"calibration"
"panel_ridge","1016",2009,39.5,33.9464385780177,20.529068878847,47.3638082771884,"calibration"
"panel_ridge","1001",2010,39.1,51.0314986273994,37.6141289282287,64.4488683265702,"calibration"
"panel_ridge","1002",2010,32.9,49.7228517139561,36.3054820147853,63.1402214131268,"calibration"
"panel_ridge","1003",2010,31.9,51.6379828079209,38.2206131087502,65.0553525070916,"calibration"
"panel_ridge","1004",2010,30.5,48.5958390756674,35.1784693764966,62.0132087748381,"calibration"
"panel_ridge","1005",2010,35,40.2312401182199,26.8138704190492,53.6486098173907,"calibration"
"panel_ridge","1006",2010,30.6,50.2220016240938,36.8046319249231,63.6393713232645,"calibration"
"panel_ridge","1007",2010,29,42.4173696991707,29,55.8347393983415,"calibration"
"panel_ridge","1008",2010,44,61.2198513108145,47.8024816116438,74.6372210099852,"calibration"
"panel_ridge","1009",2010,31.8,48.268196437247,34.8508267380762,61.6855661364177,"calibration"
"panel_ridge","1010",2010,33.5,48.9772245241539,35.5598548249831,62.3945942233246,"calibration"
"panel_ridge","1011",2010,36.6,46.5239518932907,33.10658219412,59.9413215924614,"calibration"
"panel_ridge","1012",2010,28.4,50.2934489180869,36.8760792189162,63.7108186172577,"calibration"
"panel_ridge","1013",2010,24.7,48.6716279966877,35.254258297517,62.0889976958585,"calibration"
"panel_ridge","1014",2010,44.8,48.6025169790434,35.1851472798726,62.0198866782141,"calibration"
"panel_ridge","1015",2010,37.2,49.8941139656355,36.4767442664647,63.3114836648062,"calibration"
"panel_ridge","1016",2010,42.6,45.5437208457246,32.1263511465538,58.9610905448953,"calibration"
"panel_ridge","1001",2011,39.3,47.7722510108752,34.3548813117045,61.1896207100459,"calibration"
"panel_ridge","1002",2011,32.1,40.619744799663,27.2023751004922,54.0371144988337,"calibration"
"panel_ridge","1003",2011,32.3,42.0635981888512,28.6462284896805,55.480967888022,"calibration"
"panel_ridge","1004",2011,31.2,37.9336578841747,24.516288185004,51.3510275833454,"calibration"
"panel_ridge","1005",2011,23.8,36.7824660998415,23.3650964006708,50.1998357990123,"calibration"
"panel_ridge","1006",2011,34.2,39.9749323801735,26.5575626810028,53.3923020793442,"calibration"
"panel_ridge","1007",2011,28.3,34.3496655107233,20.9322958115526,47.7670352098941,"calibration"
"panel_ridge","1008",2011,45.8,53.0347183398418,39.6173486406711,66.4520880390125,"calibration"
"panel_ridge","1009",2011,30.1,37.1361743348053,23.7188046356346,50.553544033976,"calibration"
"panel_ridge","1010",2011,26.7,34.9488573117692,21.5314876125985,48.3662270109399,"calibration"
"panel_ridge","1011",2011,32.2,39.2802342003773,25.8628645012065,52.697603899548,"calibration"
"panel_ridge","1012",2011,35.2,39.0365292634713,25.6191595643005,52.453898962642,"calibration"
"panel_ridge","1013",2011,28.9,37.1925147080006,23.7751450088298,50.6098844071713,"calibration"
"panel_ridge","1014",2011,31.1,39.7474072149526,26.3300375157819,53.1647769141233,"calibration"
"panel_ridge","1015",2011,32.6,42.7291193283857,29.311749629215,56.1464890275564,"calibration"
"panel_ridge","1016",2011,32.5,40.1990513091706,26.7816816099999,53.6164210083414,"calibration"
"panel_ridge","1001",2012,40.5,22.6060497643781,9.18868006520739,36.0234194635488,"evaluation"
"panel_ridge","1002",2012,36.5,19.8699031234574,6.45253342428672,33.2872728226282,"evaluation"
"panel_ridge","1003",2012,31.8,16.8493444881692,3.43197478899845,30.2667141873399,"evaluation"
"panel_ridge","1004",2012,32.8,19.0889227453985,5.67155304622781,32.5062924445693,"evaluation"
"panel_ridge","1005",2012,34.3,14.6837232943728,1.26635359520211,28.1010929935436,"evaluation"
"panel_ridge","1006",2012,35.6,12.1935001625889,-1.22386953658186,25.6108698617596,"evaluation"
"panel_ridge","1007",2012,31.2,12.2191147877651,-1.19825491140559,25.6364844869359,"evaluation"
"panel_ridge","1008",2012,46.5,26.1006743452328,12.683304646062,39.5180440444035,"evaluation"
"panel_ridge","1009",2012,31.9,17.1272806436948,3.70991094452407,30.5446503428655,"evaluation"
"panel_ridge","1010",2012,29.5,20.5181007477798,7.10073104860912,33.9354704469506,"evaluation"
"panel_ridge","1011",2012,34.8,19.9518517269216,6.53448202775092,33.3692214260924,"evaluation"
"panel_ridge","1012",2012,35.5,10.6109076005903,-2.80646209858046,24.028277299761,"evaluation"
"panel_ridge","1013",2012,29.8,13.9577731424415,0.540403443270742,27.3751428416122,"evaluation"
"panel_ridge","1014",2012,33.7,21.545436496548,8.12806679737724,34.9628061957187,"evaluation"
"panel_ridge","1015",2012,38.6,21.89465301272,8.47728331354928,35.3120227118907,"evaluation"
"panel_ridge","1016",2012,37.2,20.9018404511162,7.48447075194544,34.3192101502869,"evaluation"
"panel_ridge","1001",2013,40,39.7417826762249,26.3244129770542,53.1591523753957,"evaluation"
"panel_ridge","1002",2013,37.9,29.8374994049251,16.4201297057544,43.2548691040958,"evaluation"
"panel_ridge","1003",2013,30.2,32.1843526573863,18.7669829582156,45.601722356557,"evaluation"
"panel_ridge","1004",2013,32.3,26.8953336966966,13.4779639975258,40.3127033958673,"evaluation"
"panel_ridge","1005",2013,40.1,27.854714468221,14.4373447690503,41.2720841673918,"evaluation"
"panel_ridge","1006",2013,31.5,28.8621967689959,15.4448270698251,42.2795664681666,"evaluation"
"panel_ridge","1007",2013,32,28.7040894827867,15.2867197836159,42.1214591819574,"evaluation"
"panel_ridge","1008",2013,42.3,45.4203519388589,32.0029822396882,58.8377216380296,"evaluation"
"panel_ridge","1009",2013,29.2,26.1887051474321,12.7713354482614,39.6060748466029,"evaluation"
"panel_ridge","1010",2013,29.6,26.002428426323,12.5850587271522,39.4197981254937,"evaluation"
"panel_ridge","1011",2013,37.4,28.5348621174277,15.117492418257,41.9522318165984,"evaluation"
"panel_ridge","1012",2013,32.8,30.2747736951891,16.8574039960183,43.6921433943598,"evaluation"
"panel_ridge","1013",2013,29.7,27.681402144641,14.2640324454703,41.0987718438117,"evaluation"
"panel_ridge","1014",2013,35.6,30.9493074228102,17.5319377236395,44.366677121981,"evaluation"
"panel_ridge","1015",2013,39.2,35.1353695157795,21.7179998166088,48.5527392149503,"evaluation"
"panel_ridge","1016",2013,42.2,37.0525979802752,23.6352282811045,50.4699676794459,"evaluation"
"panel_ridge","1001",2014,46.4,43.6449002120487,30.2275305128779,57.0622699112194,"evaluation"
"panel_ridge","1002",2014,40.2,40.064975623481,26.6476059243103,53.4823453226517,"evaluation"
"panel_ridge","1003",2014,36.3,36.7025684216139,23.2851987224432,50.1199381207846,"evaluation"
"panel_ridge","1004",2014,35.6,38.830889511478,25.4135198123073,52.2482592106488,"evaluation"
"panel_ridge","1005",2014,44.1,32.5018296590432,19.0844599598725,45.919199358214,"evaluation"
"panel_ridge","1006",2014,37.9,37.4613260043686,24.0439563051979,50.8786957035393,"evaluation"
"panel_ridge","1007",2014,33.3,28.8265275831726,15.4091578840019,42.2438972823433,"evaluation"
"panel_ridge","1008",2014,52.1,47.2677149914209,33.8503452922501,60.6850846905916,"evaluation"
"panel_ridge","1009",2014,34.9,34.893556702047,21.4761870028763,48.3109264012178,"evaluation"
"panel_ridge","1010",2014,31.7,38.6932459678043,25.2758762686336,52.110615666975,"evaluation"
"panel_ridge","1011",2014,40.6,41.8401704553216,28.4228007561509,55.2575401544924,"evaluation"
"panel_ridge","1012",2014,38.7,34.3946920890646,20.9773223898938,47.8120617882353,"evaluation"
"panel_ridge","1013",2014,34.5,32.9689305473983,19.5515608482276,46.386300246569,"evaluation"
"panel_ridge","1014",2014,37.4,43.4562257375711,30.0388560384004,56.8735954367418,"evaluation"
"panel_ridge","1015",2014,43.6,42.1581399711182,28.7407702719475,55.5755096702889,"evaluation"
"panel_ridge","1016",2014,49.7,42.0503870416777,28.6330173425069,55.4677567408484,"evaluation"
"panel_ridge","1001",2015,42.9,36.3334267692857,22.916057070115,49.7507964684565,"evaluation"
"panel_ridge","1002",2015,32,34.9890763055175,21.5717066063468,48.4064460046882,"evaluation"
"panel_ridge","1003",2015,30.4,27.3858670381084,13.9684973389377,40.8032367372791,"evaluation"
"panel_ridge","1004",2015,34.2,30.7561451574796,17.3387754583089,44.1735148566503,"evaluation"
"panel_ridge","1005",2015,34.2,31.2190544232591,17.8016847240884,44.6364241224299,"evaluation"
"panel_ridge","1006",2015,33.7,27.976415004315,14.5590453051442,41.3937847034857,"evaluation"
"panel_ridge","1007",2015,26.7,24.1965138878462,10.7791441886755,37.613883587017,"evaluation"
"panel_ridge","1008",2015,43.8,41.6575760439531,28.2402063447824,55.0749457431239,"evaluation"
"panel_ridge","1009",2015,32,28.5543091838174,15.1369394846467,41.9716788829881,"evaluation"
"panel_ridge","1010",2015,26.8,30.499208818876,17.0818391197053,43.9165785180467,"evaluation"
"panel_ridge","1011",2015,36.8,37.2683671707656,23.8509974715949,50.6857368699363,"evaluation"
"panel_ridge","1012",2015,33.2,27.6018490876698,14.184479388499,41.0192187868405,"evaluation"
"panel_ridge","1013",2015,31.7,25.0279445503975,11.6105748512267,38.4453142495682,"evaluation"
"panel_ridge","1014",2015,31.4,37.1649070706627,23.747537371492,50.5822767698334,"evaluation"
"panel_ridge","1015",2015,37.3,36.3425180152943,22.9251483161236,49.7598877144651,"evaluation"
"panel_ridge","1016",2015,45.5,41.5777716150016,28.1604019158308,54.9951413141723,"evaluation"
"panel_ridge","1001",2016,44.6,42.9908151441253,29.5734454449545,56.408184843296,"evaluation"
"panel_ridge","1002",2016,36,40.9951711137467,27.577801414576,54.4125408129174,"evaluation"
"panel_ridge","1003",2016,31,33.2584697369967,19.8411000378259,46.6758394361674,"evaluation"
"panel_ridge","1004",2016,38.1,30.7137871206755,17.2964174215048,44.1311568198462,"evaluation"
"panel_ridge","1005",2016,35.8,39.4253826238984,26.0080129247276,52.8427523230691,"evaluation"
"panel_ridge","1006",2016,36.7,31.5809833600156,18.1636136608449,44.9983530591863,"evaluation"
"panel_ridge","1007",2016,31,33.5614964066378,20.1441267074671,46.9788661058085,"evaluation"
"panel_ridge","1008",2016,52.4,47.2526646810516,33.8352949818809,60.6700343802223,"evaluation"
"panel_ridge","1009",2016,34,27.5653470361256,14.1479773369549,40.9827167352963,"evaluation"
"panel_ridge","1010",2016,28.5,29.184076560354,15.7667068611833,42.6014462595248,"evaluation"
"panel_ridge","1011",2016,36,43.0479339883092,29.6305642891385,56.46530368748,"evaluation"
"panel_ridge","1012",2016,37.7,29.71873326344,16.3013635642693,43.1361029626107,"evaluation"
"panel_ridge","1013",2016,30.9,29.1911707854209,15.7738010862502,42.6085404845916,"evaluation"
"panel_ridge","1014",2016,33.1,38.5748656851777,25.1574959860069,51.9922353843484,"evaluation"
"panel_ridge","1015",2016,38,42.2680973165543,28.8507276173836,55.6854670157251,"evaluation"
"panel_ridge","1016",2016,41.2,49.6020352869466,36.1846655877759,63.0194049861174,"evaluation"
"panel_ridge","1001",2017,45.3,46.8854596023412,33.4680899031705,60.302829301512,"evaluation"
"panel_ridge","1002",2017,40.1,37.3997518604768,23.982382161306,50.8171215596475,"evaluation"
"panel_ridge","1003",2017,34.1,35.0674490291782,21.6500793300075,48.484818728349,"evaluation"
"panel_ridge","1004",2017,40.3,34.18787441228,20.7705047131092,47.6052441114507,"evaluation"
"panel_ridge","1005",2017,39.2,38.8560280164101,25.4386583172394,52.2733977155809,"evaluation"
"panel_ridge","1006",2017,37.7,35.7365529995063,22.3191833003356,49.153922698677,"evaluation"
"panel_ridge","1007",2017,32,32.5193299392062,19.1019602400355,45.936699638377,"evaluation"
"panel_ridge","1008",2017,51.3,53.0917558458558,39.674386146685,66.5091255450265,"evaluation"
"panel_ridge","1009",2017,35.4,34.5082114781109,21.0908417789402,47.9255811772817,"evaluation"
"panel_ridge","1010",2017,31,29.3318112288348,15.9144415296641,42.7491809280056,"evaluation"
"panel_ridge","1011",2017,38.6,37.8115022520921,24.3941325529213,51.2288719512628,"evaluation"
"panel_ridge","1012",2017,39.6,38.7895549047754,25.3721852056047,52.2069246039461,"evaluation"
"panel_ridge","1013",2017,33.1,32.9452868048651,19.5279171056944,46.3626565040358,"evaluation"
"panel_ridge","1014",2017,31.6,34.7815297197791,21.3641600206084,48.1988994189498,"evaluation"
"panel_ridge","1015",2017,42.1,42.249150088825,28.8317803896542,55.6665197879957,"evaluation"
"panel_ridge","1016",2017,44.2,44.7270217820175,31.3096520828468,58.1443914811883,"evaluation"
"panel_ridge","1001",2018,38,35.8176997439688,22.400330044798,49.2350694431395,"evaluation"
"panel_ridge","1002",2018,30,29.400972888665,15.9836031894943,42.8183425878358,"evaluation"
"panel_ridge","1003",2018,28.1,27.3930674490037,13.975697749833,40.8104371481745,"evaluation"
"panel_ridge","1004",2018,36.9,26.1535847952333,12.7362150960626,39.570954494404,"evaluation"
"panel_ridge","1005",2018,22.2,29.6999981134104,16.2826284142397,43.1173678125811,"evaluation"
"panel_ridge","1006",2018,34.9,29.7770954085824,16.3597257094117,43.1944651077532,"evaluation"
"panel_ridge","1007",2018,27.7,23.0334013176281,9.61603161845737,36.4507710167988,"evaluation"
"panel_ridge","1008",2018,44.3,45.499543673632,32.0821739744612,58.9169133728027,"evaluation"
"panel_ridge","1009",2018,31.1,27.1111038502138,13.6937341510431,40.5284735493845,"evaluation"
"panel_ridge","1010",2018,24.7,20.2415862013424,6.82421650217163,33.6589559005131,"evaluation"
"panel_ridge","1011",2018,28.7,30.7506842189081,17.3333145197374,44.1680539180788,"evaluation"
"panel_ridge","1012",2018,34.7,33.0511272958299,19.6337575966591,46.4684969950006,"evaluation"
"panel_ridge","1013",2018,29.7,24.3126383563155,10.8952686571448,37.7300080554863,"evaluation"
"panel_ridge","1014",2018,27,26.8955082245918,13.478138525421,40.3128779237625,"evaluation"
"panel_ridge","1015",2018,28.4,32.3123130647003,18.8949433655295,45.729682763871,"evaluation"
"panel_ridge","1016",2018,30,37.5137427901768,24.0963730910061,50.9311124893475,"evaluation"
"hierarchical","1001",2005,39.1,33.9409954533558,26.6296887697447,41.2523021369669,"tuning"
"hierarchical","1002",2005,29.3,30.9876527390561,23.676346055445,38.2989594226672,"tuning"
"hierarchical","1003",2005,28.3,28.5610232783904,21.2497165947793,35.8723299620015,"tuning"
"hierarchical","1004",2005,30.1,29.9138552880578,22.6025486044467,37.2251619716689,"tuning"
"hierarchical","1005",2005,31.1,30.8758456564272,23.5645389728161,38.1871523400383,"tuning"
"hierarchical","1006",2005,33.2,30.6720894932934,23.3607828096823,37.9833961769045,"tuning"
"hierarchical","1007",2005,28.6,30.3949493709451,23.083642687334,37.7062560545562,"tuning"
"hierarchical","1008",2005,43.1,35.4340076080779,28.1227009244668,42.745314291689,"tuning"
"hierarchical","1009",2005,28.6,29.8815107028975,22.5702040192864,37.1928173865086,"tuning"
"hierarchical","1010",2005,28.4,26.4110223611921,19.099715677581,33.7223290448032,"tuning"
"hierarchical","1011",2005,29.6,30.9810833736591,23.669776690048,38.2923900572702,"tuning"
"hierarchical","1012",2005,33.1,30.4292418010693,23.1179351174582,37.7405484846804,"tuning"
"hierarchical","1013",2005,28.7,27.6570324251625,20.3457257415514,34.9683391087735,"tuning"
"hierarchical","1014",2005,24,27.0598315305407,19.7485248469296,34.3711382141518,"tuning"
"hierarchical","1015",2005,35.7,33.5058209138612,26.1945142302501,40.8171275974723,"tuning"
"hierarchical","1016",2005,32.3,33.0076355710115,25.6963288874004,40.3189422546226,"tuning"
"hierarchical","1001",2006,26.9,33.5381227318719,26.2268160482608,40.849429415483,"tuning"
"hierarchical","1002",2006,27.9,29.6246630085132,22.3133563249021,36.9359696921243,"tuning"
"hierarchical","1003",2006,23.7,28.8495889916996,21.5382823080885,36.1608956753107,"tuning"
"hierarchical","1004",2006,22.4,28.1311378864873,20.8198312028762,35.4424445700983,"tuning"
"hierarchical","1005",2006,19.6,30.4936890029684,23.1823823193574,37.8049956865795,"tuning"
"hierarchical","1006",2006,26.6,31.2407416659429,23.9294349823318,38.552048349554,"tuning"
"hierarchical","1007",2006,23.3,29.5208421463582,22.2095354627472,36.8321488299693,"tuning"
"hierarchical","1008",2006,32.3,37.085788056606,29.7744813729949,44.3970947402171,"tuning"
"hierarchical","1009",2006,25,29.5623078378122,22.2510011542011,36.8736145214232,"tuning"
"hierarchical","1010",2006,21.4,25.3738704700905,18.0625637864794,32.6851771537016,"tuning"
"hierarchical","1011",2006,27.5,29.591004791657,22.2796981080459,36.9023114752681,"tuning"
"hierarchical","1012",2006,25.5,32.2621986212986,24.9508919376875,39.5735053049097,"tuning"
"hierarchical","1013",2006,21.1,28.4568765574858,21.1455698738747,35.7681832410968,"tuning"
"hierarchical","1014",2006,23.8,26.2002192104998,18.8889125268887,33.5115258941109,"tuning"
"hierarchical","1015",2006,28.7,32.7026180492839,25.3913113656728,40.013924732895,"tuning"
"hierarchical","1016",2006,28.3,32.4576252651637,25.1463185815526,39.7689319487748,"tuning"
"hierarchical","1001",2007,34.3,31.6419582924443,24.3306516088332,38.9532649760554,"tuning"
"hierarchical","1002",2007,34.5,29.8824257104528,22.5711190268417,37.1937323940638,"tuning"
"hierarchical","1003",2007,31.3,28.3088155722133,20.9975088886022,35.6201222558244,"tuning"
"hierarchical","1004",2007,29.8,28.5000745144965,21.1887678308854,35.8113811981076,"tuning"
"hierarchical","1005",2007,27.9,26.2564947098443,18.9451880262332,33.5678013934553,"tuning"
"hierarchical","1006",2007,32.5,31.2615014431894,23.9501947595783,38.5728081268005,"tuning"
"hierarchical","1007",2007,28.1,29.8788682788483,22.5675615952372,37.1901749624594,"tuning"
"hierarchical","1008",2007,41.3,34.9804988611222,27.6691921775111,42.2918055447333,"tuning"
"hierarchical","1009",2007,30.6,28.4201720074283,21.1088653238173,35.7314786910394,"tuning"
"hierarchical","1010",2007,28,27.6468771236796,20.3355704400685,34.9581838072907,"tuning"
"hierarchical","1011",2007,32.2,33.1647593745141,25.8534526909031,40.4760660581252,"tuning"
"hierarchical","1012",2007,31.3,28.8996853593834,21.5883786757723,36.2109920429945,"tuning"
"hierarchical","1013",2007,29,28.067262380443,20.755955696832,35.3785690640541,"tuning"
"hierarchical","1014",2007,27.8,29.4263819424042,22.1150752587932,36.7376886260153,"tuning"
"hierarchical","1015",2007,36.1,31.1202934328594,23.8089867492483,38.4316001164705,"tuning"
"hierarchical","1016",2007,33.5,32.7311741047102,25.4198674210992,40.0424807883213,"tuning"
"hierarchical","1001",2008,35.3,32.9968568879346,25.6855502043235,40.3081635715456,"tuning"
"hierarchical","1002",2008,25.4,28.556417406408,21.2451107227969,35.8677240900191,"tuning"
"hierarchical","1003",2008,26.9,28.613240108313,21.3019334247019,35.9245467919241,"tuning"
"hierarchical","1004",2008,33.4,31.4850503658985,24.1737436822874,38.7963570495096,"tuning"
"hierarchical","1005",2008,19.7,25.7257132421659,18.4144065585548,33.037019925777,"tuning"
"hierarchical","1006",2008,33.9,32.5308971498499,25.2195904662388,39.842203833461,"tuning"
"hierarchical","1007",2008,27.4,26.4641225152844,19.1528158316733,33.7754291988955,"tuning"
"hierarchical","1008",2008,43.9,36.5933970056963,29.2820903220852,43.9047036893074,"tuning"
"hierarchical","1009",2008,31.8,32.9337377772478,25.6224310936367,40.2450444608589,"tuning"
"hierarchical","1010",2008,26.8,27.593385066726,20.2820783831149,34.9046917503371,"tuning"
"hierarchical","1011",2008,26.8,27.302611327783,19.9913046441719,34.6139180113941,"tuning"
"hierarchical","1012",2008,33.6,31.8712851170754,24.5599784334643,39.1825918006865,"tuning"
"hierarchical","1013",2008,32.4,29.3067944811962,21.9954877975851,36.6181011648072,"tuning"
"hierarchical","1014",2008,26.8,26.3055421720467,18.9942354884356,33.6168488556578,"tuning"
"hierarchical","1015",2008,27.6,30.7850652606914,23.4737585770804,38.0963719443025,"tuning"
"hierarchical","1016",2008,25.5,28.3272815486705,21.0159748650594,35.6385882322815,"tuning"
"hierarchical","1001",2009,35.9,35.7899733979587,28.4786667143476,43.1012800815698,"calibration"
"hierarchical","1002",2009,33.8,30.6134785414137,23.3021718578026,37.9247852250248,"calibration"
"hierarchical","1003",2009,32.2,29.9048737746399,22.5935670910288,37.216180458251,"calibration"
"hierarchical","1004",2009,31.1,31.6239668946454,24.3126602110343,38.9352735782565,"calibration"
"hierarchical","1005",2009,35.4,30.0607552202062,22.7494485365952,37.3720619038173,"calibration"
"hierarchical","1006",2009,31.9,32.7694792523263,25.4581725687152,40.0807859359374,"calibration"
"hierarchical","1007",2009,26.9,30.2238209651726,22.9125142815616,37.5351276487837,"calibration"
"hierarchical","1008",2009,44.9,38.6386082444667,31.3273015608556,45.9499149280778,"calibration"
"hierarchical","1009",2009,30.4,30.4129328669401,23.101626183329,37.7242395505512,"calibration"
"hierarchical","1010",2009,28.4,27.8743013257288,20.5629946421178,35.1856080093399,"calibration"
"hierarchical","1011",2009,34.8,30.4347799389232,23.1234732553121,37.7460866225342,"calibration"
"hierarchical","1012",2009,31.1,32.0219176006967,24.7106109170856,39.3332242843078,"calibration"
"hierarchical","1013",2009,28.5,30.9340968040419,23.6227901204308,38.245403487653,"calibration"
"hierarchical","1014",2009,31,27.7189976850295,20.4076910014184,35.0303043686405,"calibration"
"hierarchical","1015",2009,39.8,33.4002621625934,26.0889554789824,40.7115688462045,"calibration"
"hierarchical","1016",2009,39.5,32.1403948517925,24.8290881681814,39.4517015354035,"calibration"
"hierarchical","1001",2010,39.1,42.2470465074208,34.9357398238097,49.5583531910319,"calibration"
"hierarchical","1002",2010,32.9,39.689264087999,32.3779574043879,47.0005707716101,"calibration"
"hierarchical","1003",2010,31.9,39.9508877176927,32.6395810340816,47.2621944013038,"calibration"
"hierarchical","1004",2010,30.5,38.2111304916262,30.8998238080151,45.5224371752373,"calibration"
"hierarchical","1005",2010,35,39.3899848336751,32.0786781500641,46.7012915172862,"calibration"
"hierarchical","1006",2010,30.6,44.3203955415101,37.009088857899,51.6317022251211,"calibration"
"hierarchical","1007",2010,29,36.3113066836111,29,43.6226133672222,"calibration"
"hierarchical","1008",2010,44,48.8776058961849,41.5662992125738,56.188912579796,"calibration"
"hierarchical","1009",2010,31.8,40.5150191528614,33.2037124692503,47.8263258364725,"calibration"
"hierarchical","1010",2010,33.5,34.8427415031878,27.5314348195767,42.1540481867989,"calibration"
"hierarchical","1011",2010,36.6,38.3116098776588,31.0003031940477,45.6229165612699,"calibration"
"hierarchical","1012",2010,28.4,43.6581133538913,36.3468066702802,50.9694200375024,"calibration"
"hierarchical","1013",2010,24.7,39.2550329164423,31.9437262328312,46.5663396000534,"calibration"
"hierarchical","1014",2010,44.8,37.3988012989122,30.0874946153011,44.7101079825233,"calibration"
"hierarchical","1015",2010,37.2,42.0532532211514,34.7419465375403,49.3645599047625,"calibration"
"hierarchical","1016",2010,42.6,41.4499985770906,34.1386918934795,48.7613052607016,"calibration"
"hierarchical","1001",2011,39.3,33.1739481827236,25.8626414991125,40.4852548663347,"calibration"
"hierarchical","1002",2011,32.1,29.4517338884677,22.1404272048566,36.7630405720787,"calibration"
"hierarchical","1003",2011,32.3,29.0517934372402,21.7404867536291,36.3631001208513,"calibration"
"hierarchical","1004",2011,31.2,31.1141283218345,23.8028216382234,38.4254350054456,"calibration"
"hierarchical","1005",2011,23.8,26.9243180522583,19.6130113686472,34.2356247358694,"calibration"
"hierarchical","1006",2011,34.2,32.4452731947752,25.1339665111641,39.7565798783863,"calibration"
"hierarchical","1007",2011,28.3,27.5450601184343,20.2337534348232,34.8563668020454,"calibration"
"hierarchical","1008",2011,45.8,37.8269340397212,30.5156273561101,45.1382407233323,"calibration"
"hierarchical","1009",2011,30.1,31.389814212807,24.0785075291959,38.701120896418,"calibration"
"hierarchical","1010",2011,26.7,29.474323581114,22.1630168975029,36.7856302647251,"calibration"
"hierarchical","1011",2011,32.2,31.1363111031435,23.8250044195324,38.4476177867546,"calibration"
"hierarchical","1012",2011,35.2,30.7702401480504,23.4589334644393,38.0815468316615,"calibration"
"hierarchical","1013",2011,28.9,28.2243493520475,20.9130426684365,35.5356560356586,"calibration"
"hierarchical","1014",2011,31.1,31.7519267832269,24.4406200996159,39.063233466838,"calibration"
"hierarchical","1015",2011,32.6,30.8235897825951,23.512283098984,38.1348964662062,"calibration"
"hierarchical","1016",2011,32.5,30.5600273861224,23.2487207025113,37.8713340697335,"calibration"
"hierarchical","1001",2012,40.5,34.6601802375599,27.3488735539488,41.971486921171,"evaluation"
"hierarchical","1002",2012,36.5,31.8850193066725,24.5737126230614,39.1963259902836,"evaluation"
"hierarchical","1003",2012,31.8,30.2327991880383,22.9214925044272,37.5441058716494,"evaluation"
"hierarchical","1004",2012,32.8,30.6819906590203,23.3706839754092,37.9932973426313,"evaluation"
"hierarchical","1005",2012,34.3,28.8546351768968,21.5433284932857,36.1659418605079,"evaluation"
"hierarchical","1006",2012,35.6,30.6783980181949,23.3670913345838,37.989704701806,"evaluation"
"hierarchical","1007",2012,31.2,29.1738952244489,21.8625885408378,36.48520190806,"evaluation"
"hierarchical","1008",2012,46.5,38.549949221022,31.2386425374109,45.861255904633,"evaluation"
"hierarchical","1009",2012,31.9,29.6480688196864,22.3367621360753,36.9593755032975,"evaluation"
"hierarchical","1010",2012,29.5,28.2793638867319,20.9680572031208,35.590670570343,"evaluation"
"hierarchical","1011",2012,34.8,31.1332484118044,23.8219417281933,38.4445550954155,"evaluation"
"hierarchical","1012",2012,35.5,30.5470162095585,23.2357095259474,37.8583228931696,"evaluation"
"hierarchical","1013",2012,29.8,27.9554528979645,20.6441462143534,35.2667595815756,"evaluation"
"hierarchical","1014",2012,33.7,30.6842809157645,23.3729742321535,37.9955875993756,"evaluation"
"hierarchical","1015",2012,38.6,33.6650524858108,26.3537458021997,40.9763591694219,"evaluation"
"hierarchical","1016",2012,37.2,31.6256892552972,24.3143825716861,38.9369959389083,"evaluation"
"hierarchical","1001",2013,40,37.7297708837936,30.4184642001825,45.0410775674047,"evaluation"
"hierarchical","1002",2013,37.9,32.1321606699138,24.8208539863027,39.4434673535248,"evaluation"
"hierarchical","1003",2013,30.2,31.9328580472722,24.6215513636611,39.2441647308833,"evaluation"
"hierarchical","1004",2013,32.3,30.4271933082669,23.1158866246558,37.738499991878,"evaluation"
"hierarchical","1005",2013,40.1,32.5361540253807,25.2248473417696,39.8474607089918,"evaluation"
"hierarchical","1006",2013,31.5,34.3001563005455,26.9888496169344,41.6114629841566,"evaluation"
"hierarchical","1007",2013,32,31.1931268161015,23.8818201324904,38.5044334997126,"evaluation"
"hierarchical","1008",2013,42.3,41.5841584534133,34.2728517698022,48.8954651370244,"evaluation"
"hierarchical","1009",2013,29.2,31.3326701451218,24.0213634615107,38.6439768287329,"evaluation"
"hierarchical","1010",2013,29.6,26.9363303464406,19.6250236628295,34.2476370300516,"evaluation"
"hierarchical","1011",2013,37.4,31.2451247236734,23.9338180400623,38.5564314072844,"evaluation"
"hierarchical","1012",2013,32.8,34.0217095627215,26.7104028791104,41.3330162463326,"evaluation"
"hierarchical","1013",2013,29.7,30.4345330441495,23.1232263605384,37.7458397277606,"evaluation"
"hierarchical","1014",2013,35.6,29.9571274491388,22.6458207655277,37.2684341327499,"evaluation"
"hierarchical","1015",2013,39.2,35.0325966399816,27.7212899563705,42.3439033235926,"evaluation"
"hierarchical","1016",2013,42.2,33.5223036555184,26.2109969719073,40.8336103391294,"evaluation"
"hierarchical","1001",2014,46.4,41.2314177353557,33.9201110517446,48.5427244189668,"evaluation"
"hierarchical","1002",2014,40.2,37.0400317536499,29.7287250700389,44.351338437261,"evaluation"
"hierarchical","1003",2014,36.3,35.0692313017917,27.7579246181806,42.3805379854027,"evaluation"
"hierarchical","1004",2014,35.6,37.6224469202375,30.3111402366264,44.9337536038486,"evaluation"
"hierarchical","1005",2014,44.1,35.7674854655414,28.4561787819303,43.0787921491525,"evaluation"
"hierarchical","1006",2014,37.9,37.5144809572672,30.2031742736561,44.8257876408783,"evaluation"
"hierarchical","1007",2014,33.3,34.4136722628542,27.1023655792431,41.7249789464653,"evaluation"
"hierarchical","1008",2014,52.1,45.5506309992778,38.2393243156667,52.8619376828889,"evaluation"
"hierarchical","1009",2014,34.9,36.3063037282877,28.9949970446766,43.6176104118988,"evaluation"
"hierarchical","1010",2014,31.7,35.5386843450926,28.2273776614815,42.8499910287037,"evaluation"
"hierarchical","1011",2014,40.6,36.6325002206816,29.3211935370705,43.9438069042927,"evaluation"
"hierarchical","1012",2014,38.7,37.7063723225035,30.3950656388924,45.0176790061146,"evaluation"
"hierarchical","1013",2014,34.5,34.491470750537,27.1801640669259,41.802777434148,"evaluation"
"hierarchical","1014",2014,37.4,36.4123804605396,29.1010737769285,43.7236871441506,"evaluation"
"hierarchical","1015",2014,43.6,39.0982167333146,31.7869100497035,46.4095234169257,"evaluation"
"hierarchical","1016",2014,49.7,38.6804934572454,31.3691867736343,45.9918001408565,"evaluation"
"hierarchical","1001",2015,42.9,40.8662404269385,33.5549337433274,48.1775471105496,"evaluation"
"hierarchical","1002",2015,32,36.3252128386499,29.0139061550388,43.636519522261,"evaluation"
"hierarchical","1003",2015,30.4,34.3210487115398,27.0097420279287,41.6323553951509,"evaluation"
"hierarchical","1004",2015,34.2,34.5972447909384,27.2859381073274,41.9085514745495,"evaluation"
"hierarchical","1005",2015,34.2,36.1355031824964,28.8241964988853,43.4468098661075,"evaluation"
"hierarchical","1006",2015,33.7,37.2782461008096,29.9669394171985,44.5895527844207,"evaluation"
"hierarchical","1007",2015,26.7,31.9609674405912,24.6496607569801,39.2722741242023,"evaluation"
"hierarchical","1008",2015,43.8,44.7383728767103,37.4270661930992,52.0496795603214,"evaluation"
"hierarchical","1009",2015,32,35.2621411773968,27.9508344937857,42.5734478610079,"evaluation"
"hierarchical","1010",2015,26.8,30.2166745397268,22.9053678561157,37.5279812233379,"evaluation"
"hierarchical","1011",2015,36.8,36.3771587811728,29.0658520975617,43.6884654647839,"evaluation"
"hierarchical","1012",2015,33.2,36.4482685315762,29.1369618479651,43.7595752151873,"evaluation"
"hierarchical","1013",2015,31.7,34.8864920856795,27.5751854020684,42.1977987692906,"evaluation"
"hierarchical","1014",2015,31.4,33.3832746986675,26.0719680150564,40.6945813822785,"evaluation"
"hierarchical","1015",2015,37.3,38.640081307939,31.3287746243279,45.9513879915501,"evaluation"
"hierarchical","1016",2015,45.5,41.7376075386471,34.4263008550361,49.0489142222582,"evaluation"
"hierarchical","1001",2016,44.6,45.0103449169073,37.6990382332962,52.3216516005184,"evaluation"
"hierarchical","1002",2016,36,37.9587026816229,30.6473959980118,45.270009365234,"evaluation"
"hierarchical","1003",2016,31,35.6924828039712,28.3811761203601,43.0037894875822,"evaluation"
"hierarchical","1004",2016,38.1,38.3175539966808,31.0062473130697,45.6288606802919,"evaluation"
"hierarchical","1005",2016,35.8,38.6332511986533,31.3219445150422,45.9445578822644,"evaluation"
"hierarchical","1006",2016,36.7,38.2914327922737,30.9801261086626,45.6027394758848,"evaluation"
"hierarchical","1007",2016,31,35.2487543155236,27.9374476319125,42.5600609991346,"evaluation"
"hierarchical","1008",2016,52.4,49.6184402460091,42.307133562398,56.9297469296201,"evaluation"
"hierarchical","1009",2016,34,36.7767385536586,29.4654318700475,44.0880452372697,"evaluation"
"hierarchical","1010",2016,28.5,33.2342453868854,25.9229387032744,40.5455520704965,"evaluation"
"hierarchical","1011",2016,36,40.11519675985,32.8038900762389,47.4265034434611,"evaluation"
"hierarchical","1012",2016,37.7,37.6481797515238,30.3368730679127,44.9594864351349,"evaluation"
"hierarchical","1013",2016,30.9,36.2093700988586,28.8980634152475,43.5206767824697,"evaluation"
"hierarchical","1014",2016,33.1,37.0114355411779,29.7001288575668,44.322742224789,"evaluation"
"hierarchical","1015",2016,38,41.5995138591803,34.2882071755692,48.9108205427913,"evaluation"
"hierarchical","1016",2016,41.2,43.6560107691396,36.3447040855285,50.9673174527507,"evaluation"
"hierarchical","1001",2017,45.3,40.60428502285,33.2929783392389,47.9155917064611,"evaluation"
"hierarchical","1002",2017,40.1,35.7335139097754,28.4222072261643,43.0448205933864,"evaluation"
"hierarchical","1003",2017,34.1,32.7600199251071,25.4487132414961,40.0713266087182,"evaluation"
"hierarchical","1004",2017,40.3,33.9758121445837,26.6645054609726,41.2871188281948,"evaluation"
"hierarchical","1005",2017,39.2,33.9582005915422,26.6468939079311,41.2695072751533,"evaluation"
"hierarchical","1006",2017,37.7,34.5775515612145,27.2662448776035,41.8888582448256,"evaluation"
"hierarchical","1007",2017,32,32.0109209859197,24.6996143023086,39.3222276695307,"evaluation"
"hierarchical","1008",2017,51.3,44.3747915949915,37.0634849113804,51.6860982786026,"evaluation"
"hierarchical","1009",2017,35.4,33.3592310955504,26.0479244119394,40.6705377791615,"evaluation"
"hierarchical","1010",2017,31,29.6233125399066,22.3120058562955,36.9346192235177,"evaluation"
"hierarchical","1011",2017,38.6,36.5133889537806,29.2020822701695,43.8246956373917,"evaluation"
"hierarchical","1012",2017,39.6,35.7459004012541,28.4345937176431,43.0572070848652,"evaluation"
"hierarchical","1013",2017,33.1,30.7156279094834,23.4043212258723,38.0269345930945,"evaluation"
"hierarchical","1014",2017,31.6,32.9837968653531,25.672490181742,40.2951035489642,"evaluation"
"hierarchical","1015",2017,42.1,38.0709959541134,30.7596892705023,45.3823026377245,"evaluation"
"hierarchical","1016",2017,44.2,40.0214738866446,32.7101672030335,47.3327805702557,"evaluation"
"hierarchical","1001",2018,38,41.8682902487522,34.5569835651411,49.1795969323633,"evaluation"
"hierarchical","1002",2018,30,35.2583957869419,27.9470891033308,42.569702470553,"evaluation"
"hierarchical","1003",2018,28.1,34.2501906886827,26.9388840050716,41.5614973722938,"evaluation"
"hierarchical","1004",2018,36.9,37.0224553158389,29.7111486322278,44.3337619994499,"evaluation"
"hierarchical","1005",2018,22.2,33.966075252975,26.6547685693639,41.2773819365861,"evaluation"
"hierarchical","1006",2018,34.9,38.8068903208443,31.4955836372332,46.1181970044554,"evaluation"
"hierarchical","1007",2018,27.7,32.0117259081564,24.7004192245453,39.3230325917674,"evaluation"
"hierarchical","1008",2018,44.3,48.28244031668,40.9711336330689,55.593747000291,"evaluation"
"hierarchical","1009",2018,31.1,35.32014137142,28.0088346878089,42.6314480550311,"evaluation"
"hierarchical","1010",2018,24.7,29.9663610297696,22.6550543461585,37.2776677133807,"evaluation"
"hierarchical","1011",2018,28.7,34.4815734364886,27.1702667528775,41.7928801200996,"evaluation"
"hierarchical","1012",2018,34.7,39.4579087671249,32.1466020835138,46.769215450736,"evaluation"
"hierarchical","1013",2018,29.7,35.0280585516749,27.7167518680638,42.339365235286,"evaluation"
"hierarchical","1014",2018,27,32.2254460484603,24.9141393648492,39.5367527320714,"evaluation"
"hierarchical","1015",2018,28.4,38.04139175014,30.7300850665289,45.3526984337511,"evaluation"
"hierarchical","1016",2018,30,38.3383163637126,31.0270096801015,45.6496230473237,"evaluation"
"stress_lag","1001",2005,39.1,35.7049604643621,29.8524737402326,41.5574471884915,"tuning"
"stress_lag","1002",2005,29.3,33.8576892719089,28.0052025477795,39.7101759960384,"tuning"
"stress_lag","1003",2005,28.3,30.6937933643073,24.8413066401778,36.5462800884368,"tuning"
"stress_lag","1004",2005,30.1,31.7437997438676,25.8913130197381,37.5962864679971,"tuning"
"stress_lag","1005",2005,31.1,32.6135034397992,26.7610167156697,38.4659901639287,"tuning"
"stress_lag","1006",2005,33.2,33.0727021638273,27.2202154396978,38.9251888879568,"tuning"
"stress_lag","1007",2005,28.6,30.0380291277196,24.1855424035901,35.890515851849,"tuning"
"stress_lag","1008",2005,43.1,38.3125844706153,32.4600977464858,44.1650711947448,"tuning"
"stress_lag","1009",2005,28.6,32.5604029219083,26.7079161977788,38.4128896460378,"tuning"
"stress_lag","1010",2005,28.4,29.8935456391954,24.0410589150659,35.7460323633248,"tuning"
"stress_lag","1011",2005,29.6,31.9389454531747,26.0864587290453,37.7914321773042,"tuning"
"stress_lag","1012",2005,33.1,33.1481668573163,27.2956801331868,39.0006535814458,"tuning"
"stress_lag","1013",2005,28.7,30.1730831537647,24.3205964296352,36.0255698778941,"tuning"
"stress_lag","1014",2005,24,30.5664642846522,24.7139775605228,36.4189510087817,"tuning"
"stress_lag","1015",2005,35.7,36.1444127835075,30.291926059378,41.996899507637,"tuning"
"stress_lag","1016",2005,32.3,33.8347982371194,27.9823115129899,39.6872849612489,"tuning"
"stress_lag","1001",2006,26.9,36.3549734620999,30.5024867379704,42.2074601862294,"tuning"
"stress_lag","1002",2006,27.9,29.755463049511,23.9029763253815,35.6079497736404,"tuning"
"stress_lag","1003",2006,23.7,29.8798269880107,24.0273402638813,35.7323137121402,"tuning"
"stress_lag","1004",2006,22.4,31.1851060958182,25.3326193716887,37.0375928199477,"tuning"
"stress_lag","1005",2006,19.6,31.3639192737409,25.5114325496114,37.2164059978704,"tuning"
"stress_lag","1006",2006,26.6,33.602705051097,27.7502183269675,39.4551917752265,"tuning"
"stress_lag","1007",2006,23.3,30.1097003532136,24.2572136290842,35.9621870773431,"tuning"
"stress_lag","1008",2006,32.3,39.4813733730426,33.6288866489132,45.3338600971721,"tuning"
"stress_lag","1009",2006,25,30.6303915762616,24.7779048521321,36.482878300391,"tuning"
"stress_lag","1010",2006,21.4,30.0758552091932,24.2233684850637,35.9283419333226,"tuning"
"stress_lag","1011",2006,27.5,29.7708973950918,23.9184106709623,35.6233841192212,"tuning"
"stress_lag","1012",2006,25.5,33.7102291803295,27.8577424562,39.562715904459,"tuning"
"stress_lag","1013",2006,21.1,30.3764925362003,24.5240058120708,36.2289792603298,"tuning"
"stress_lag","1014",2006,23.8,27.1444116413419,21.2919249172124,32.9968983654713,"tuning"
"stress_lag","1015",2006,28.7,34.3055626252,28.4530759010706,40.1580493493295,"tuning"
"stress_lag","1016",2006,28.3,32.2503289385861,26.3978422144566,38.1028156627156,"tuning"
"stress_lag","1001",2007,34.3,24.3901603596363,18.5376736355069,30.2426470837658,"tuning"
"stress_lag","1002",2007,34.5,25.4073700568159,19.5548833326864,31.2598567809454,"tuning"
"stress_lag","1003",2007,31.3,22.3218636137483,16.4693768896189,28.1743503378778,"tuning"
"stress_lag","1004",2007,29.8,23.1597190135106,17.3072322893812,29.0122057376401,"tuning"
"stress_lag","1005",2007,27.9,20.0672057101317,14.2147189860022,25.9196924342611,"tuning"
"stress_lag","1006",2007,32.5,23.419574933095,17.5670882089656,29.2720616572245,"tuning"
"stress_lag","1007",2007,28.1,21.3134220067675,15.4609352826381,27.165908730897,"tuning"
"stress_lag","1008",2007,41.3,26.1107515537197,20.2582648295902,31.9632382778492,"tuning"
"stress_lag","1009",2007,30.6,23.4701271586629,17.6176404345334,29.3226138827924,"tuning"
"stress_lag","1010",2007,28,23.3734665552844,17.5209798311549,29.2259532794139,"tuning"
"stress_lag","1011",2007,32.2,26.1217314432853,20.2692447191558,31.9742181674147,"tuning"
"stress_lag","1012",2007,31.3,22.2496748642414,16.3971881401119,28.1021615883708,"tuning"
"stress_lag","1013",2007,29,19.5650458051573,13.7125590810278,25.4175325292867,"tuning"
"stress_lag","1014",2007,27.8,25.0698538630923,19.2173671389628,30.9223405872217,"tuning"
"stress_lag","1015",2007,36.1,26.2029581695488,20.3504714454194,32.0554448936783,"tuning"
"stress_lag","1016",2007,33.5,25.3938248781604,19.5413381540309,31.2463116022898,"tuning"
"stress_lag","1001",2008,35.3,31.7457388541435,25.8932521300141,37.598225578273,"tuning"
"stress_lag","1002",2008,25.4,30.2618056585556,24.4093189344262,36.1142923826851,"tuning"
"stress_lag","1003",2008,26.9,29.1057476241616,23.2532609000321,34.9582343482911,"tuning"
"stress_lag","1004",2008,33.4,29.7645080485463,23.9120213244169,35.6169947726758,"tuning"
"stress_lag","1005",2008,19.7,27.7265844064849,21.8740976823554,33.5790711306144,"tuning"
"stress_lag","1006",2008,33.9,31.7645317710901,25.9120450469606,37.6170184952196,"tuning"
"stress_lag","1007",2008,27.4,27.8676955826586,22.0152088585292,33.7201823067881,"tuning"
"stress_lag","1008",2008,43.9,35.9210762931625,30.0685895690331,41.773563017292,"tuning"
"stress_lag","1009",2008,31.8,31.0386006402494,25.1861139161199,36.8910873643789,"tuning"
"stress_lag","1010",2008,26.8,27.7913634466034,21.9388767224739,33.6438501707328,"tuning"
"stress_lag","1011",2008,26.8,28.6903050233151,22.8378182991856,34.5427917474446,"tuning"
"stress_lag","1012",2008,33.6,30.5490988596455,24.696612135516,36.401585583775,"tuning"
"stress_lag","1013",2008,32.4,28.9685438553845,23.116057131255,34.821030579514,"tuning"
"stress_lag","1014",2008,26.8,27.1395623432048,21.2870756190753,32.9920490673342,"tuning"
"stress_lag","1015",2008,27.6,31.6078681871837,25.7553814630542,37.4603549113131,"tuning"
"stress_lag","1016",2008,25.5,30.0502494490947,24.1977627249652,35.9027361732242,"tuning"
"stress_lag","1001",2009,35.9,33.2740683386729,27.4215816145434,39.1265550628023,"calibration"
"stress_lag","1002",2009,33.8,28.8456801327591,22.9931934086297,34.6981668568886,"calibration"
"stress_lag","1003",2009,32.2,28.7094196056143,22.8569328814849,34.5619063297438,"calibration"
"stress_lag","1004",2009,31.1,31.4664874111841,25.6140006870546,37.3189741353136,"calibration"
"stress_lag","1005",2009,35.4,24.8304793861112,18.9779926619817,30.6829661102407,"calibration"
"stress_lag","1006",2009,31.9,31.5039679925083,25.6514812683788,37.3564547166377,"calibration"
"stress_lag","1007",2009,26.9,28.5988739739004,22.7463872497709,34.4513606980299,"calibration"
"stress_lag","1008",2009,44.9,37.2812022250812,31.4287155009517,43.1336889492107,"calibration"
"stress_lag","1009",2009,30.4,29.9829048165387,24.1304180924092,35.8353915406681,"calibration"
"stress_lag","1010",2009,28.4,28.4086356114395,22.55614888731,34.2611223355689,"calibration"
"stress_lag","1011",2009,34.8,28.97700957391,23.1245228497805,34.8294962980395,"calibration"
"stress_lag","1012",2009,31.1,31.3163386972034,25.463851973074,37.1688254213329,"calibration"
"stress_lag","1013",2009,28.5,30.6147481140797,24.7622613899502,36.4672348382092,"calibration"
"stress_lag","1014",2009,31,28.5619859251326,22.7094992010031,34.4144726492621,"calibration"
"stress_lag","1015",2009,39.8,29.7728730407267,23.9203863165972,35.6253597648561,"calibration"
"stress_lag","1016",2009,39.5,27.7524470034634,21.8999602793339,33.6049337275928,"calibration"
"stress_lag","1001",2010,39.1,34.9495459604871,29.0970592363576,40.8020326846166,"calibration"
"stress_lag","1002",2010,32.9,33.8772348555791,28.0247481314496,39.7297215797085,"calibration"
"stress_lag","1003",2010,31.9,33.3406956371576,27.4882089130282,39.1931823612871,"calibration"
"stress_lag","1004",2010,30.5,32.2937547105138,26.4412679863843,38.1462414346433,"calibration"
"stress_lag","1005",2010,35,34.3074305853536,28.4549438612241,40.1599173094831,"calibration"
"stress_lag","1006",2010,30.6,34.4598971739887,28.6074104498592,40.3123838981181,"calibration"
"stress_lag","1007",2010,29,30.871360596891,25.0188738727615,36.7238473210205,"calibration"
"stress_lag","1008",2010,44,40.1111953489963,34.2587086248669,45.9636820731258,"calibration"
"stress_lag","1009",2010,31.8,32.8146266498394,26.9621399257099,38.6671133739689,"calibration"
"stress_lag","1010",2010,33.5,30.366973843727,24.5144871195975,36.2194605678565,"calibration"
"stress_lag","1011",2010,36.6,33.9595648768148,28.1070781526853,39.8120516009443,"calibration"
"stress_lag","1012",2010,28.4,33.8739316606289,28.0214449364994,39.7264183847584,"calibration"
"stress_lag","1013",2010,24.7,31.8791976355142,26.0267109113847,37.7316843596437,"calibration"
"stress_lag","1014",2010,44.8,31.9708100261304,26.1183233020009,37.8232967502598,"calibration"
"stress_lag","1015",2010,37.2,36.8392136792512,30.9867269551217,42.6917004033807,"calibration"
"stress_lag","1016",2010,42.6,36.6731200197616,30.8206332956321,42.5256067438911,"calibration"
"stress_lag","1001",2011,39.3,33.769725233347,27.9172385092175,39.6222119574764,"calibration"
"stress_lag","1002",2011,32.1,30.1958446589933,24.3433579348638,36.0483313831227,"calibration"
"stress_lag","1003",2011,32.3,29.7047934424295,23.8523067183,35.557280166559,"calibration"
"stress_lag","1004",2011,31.2,30.8082422647256,24.9557555405961,36.6607289888551,"calibration"
"stress_lag","1005",2011,23.8,30.9199294212155,25.067442697086,36.772416145345,"calibration"
"stress_lag","1006",2011,34.2,31.1244988633856,25.2720121392561,36.976985587515,"calibration"
"stress_lag","1007",2011,28.3,28.3111553989266,22.4586686747971,34.163642123056,"calibration"
"stress_lag","1008",2011,45.8,36.9578709428978,31.1053842187683,42.8103576670272,"calibration"
"stress_lag","1009",2011,30.1,31.1647160394648,25.3122293153354,37.0172027635943,"calibration"
"stress_lag","1010",2011,26.7,31.4283227394963,25.5758360153669,37.2808094636258,"calibration"
"stress_lag","1011",2011,32.2,31.8512814882082,25.9987947640787,37.7037682123377,"calibration"
"stress_lag","1012",2011,35.2,29.3475132758705,23.495026551741,35.2,"calibration"
"stress_lag","1013",2011,28.9,27.4018720479633,21.5493853238338,33.2543587720927,"calibration"
"stress_lag","1014",2011,31.1,36.0246026224034,30.172115898274,41.8770893465329,"calibration"
"stress_lag","1015",2011,32.6,32.2508819812594,26.3983952571299,38.1033687053889,"calibration"
"stress_lag","1016",2011,32.5,35.2526326373348,29.4001459132053,41.1051193614643,"calibration"
"stress_lag","1001",2012,40.5,35.7625131050778,29.9100263809483,41.6149998292072,"evaluation"
"stress_lag","1002",2012,36.5,33.4427829142592,27.5902961901297,39.2952696383886,"evaluation"
"stress_lag","1003",2012,31.8,32.529538067177,26.6770513430475,38.3820247913065,"evaluation"
"stress_lag","1004",2012,32.8,32.0351272988649,26.1826405747355,37.8876140229944,"evaluation"
"stress_lag","1005",2012,34.3,29.2613384838584,23.4088517597289,35.1138252079879,"evaluation"
"stress_lag","1006",2012,35.6,32.045198957907,26.1927122337775,37.8976856820365,"evaluation"
"stress_lag","1007",2012,31.2,30.9621049415341,25.1096182174047,36.8145916656636,"evaluation"
"stress_lag","1008",2012,46.5,38.2664232537661,32.4139365296366,44.1189099778955,"evaluation"
"stress_lag","1009",2012,31.9,30.991185157785,25.1386984336555,36.8436718819145,"evaluation"
"stress_lag","1010",2012,29.5,30.786299653415,24.9338129292855,36.6387863775444,"evaluation"
"stress_lag","1011",2012,34.8,33.4795238797911,27.6270371556616,39.3320106039206,"evaluation"
"stress_lag","1012",2012,35.5,32.3526099698458,26.5001232457164,38.2050966939753,"evaluation"
"stress_lag","1013",2012,29.8,30.5442847136948,24.6917979895653,36.3967714378243,"evaluation"
"stress_lag","1014",2012,33.7,33.1033691550096,27.2508824308801,38.9558558791391,"evaluation"
"stress_lag","1015",2012,38.6,33.8217283481329,27.9692416240034,39.6742150722624,"evaluation"
"stress_lag","1016",2012,37.2,33.276720092213,27.4242333680835,39.1292068163424,"evaluation"
"stress_lag","1001",2013,40,36.9700860424976,31.1175993183681,42.8225727666271,"evaluation"
"stress_lag","1002",2013,37.9,33.5848913798964,27.732404655767,39.4373781040259,"evaluation"
"stress_lag","1003",2013,30.2,32.1168074746696,26.2643207505401,37.9692941987991,"evaluation"
"stress_lag","1004",2013,32.3,32.0761824468441,26.2236957227147,37.9286691709736,"evaluation"
"stress_lag","1005",2013,40.1,32.6516556210627,26.7991688969332,38.5041423451921,"evaluation"
"stress_lag","1006",2013,31.5,34.3146023961548,28.4621156720253,40.1670891202842,"evaluation"
"stress_lag","1007",2013,32,31.1049180636414,25.2524313395119,36.9574047877709,"evaluation"
"stress_lag","1008",2013,42.3,40.428915824825,34.5764291006955,46.2814025489545,"evaluation"
"stress_lag","1009",2013,29.2,31.9578798800979,26.1053931559684,37.8103666042274,"evaluation"
"stress_lag","1010",2013,29.6,29.7114787019877,23.8589919778582,35.5639654261172,"evaluation"
"stress_lag","1011",2013,37.4,32.4874953460066,26.6350086218771,38.3399820701361,"evaluation"
"stress_lag","1012",2013,32.8,34.196323328987,28.3438366048575,40.0488100531165,"evaluation"
"stress_lag","1013",2013,29.7,30.7958298762781,24.9433431521486,36.6483166004075,"evaluation"
"stress_lag","1014",2013,35.6,31.9450106902719,26.0925239661424,37.7974974144013,"evaluation"
"stress_lag","1015",2013,39.2,35.2781475943874,29.4256608702579,41.1306343185169,"evaluation"
"stress_lag","1016",2013,42.2,34.3117382096425,28.4592514855131,40.164224933772,"evaluation"
"stress_lag","1001",2014,46.4,38.1393466849674,32.2868599608379,43.9918334090969,"evaluation"
"stress_lag","1002",2014,40.2,36.7118809707436,30.8593942466142,42.5643676948731,"evaluation"
"stress_lag","1003",2014,36.3,33.2454276086066,27.3929408844771,39.097914332736,"evaluation"
"stress_lag","1004",2014,35.6,34.367627835011,28.5151411108815,40.2201145591404,"evaluation"
"stress_lag","1005",2014,44.1,37.4079252574165,31.555438533287,43.2604119815459,"evaluation"
"stress_lag","1006",2014,37.9,33.6331102763706,27.7806235522411,39.4855970005,"evaluation"
"stress_lag","1007",2014,33.3,34.2421680295514,28.3896813054219,40.0946547536809,"evaluation"
"stress_lag","1008",2014,52.1,40.336300092606,34.4838133684766,46.1887868167355,"evaluation"
"stress_lag","1009",2014,34.9,32.3232920547196,26.4708053305901,38.1757787788491,"evaluation"
"stress_lag","1010",2014,31.7,33.2992977358641,27.4468110117347,39.1517844599936,"evaluation"
"stress_lag","1011",2014,40.6,36.8351662913888,30.9826795672593,42.6876530155183,"evaluation"
"stress_lag","1012",2014,38.7,35.0244451608031,29.1719584366736,40.8769318849325,"evaluation"
"stress_lag","1013",2014,34.5,32.3903689012738,26.5378821771443,38.2428556254033,"evaluation"
"stress_lag","1014",2014,37.4,36.1182341178643,30.2657473937348,41.9707208419938,"evaluation"
"stress_lag","1015",2014,43.6,37.7882445848126,31.9357578606832,43.6407313089421,"evaluation"
"stress_lag","1016",2014,49.7,39.2138122715595,33.36132554743,45.066298995689,"evaluation"
"stress_lag","1001",2015,42.9,40.7341424141542,34.8816556900247,46.5866291382837,"evaluation"
"stress_lag","1002",2015,32,37.4456706096453,31.5931838855158,43.2981573337748,"evaluation"
"stress_lag","1003",2015,30.4,34.7657471537463,28.9132604296168,40.6182338778758,"evaluation"
"stress_lag","1004",2015,34.2,35.2172659366431,29.3647792125136,41.0697526607725,"evaluation"
"stress_lag","1005",2015,34.2,38.6514282145643,32.7989414904348,44.5039149386938,"evaluation"
"stress_lag","1006",2015,33.7,36.769097471696,30.9166107475665,42.6215841958254,"evaluation"
"stress_lag","1007",2015,26.7,32.7056932599875,26.853206535858,38.558179984117,"evaluation"
"stress_lag","1008",2015,43.8,44.0078417407067,38.1553550165772,49.8603284648361,"evaluation"
"stress_lag","1009",2015,32,35.0873883460673,29.2349016219378,40.9398750701968,"evaluation"
"stress_lag","1010",2015,26.8,32.3857612859294,26.5332745617999,38.2382480100588,"evaluation"
"stress_lag","1011",2015,36.8,37.3958769903769,31.5433902662474,43.2483637145064,"evaluation"
"stress_lag","1012",2015,33.2,36.5018195418432,30.6493328177137,42.3543062659727,"evaluation"
"stress_lag","1013",2015,31.7,34.6959195169027,28.8434327927732,40.5484062410321,"evaluation"
"stress_lag","1014",2015,31.4,35.4561944657871,29.6037077416576,41.3086811899166,"evaluation"
"stress_lag","1015",2015,37.3,39.505886880259,33.6534001561295,45.3583736043885,"evaluation"
"stress_lag","1016",2015,45.5,42.3279824851864,36.475495761057,48.1804692093159,"evaluation"
"stress_lag","1001",2016,44.6,39.6278400771442,33.7753533530147,45.4803268012737,"evaluation"
"stress_lag","1002",2016,36,33.057049023245,27.2045622991155,38.9095357473745,"evaluation"
"stress_lag","1003",2016,31,31.8311617500555,25.9786750259261,37.683648474185,"evaluation"
"stress_lag","1004",2016,38.1,33.1112149708994,27.2587282467699,38.9637016950289,"evaluation"
"stress_lag","1005",2016,35.8,35.2308810993863,29.3783943752568,41.0833678235158,"evaluation"
"stress_lag","1006",2016,36.7,33.6948190399894,27.8423323158599,39.5473057641189,"evaluation"
"stress_lag","1007",2016,31,31.1348836947453,25.2823969706158,36.9873704188748,"evaluation"
"stress_lag","1008",2016,52.4,40.2245500405299,34.3720633164004,46.0770367646594,"evaluation"
"stress_lag","1009",2016,34,32.5981547551973,26.7456680310678,38.4506414793268,"evaluation"
"stress_lag","1010",2016,28.5,28.9158573389461,23.0633706148166,34.7683440630755,"evaluation"
"stress_lag","1011",2016,36,35.678179549383,29.8256928252535,41.5306662735125,"evaluation"
"stress_lag","1012",2016,37.7,33.250305063793,27.3978183396635,39.1027917879224,"evaluation"
"stress_lag","1013",2016,30.9,31.0652123376579,25.2127256135285,36.9176990617874,"evaluation"
"stress_lag","1014",2016,33.1,31.9273762563377,26.0748895322082,37.7798629804671,"evaluation"
"stress_lag","1015",2016,38,36.585735442539,30.7332487184095,42.4382221666685,"evaluation"
"stress_lag","1016",2016,41.2,41.0433364916019,35.1908497674725,46.8958232157314,"evaluation"
"stress_lag","1001",2017,45.3,40.7881035695774,34.9356168454479,46.6405902937069,"evaluation"
"stress_lag","1002",2017,40.1,37.3153070277325,31.462820303603,43.167793751862,"evaluation"
"stress_lag","1003",2017,34.1,33.921127562815,28.0686408386855,39.7736142869444,"evaluation"
"stress_lag","1004",2017,40.3,36.9777329715007,31.1252462473712,42.8302196956302,"evaluation"
"stress_lag","1005",2017,39.2,35.900595617927,30.0481088937975,41.7530823420565,"evaluation"
"stress_lag","1006",2017,37.7,35.5425329398387,29.6900462157093,41.3950196639682,"evaluation"
"stress_lag","1007",2017,32,33.1817981608813,27.3293114367518,39.0342848850108,"evaluation"
"stress_lag","1008",2017,51.3,45.1533534163955,39.300866692266,51.0058401405249,"evaluation"
"stress_lag","1009",2017,35.4,34.4394972607778,28.5870105366484,40.2919839849073,"evaluation"
"stress_lag","1010",2017,31,32.8087414560096,26.9562547318801,38.6612281801391,"evaluation"
"stress_lag","1011",2017,38.6,37.1991152745897,31.3466285504602,43.0516019987192,"evaluation"
"stress_lag","1012",2017,39.6,36.5628867959693,30.7104000718399,42.4153735200988,"evaluation"
"stress_lag","1013",2017,33.1,32.9944185155427,27.1419317914132,38.8469052396722,"evaluation"
"stress_lag","1014",2017,31.6,35.1671079185235,29.314621194394,41.019594642653,"evaluation"
"stress_lag","1015",2017,42.1,38.1712390005805,32.318752276451,44.02372572471,"evaluation"
"stress_lag","1016",2017,44.2,40.1371142926391,34.2846275685096,45.9896010167686,"evaluation"
"stress_lag","1001",2018,38,40.911144333415,35.0586576092855,46.7636310575444,"evaluation"
"stress_lag","1002",2018,30,35.4595353459521,29.6070486218226,41.3120220700816,"evaluation"
"stress_lag","1003",2018,28.1,33.1483907498258,27.2959040256963,39.0008774739553,"evaluation"
"stress_lag","1004",2018,36.9,36.9200702301373,31.0675835060078,42.7725569542668,"evaluation"
"stress_lag","1005",2018,22.2,36.1901475568462,30.3376608327167,42.0426342809756,"evaluation"
"stress_lag","1006",2018,34.9,37.7961082418304,31.9436215177009,43.6485949659599,"evaluation"
"stress_lag","1007",2018,27.7,32.0295718230675,26.177085098938,37.882058547197,"evaluation"
"stress_lag","1008",2018,44.3,45.9037058210095,40.0512190968801,51.756192545139,"evaluation"
"stress_lag","1009",2018,31.1,35.0694936447863,29.2170069206568,40.9219803689158,"evaluation"
"stress_lag","1010",2018,24.7,29.7942007252469,23.9417140011174,35.6466874493763,"evaluation"
"stress_lag","1011",2018,28.7,34.6106562310579,28.7581695069285,40.4631429551874,"evaluation"
"stress_lag","1012",2018,34.7,38.4988920899218,32.6464053657923,44.3513788140513,"evaluation"
"stress_lag","1013",2018,29.7,33.23488602067,27.3823992965405,39.0873727447995,"evaluation"
"stress_lag","1014",2018,27,31.34454595292,25.4920592287905,37.1970326770495,"evaluation"
"stress_lag","1015",2018,28.4,37.6364425684961,31.7839558443666,43.4889292926256,"evaluation"
"stress_lag","1016",2018,30,38.9891304045475,33.136643680418,44.841617128677,"evaluation"
