Method,ParameterSet,Parameters,N,RMSE,MAE,Bias,R2,Cor_R2
trend,1,none,96,5.04923463311101,3.70673892396208,0.349647348546642,0.170438772006881,0.222690695173988
persistence,1,none,96,6.08994218637035,4.840625,-0.136458333333333,-0.206767708504312,0.151533741448994
panel_ridge,3,lambda=100;smooth_ratio=0,96,4.64290219761632,3.52783185903374,0.7481462246536,0.29858279935675,0.33981370455574
panel_ridge,7,lambda=100;smooth_ratio=10,96,4.72132833906487,3.5368010643235,0.495918632306905,0.274686520021536,0.282764557293101
panel_ridge,4,lambda=1000;smooth_ratio=0,96,4.82781572068139,3.85030906540638,-0.363317423007291,0.24159932626543,0.246829527859395
panel_ridge,8,lambda=1000;smooth_ratio=10,96,4.96232194465251,3.89361864443838,-0.351230029860967,0.198751527021991,0.206735842998251
panel_ridge,11,lambda=100;smooth_ratio=100,96,5.01139245219666,3.80214253158909,0.377972789560774,0.182826696513096,0.19470338713775
panel_ridge,12,lambda=1000;smooth_ratio=100,96,5.07289178398983,3.9732380611847,-0.393210460433582,0.162647084298188,0.170103414277955
panel_ridge,6,lambda=10;smooth_ratio=10,96,5.10920687985046,3.79095742566249,1.39122290393234,0.150615527187265,0.292720610700418
panel_ridge,10,lambda=10;smooth_ratio=100,96,5.55774716612119,4.27486747454317,0.440597694004594,-0.0050667663261088,0.178816805021428
panel_ridge,9,lambda=1;smooth_ratio=100,96,5.79067219869103,4.51891330066046,1.19652820667825,-0.0910767533277379,0.219048032679028
panel_ridge,2,lambda=10;smooth_ratio=0,96,6.25021542180448,4.55189696685215,2.62067502165277,-0.271122227946991,0.334610054230221
panel_ridge,5,lambda=1;smooth_ratio=10,96,6.67369806229743,5.38247317548534,3.06047802565767,-0.449207086381532,0.258929219818285
panel_ridge,1,lambda=1;smooth_ratio=0,96,7.90102400343715,5.97694080250631,4.48256883643002,-1.03125339113422,0.377210861739978
local_ridge,2,lambda=100;smooth_ratio=0,96,4.39754552410545,3.37565134019787,-0.193579327094366,0.370757527225048,0.377997471283795
local_ridge,1,lambda=10;smooth_ratio=0,96,4.42451700352983,3.42013545963595,0.179282807750011,0.363015187186296,0.388277018481011
local_ridge,4,lambda=10;smooth_ratio=10,96,4.5020121401287,3.4724664479194,0.701334782756781,0.340506279692201,0.385625327524466
local_ridge,5,lambda=100;smooth_ratio=10,96,4.50506997159254,3.41109594336521,-0.109292423084802,0.339610100186566,0.349092813885317
local_ridge,8,lambda=100;smooth_ratio=100,96,4.57376307329794,3.4507174466974,-0.0458268058462404,0.3193173692404,0.332193718955522
local_ridge,3,lambda=1000;smooth_ratio=0,96,4.64568840019952,3.62733097613588,-0.951251686486193,0.297740706752888,0.329743604543374
local_ridge,6,lambda=1000;smooth_ratio=10,96,4.70378831618642,3.65187270454737,-0.971436742609544,0.280065677152685,0.315030815635581
local_ridge,9,lambda=1000;smooth_ratio=100,96,4.71090894208932,3.6551199359636,-0.959405620241156,0.277884344652559,0.312519231745914
local_ridge,7,lambda=10;smooth_ratio=100,96,4.8750150934456,3.8110784091507,0.889123167980153,0.226697756271744,0.32997965404901
pcr,1,components=3,96,5.86616933360761,4.58605867900614,1.1382726720869,-0.119712512688,0.123422176709821
pcr,2,components=5,96,6.20854179421564,4.58048518092689,1.12526570692558,-0.254228193701909,0.0817373876715875
pcr,3,components=10,96,7.23128410203695,5.91491183720104,0.430345293036119,-0.701485254598491,0.132371465836959
pcr,4,components=15,96,7.56402435357299,6.01332455979538,1.40535702033027,-0.861672047114006,0.227115806394992
pcr,5,components=20,96,8.46818424958732,6.86238292046181,4.64858297284283,-1.33333952929768,0.149756741365113
hierarchical,11,lambda_global=100;lambda_region=30;smooth_ratio=10,96,4.38747743789828,3.36827096421066,0.264455092375495,0.37363550322184,0.376032766648748
hierarchical,12,lambda_global=1000;lambda_region=30;smooth_ratio=10,96,4.40662085598055,3.40344627920394,-0.262039875482639,0.368157678385979,0.381004447597884
hierarchical,2,lambda_global=100;lambda_region=30;smooth_ratio=0,96,4.45262825559966,3.51812574217728,-0.0699196602042859,0.354895283894181,0.355158320877157
hierarchical,21,lambda_global=1000;lambda_region=30;smooth_ratio=100,96,4.53010570224551,3.46698924073086,-0.0719843982946839,0.332249822278872,0.334254342722521
hierarchical,3,lambda_global=1000;lambda_region=30;smooth_ratio=0,96,4.59459254068843,3.65837025338314,-0.789445951442303,0.3131034306623,0.353872034258186
hierarchical,5,lambda_global=100;lambda_region=300;smooth_ratio=0,96,4.67148682921113,3.62716790074117,0.515283022519226,0.289919480220058,0.324222933124575
hierarchical,6,lambda_global=1000;lambda_region=300;smooth_ratio=0,96,4.67902260763946,3.71783830485995,-0.511918089281032,0.287626708932419,0.310847337184347
hierarchical,14,lambda_global=100;lambda_region=300;smooth_ratio=10,96,4.68749301827132,3.56398707557352,0.471779797986927,0.285045162934487,0.292888129124681
hierarchical,20,lambda_global=100;lambda_region=30;smooth_ratio=100,96,4.72874730036657,3.6718284311958,0.473740258588289,0.272405255053207,0.286447657390278
hierarchical,15,lambda_global=1000;lambda_region=300;smooth_ratio=10,96,4.77554563061214,3.68319550474843,-0.397408107047449,0.257932623296938,0.290890928148995
hierarchical,9,lambda_global=1000;lambda_region=3000;smooth_ratio=0,96,4.8273839186963,3.8628621507487,-0.362757082189086,0.241734983585605,0.246320417965957
hierarchical,10,lambda_global=10;lambda_region=30;smooth_ratio=10,96,4.83699422470707,3.70707872999019,0.854073820938953,0.238712886081815,0.323467583886814
hierarchical,24,lambda_global=1000;lambda_region=300;smooth_ratio=100,96,4.88874942597687,3.77249577542651,-0.408226474239767,0.222334384719861,0.252207705333525
hierarchical,17,lambda_global=100;lambda_region=3000;smooth_ratio=10,96,4.92043419967761,3.82431338286671,0.678602706479986,0.212221365907108,0.241721318852252
hierarchical,18,lambda_global=1000;lambda_region=3000;smooth_ratio=10,96,4.96268177007205,3.90846036655523,-0.341943366934681,0.198635323347971,0.204675064136258
hierarchical,8,lambda_global=100;lambda_region=3000;smooth_ratio=0,96,4.96463771517927,3.89764012534689,0.725722813051673,0.198003514065717,0.288706485240721
hierarchical,23,lambda_global=100;lambda_region=300;smooth_ratio=100,96,4.97807250850111,3.79485081206062,0.337871203667471,0.19365707982896,0.203652559732578
hierarchical,1,lambda_global=10;lambda_region=30;smooth_ratio=0,96,5.06725201578446,3.71011353358144,1.44841210603574,0.164507897204925,0.360422293596864
hierarchical,27,lambda_global=1000;lambda_region=3000;smooth_ratio=100,96,5.07061278079985,3.98024142815252,-0.373545097245677,0.163399279057079,0.169330747858922
hierarchical,26,lambda_global=100;lambda_region=3000;smooth_ratio=100,96,5.15757052540338,4.01047841641388,0.474990227746021,0.134458906956555,0.165903547831535
hierarchical,19,lambda_global=10;lambda_region=30;smooth_ratio=100,96,5.455292875659,4.17693959353106,0.258472875627042,0.0316474877646735,0.200239763976915
hierarchical,13,lambda_global=10;lambda_region=300;smooth_ratio=10,96,5.70315886248231,4.47777707626355,1.89911212114616,-0.0583474778938229,0.202131708263206
hierarchical,22,lambda_global=10;lambda_region=300;smooth_ratio=100,96,5.91014390824094,4.60615257941429,1.14576481851759,-0.136562839843458,0.127193288530054
hierarchical,16,lambda_global=10;lambda_region=3000;smooth_ratio=10,96,6.20298226492708,4.96622414736602,2.181014497924,-0.251982965560514,0.155816593132406
hierarchical,25,lambda_global=10;lambda_region=3000;smooth_ratio=100,96,6.24288270863036,4.98459181591519,1.47806659215467,-0.268141432393179,0.105111212316995
hierarchical,4,lambda_global=10;lambda_region=300;smooth_ratio=0,96,6.64424341305259,4.95063940269616,2.77692953259436,-0.436443042209765,0.239356772919541
hierarchical,7,lambda_global=10;lambda_region=3000;smooth_ratio=0,96,7.3966059643294,5.62175743179954,3.1872936357837,-0.780173401457568,0.192427569345613
stress_lag,6,lambda=1000;smooth_ratio=10;threshold=0.5;temperature_variable=MAX;precipitation_variable=PCP,96,5.7644413417318,4.66022755502273,-1.1338416240081,-0.081214320974901,0.094157528117485
stress_lag,3,lambda=1000;smooth_ratio=0;threshold=0.5;temperature_variable=MAX;precipitation_variable=PCP,96,5.83024502539461,4.66214889057635,-1.18655516477905,-0.106040309624641,0.127372869175551
stress_lag,4,lambda=10;smooth_ratio=10;threshold=0.5;temperature_variable=MAX;precipitation_variable=PCP,96,6.40524581976335,5.34583036063538,-1.12316685842954,-0.33496212543137,0.103339215326009
stress_lag,5,lambda=100;smooth_ratio=10;threshold=0.5;temperature_variable=MAX;precipitation_variable=PCP,96,6.71836012266777,5.27344585823196,-1.73068453555757,-0.468668905095301,0.0678892314076714
stress_lag,1,lambda=10;smooth_ratio=0;threshold=0.5;temperature_variable=MAX;precipitation_variable=PCP,96,6.86357921913768,5.84314830003259,-0.52395810408093,-0.532846414325018,0.11576377590408
stress_lag,2,lambda=100;smooth_ratio=0;threshold=0.5;temperature_variable=MAX;precipitation_variable=PCP,96,7.08381814770537,5.41391966319025,-1.93922731429924,-0.632796829144975,0.0795537689565674
stress_lag,8,lambda=100;smooth_ratio=0;threshold=1;temperature_variable=MAX;precipitation_variable=PCP,96,9.73668326341876,6.3747067948673,0.26396841801899,-2.08474611581263,0.0638648811888496
stress_lag,9,lambda=1000;smooth_ratio=0;threshold=1;temperature_variable=MAX;precipitation_variable=PCP,96,17.336410959568,9.40522916677275,-6.26243439160571,-8.77947920960719,0.0003959490414129
stress_lag,11,lambda=100;smooth_ratio=10;threshold=1;temperature_variable=MAX;precipitation_variable=PCP,96,18.0609029559601,10.1414431189227,-7.12435572850276,-9.61393098002366,0.0004676729718374
stress_lag,12,lambda=1000;smooth_ratio=10;threshold=1;temperature_variable=MAX;precipitation_variable=PCP,96,21.2753165126928,10.8339609581696,-7.47837548072333,-13.7281907619009,0.0002752198688404
stress_lag,7,lambda=10;smooth_ratio=0;threshold=1;temperature_variable=MAX;precipitation_variable=PCP,96,58.6371682227676,23.9824491695482,17.0857621227842,-110.877645597838,0.0175088268239583
stress_lag,10,lambda=10;smooth_ratio=10;threshold=1;temperature_variable=MAX;precipitation_variable=PCP,96,87.2959683703469,32.9230486267736,27.2539179663846,-246.962333594445,0.0126825506997319
ensemble,4,shrinkage=100,96,4.48518369626578,3.47952095608979,0.562758450040252,0.345427417248452,0.360727634535387
ensemble,5,shrinkage=1000,96,4.49468860191491,3.52957463290136,0.252863717480258,0.34265016509736,0.346846350121559
ensemble,3,shrinkage=10,96,4.57041430907598,3.54493633010571,0.669465893844761,0.320313752802464,0.34492551219839
ensemble,2,shrinkage=1,96,4.58268818422048,3.55384818658561,0.684055293208681,0.316658247926085,0.34273105406547
ensemble,1,shrinkage=0,96,4.58356448014205,3.55453379281676,0.685225698711763,0.316396887424074,0.342593482092008
ensemble,6,shrinkage=10000,96,4.64215301488933,3.67709199095614,0.154914134846592,0.298809143669869,0.305682073903428
