Method,RS,N,RMSE,MAE,Bias,R2,Cor_R2
trend,1001,7,4.1016862970804,3.50350624381608,-1.61598955144256,-1.02646925639921,0.0021192952484101
trend,1002,7,4.80257815327794,4.4375499939887,-0.889672149482426,-0.789154459534551,0.164992015464194
trend,1003,7,3.18278229323623,2.56476269135876,1.54870721554688,-0.599971161619286,0.032686510129631
trend,1004,7,3.05159058673374,2.47868382736172,-2.47868382736172,-0.288831912617378,0.591298900590962
trend,1005,7,8.94935722616397,6.82368432235067,-1.47172299249549,-0.942339811981892,0.268058147218591
trend,1006,7,2.17190462404559,2.00366096059658,-0.692749661051646,-0.0444704704093133,0.101876938315128
trend,1007,7,2.99914007611831,2.69662029179024,-0.344828357186918,-0.781804732425491,0.228609262715962
trend,1008,7,4.04289267781369,3.72419544791865,0.282662989571874,-0.0254591162987616,0.0327909016541764
trend,1009,7,2.02554160817373,1.66737023853845,-0.0741531858944506,0.0342134823419062,0.0513266477888256
trend,1010,7,3.63128984640926,2.84097943241728,2.76100753505257,-1.61674644209911,0.115425075135374
trend,1011,7,4.59149953950688,3.08240050680246,0.452579897354364,-0.733415332153073,0.150514899951625
trend,1012,7,3.39810388194508,2.83204946037195,-2.23381674213057,-0.873041544067865,0.0786443095761477
trend,1013,7,2.2526494986686,1.74759729725183,-0.761953487629833,-0.678913291213661,0.0073737141034289
trend,1014,7,5.11112167950641,4.1086893977747,3.46818168934096,-1.7320072487158,0.337061930356825
trend,1015,7,5.57819970909276,4.36006017160806,-0.476918349014601,-0.529440553447291,0.185579411152357
trend,1016,7,7.82930396025655,5.81002377438689,-0.0071447467024258,-0.774444393337483,0.137690393672117
persistence,1001,7,3.99231404433211,3.04285714285714,0.185714285714285,-0.919837758112094,0.0026500062432606
persistence,1002,7,5.71551772433109,4.92857142857143,0.3,-1.53402039007092,0.195075963771723
persistence,1003,7,4.15417174141162,3.4,0.599999999999999,-1.72563176895307,0.387023700608279
persistence,1004,7,2.59862601057889,2.32857142857143,-0.814285714285714,0.0653880917410468,0.40581540291711
persistence,1005,7,8.95241388038524,7.45714285714286,0.228571428571429,-0.943666851441242,0.0020789312211735
persistence,1006,7,3.68801146573985,3.27142857142857,-0.0999999999999994,-2.01161319475825,0.228167608897472
persistence,1007,7,3.63082045037442,3.02857142857143,0.0857142857142859,-1.61141655886158,0.133693635224293
persistence,1008,7,6.62495283002076,5.67142857142857,0.214285714285714,-1.75359145732504,0.180763910158031
persistence,1009,7,3.29241552663086,2.97142857142857,-0.142857142857143,-1.55169100691775,0.0378869899090959
persistence,1010,7,3.48670945981205,2.91428571428571,0.285714285714286,-1.41252227442086,0.233986835766684
persistence,1011,7,4.52942758918986,3.64285714285714,0.500000000000001,-0.686864449441219,0.0115340471396172
persistence,1012,7,4.14573791467127,3.67142857142857,0.0714285714285714,-1.78790386652542,0.169579182810156
persistence,1013,7,2.63872263469603,2.14285714285714,-0.114285714285714,-1.30371370695476,0.0048400835061814
persistence,1014,7,3.29306630882005,2.87142857142857,0.585714285714286,-0.134097408972553,0.0810060116947721
persistence,1015,7,6.55089961106761,5.11428571428572,0.6,-1.10933895074732,0.148938367654561
persistence,1016,7,7.07217889237216,6.12857142857143,0.357142857142857,-0.447846635552668,0.037142369388172
panel_ridge,1001,7,3.91239088471032,3.62788151891546,-2.77570596747791,-0.843739722968176,0.250345655400092
panel_ridge,1002,7,4.39305134982766,4.1380106321825,-0.895785459631204,-0.497033478895814,0.0007907091331622
panel_ridge,1003,7,2.98215353695816,2.50318998932444,1.3877510726707,-0.40461818650597,0.078743964849014
panel_ridge,1004,7,2.99900343586632,2.19401370441871,-1.80839186032119,-0.24479453962423,0.357357159335646
panel_ridge,1005,7,7.16296266457394,6.0698429351361,-1.02922671113487,-0.244305151533263,0.0009785047417972
panel_ridge,1006,7,2.82717550406456,2.4115745152303,0.220585763361498,-0.769783756025084,0.0568341879688327
panel_ridge,1007,7,2.97827273308782,2.58862009241614,1.06225399668397,-0.757096196475037,0.0165203413770132
panel_ridge,1008,7,6.20535570974713,5.10705699948505,-4.45071805086307,-1.41583510632259,0.0523920079456241
panel_ridge,1009,7,2.20021410553516,2.06410411918787,0.636784102879615,-0.139537679667558,0.288981017650361
panel_ridge,1010,7,3.36344761199325,3.03773954835186,1.64581840247216,-1.24496278994222,0.0436152399455104
panel_ridge,1011,7,4.15613659618703,3.73152652391896,-0.863521796538778,-0.420277375074825,0.02468146938599
panel_ridge,1012,7,3.2123708841342,2.85225749856053,-0.218112763980103,-0.673884428510403,0.0297918796983517
panel_ridge,1013,7,2.25076773076018,1.86186219545378,0.865272310938662,-0.676109476797676,0.224069153537429
panel_ridge,1014,7,3.8234857975126,3.36169581269497,0.137966924762093,-0.528862292536914,0.0023500440610317
panel_ridge,1015,7,5.00831300175738,4.31470078199189,-0.596504207104211,-0.232898743158823,0.0038475477694731
panel_ridge,1016,7,7.3703275104978,6.6583804142434,-3.89251648510745,-0.572496398055198,0.0269192261667271
local_ridge,1001,7,4.18457950276269,3.82225081716129,-2.65648271416286,-1.10920495361883,0.0069797297200263
local_ridge,1002,7,4.72035896392024,4.51860682814529,-2.1036250543013,-0.728418896695866,0.12874228291919
local_ridge,1003,7,2.76967236556085,2.34549311654413,-0.187574273962868,-0.211588336819945,0.201627035914677
local_ridge,1004,7,3.55101290063851,3.09495617410384,-3.09495617410384,-0.745212231399146,0.733689921747923
local_ridge,1005,7,7.65863875430632,6.15544250090154,-3.2685237500301,-0.422475169701839,0.0084475195110199
local_ridge,1006,7,2.53198231632795,2.12715806817007,-1.45907474877216,-0.419501979483394,0.0890416048799045
local_ridge,1007,7,2.93648099884085,2.75620387816462,-1.12395437693786,-0.70813030470211,0.276674639148354
local_ridge,1008,7,4.34953049176437,4.04256467898309,-1.56290087552623,-0.186912447108412,0.0020815942233982
local_ridge,1009,7,1.88181664813891,1.69191166590504,-0.577945744917925,0.166408239030434,0.245674944145313
local_ridge,1010,7,2.50321790687521,2.166901386779,0.0323112139824693,-0.243475192676718,0.16506293546658
local_ridge,1011,7,4.4788418373855,3.60706708786067,-1.31975196711449,-0.649396224471292,0.0459677078491882
local_ridge,1012,7,3.30089298515663,2.71755542311043,-2.39090592937474,-0.767408734353002,0.163040341465002
local_ridge,1013,7,2.51538580140947,2.06427844049513,-1.68683822498338,-1.09339041706068,0.055139728650299
local_ridge,1014,7,4.32316660582551,3.58201223803049,-1.6590626037855,-0.954579556888455,0.380509430146474
local_ridge,1015,7,4.75771139366085,3.78565388676996,-0.90648607200121,-0.112604140398379,0.0120624449223256
local_ridge,1016,7,7.27692415552272,6.14298063014096,-3.28204376737276,-0.532892794409094,0.0003694926559354
pcr,1001,7,3.91725304391202,3.14265850114131,-1.09175404865933,-0.848325219006543,0.0158155362126541
pcr,1002,7,4.66330604905352,4.14499491854093,-0.0915715059989058,-0.686890105828613,0.209152748497662
pcr,1003,7,3.48069122966487,2.8977655981267,2.09143711579373,-0.913503611323593,0.187271591080112
pcr,1004,7,2.85635357724076,2.04073496586894,-1.98392466733934,-0.129191707582723,0.46294189791989
pcr,1005,7,7.94086040450226,5.94133176007261,1.37578641809614,-0.529243513534308,0.174761181041598
pcr,1006,7,2.29330910009667,2.22795468578033,-0.234974634032531,-0.164500970631373,0.0036305498291006
pcr,1007,7,2.95668117738024,2.50445863404649,0.240704118779889,-0.731711738555368,0.394637190096848
pcr,1008,7,4.52741320557646,3.9043030572842,1.21884226916221,-0.285979931842176,0.0036374875732101
pcr,1009,7,2.16049283156691,1.90055001629452,0.257421722483033,-0.0987640972681958,0.002984324770204
pcr,1010,7,3.09315139265466,2.30128831326851,2.03608638647767,-0.898637985404951,0.0515781093267197
pcr,1011,7,4.68100606646291,3.04838194111624,1.32599693418277,-0.801656327682091,0.194558233025203
pcr,1012,7,3.14888986056995,2.91438253536382,-1.46264230652072,-0.608381423285258,0.0010200241426429
pcr,1013,7,2.03078121991874,1.35425062395709,-0.246999613590019,-0.364480390246847,0.0002617654348076
pcr,1014,7,4.55778972884123,3.98544125870923,1.56332283289251,-1.17249095787809,0.381746002423287
pcr,1015,7,5.3617531592643,3.82233964587331,0.88435128494425,-0.413051911027339,0.253895640192566
pcr,1016,7,7.62954477523876,5.67538089190094,0.520557617830357,-0.685052118149274,0.102226839116942
hierarchical,1001,7,3.08226256396521,2.80702270387663,-1.58864499614992,-0.144338208328043,0.23683575059255
hierarchical,1002,7,3.79931668760313,3.37960502159134,-0.447850129219842,-0.119721310382284,0.0153739520516825
hierarchical,1003,7,2.75685905843881,2.15338967126363,1.87732725686552,-0.200403950285942,0.413066832923163
hierarchical,1004,7,2.96724621881733,2.22055984897236,-1.99225523107791,-0.218571223678684,0.33983596776958
hierarchical,1005,7,5.19870759431536,4.41265883280524,-1.06787954031014,0.344560959817262,0.48371681168223
hierarchical,1006,7,1.943190776998,1.81954403844977,0.0311906713424556,0.163924404000478,0.227958676764146
hierarchical,1007,7,2.67987690669757,1.90774842395023,0.883071562913768,-0.422644208916137,0.001888745793818
hierarchical,1008,7,3.51603166939495,3.23269494254063,-1.50578445440613,0.224396998400523,0.375120628726128
hierarchical,1009,7,2.058720458381,1.68581986371394,0.904147305824353,0.0023147273152061,0.214271521955744
hierarchical,1010,7,2.15413831789134,1.74354733863781,0.964724274125304,0.0791540469067735,0.323073180894989
hierarchical,1011,7,3.56604328262365,2.78552160439055,0.0190179170603503,-0.0456028626769771,0.090049608381404
hierarchical,1012,7,2.23735782669284,1.99922702952377,-0.349296168713234,0.188020616431008,0.234911610300725
hierarchical,1013,7,1.90744388261653,1.56048654189713,0.575828403619213,-0.203772897374952,0.192675703417148
hierarchical,1014,7,3.43726337172062,3.0932376538097,-0.11286693497457,-0.235591827468387,0.0054992715039574
hierarchical,1015,7,3.92766944189983,3.05627657443175,0.730249797174742,0.241746639585863,0.296834568636899
hierarchical,1016,7,5.76485085569781,4.59836545851912,-2.23487024000466,0.0379619755222143,0.194097227098472
stress_lag,1001,7,5.07225154712959,4.69626867028918,-3.79385192017957,-2.09896522151074,0.0122759586957835
stress_lag,1002,7,4.4293895191727,4.31003857065882,-1.02014032735123,-0.521902045521925,0.0297797553038576
stress_lag,1003,7,2.98272077173943,2.26408542878293,1.00700606746462,-0.405152581569516,0.003395749385501
stress_lag,1004,7,2.55802568788157,1.91865419933444,-1.61078759449169,0.0943642651303924,0.465870071768758
stress_lag,1005,7,7.3968605540482,6.26304487075167,-0.790374086403877,-0.326894478908813,0.0060927939912185
stress_lag,1006,7,3.2977143765497,3.18538204178763,-0.862989217913365,-1.40791272189709,0.045747012545142
stress_lag,1007,7,2.83586614794967,2.03072088571334,1.20365711299124,-0.593081757944927,3.13445099390081e-07
stress_lag,1008,7,8.20099153379,6.53711782153372,-6.1849532787982,-3.21955499824264,0.0326197671087337
stress_lag,1009,7,2.57421047352767,2.40055221838319,0.203325504791358,-0.559864616347797,0.0037647970897558
stress_lag,1010,7,2.98337605233935,1.94921285280229,1.94921114110903,-0.766264785411975,0.0901306129505391
stress_lag,1011,7,3.69538493019214,2.956530422809,-0.906914660065708,-0.122827162687967,0.034347808503882
stress_lag,1012,7,3.57680090583747,3.375809819616,-1.07076289360629,-1.07521759560377,0.007697721787906
stress_lag,1013,7,2.06606616948405,1.53939646353546,0.599254409958904,-0.412308179727468,0.0694398930729772
stress_lag,1014,7,3.12002951011526,2.89192725584425,0.40290790543266,-0.0180446131717988,0.0707271824344036
stress_lag,1015,7,5.48948587339961,4.87501993590632,-1.50553180648551,-0.481179960435788,0.0444762132160445
stress_lag,1016,7,6.83672538035257,5.943180272823,-3.24682027229693,-0.353045360897672,0.052074397263967
ensemble,1001,7,3.84594314713164,3.5995910860467,-2.53720360206067,-0.781643696798112,0.119610847031373
ensemble,1002,7,4.34359828436859,4.06287775198443,-1.42418483528712,-0.463518643526026,0.0201220580189705
ensemble,1003,7,2.60405778248902,2.34458646781496,0.684262267812993,-0.0710247865927693,0.0344833730610908
ensemble,1004,7,3.07044861517135,2.47126830220596,-2.47126830220596,-0.304810417529022,0.564037515784609
ensemble,1005,7,6.97978879967538,5.77992846486802,-2.14039675190847,-0.181479219153677,0.0032062843210574
ensemble,1006,7,2.25441717178672,2.10918851483845,-0.637160708581689,-0.125338646352893,0.102661021556279
ensemble,1007,7,2.60070802574182,2.32577485371902,-0.0439796026668878,-0.339830326337067,0.0101286113017935
ensemble,1008,7,4.66682111763431,4.18471275416803,-2.5795917373108,-0.366394903915239,0.0719592142196511
ensemble,1009,7,1.73745163384524,1.55465260337785,0.0776553260671834,0.289401562175141,0.304793875485822
ensemble,1010,7,2.46673865767027,2.02712583067287,0.746310002615343,-0.207497086736599,0.0349746544096212
ensemble,1011,7,4.09946721935025,3.4197688104112,-0.955151277924358,-0.381810153109097,0.000917348684619
ensemble,1012,7,2.80631107046963,2.51185582086251,-1.31046027116102,-0.277455340928824,0.100813573780508
ensemble,1013,7,1.82436522939537,1.59879837268118,-0.438258438826864,-0.101195921817107,0.171062106027196
ensemble,1014,7,3.79265085357354,3.20352775608281,-0.787011399656707,-0.504302352752151,0.0632468158444255
ensemble,1015,7,4.61378597236811,3.86310854491554,-0.54871650778436,-0.0463075824478048,0.0110817871006964
ensemble,1016,7,7.01132128717317,5.98335885209507,-3.34031280833613,-0.423035790988605,0.022121405781688
