Method,Level,N,RMSE,MAE,Bias,R2,Cor_R2,Coverage80,MeanWidth80,Rank,SelectedByTuning
hierarchical,National,7,2.55819222529379,2.30315779610236,-0.358749240614312,0.147486595750312,0.177949494094042,0.857142857142857,7.75503560590019,1,True
ensemble,National,7,3.21353009909614,2.87108589015628,-1.30054447403593,-0.345239499701287,0.0278955930229357,0.714285714285714,8.5074079443341,2,False
panel_ridge,National,7,3.32392604448546,2.97459520846576,-0.983288331340793,-0.439254419126968,0.0585903859400535,0.714285714285714,8.56775481984701,3,False
pcr,National,7,3.47991364582861,2.45914248264964,0.209154178284413,-0.577508837349392,0.0826531749298036,0.857142857142857,12.6150245503967,4,False
trend,National,7,3.57692835251392,2.744547585419,-0.44329472330228,-0.666691993035779,0.0402692626808153,0.714285714285714,10.4408095106734,5,False
local_ridge,National,7,3.57891991669101,3.09315568788954,-1.81751584058551,-0.668548473125913,0.0047573415242029,0.714285714285714,8.12677970510158,6,False
stress_lag,National,7,3.65072479261264,3.45623041792716,-1.33445792408082,-0.736173236409046,0.0057751239140003,1.0,13.1380049957555,7,False
persistence,National,7,4.33956368999865,3.63545143345444,0.170993233767302,-1.45316635765593,0.132888215149608,0.857142857142857,12.7561218064098,8,False
hierarchical,Province-year,112,3.36713001513431,2.65348159677335,-0.207118156620669,0.669384254705996,0.67737620769788,0.9375,11.8345964177046,1,True
ensemble,Province-year,112,3.98553912367618,3.19000779917154,-1.10659179045097,0.536790013688561,0.574832300626512,0.875,11.5062148705652,2,False
local_ridge,Province-year,112,4.28697096417812,3.4138148013291,-1.7029884414603,0.464073978509999,0.549495236662217,0.821428571428571,10.9418957442868,3,False
panel_ridge,Province-year,112,4.34458652488018,3.5326535800945,-0.66087817052438,0.449571817569793,0.462308455665233,0.883928571428571,12.8750232104769,4,False
pcr,Province-year,112,4.42181902881817,3.23788858420907,0.400164995281357,0.42982825893721,0.459419059369294,0.928571428571429,15.9557198413866,5,False
stress_lag,Province-year,112,4.57253458419761,3.5710588581607,-0.976735244740284,0.390297805458046,0.422537783784628,0.919642857142857,16.2997456199708,6,False
trend,Province-year,112,4.6301272413885,3.41761462864581,-0.158405857720375,0.37484225989468,0.408708928016789,0.875,12.4355129202509,7,False
persistence,Province-year,112,4.96785200780263,3.91160714285714,0.177678571428572,0.280317305396215,0.395838582096632,0.901785714285714,15.56,8,False
