Year,Method,Phase,ObservedWeighted,PredictedWeighted,Lower80Weighted,Upper80Weighted,OfficialNationalYield,ProvinceAggregatedLower80,ProvinceAggregatedUpper80,NationalHalfWidth80
1999,trend,final,30.9300384766136,28.7800256103473,23.5596208550106,34.000430365684,,22.5622691502218,34.9977820704727,5.2204047553367
2000,trend,final,25.6579600328971,28.851264322096,23.6308595667593,34.0716690774327,,22.6335078619706,35.0690207822215,5.2204047553367
2001,trend,final,31.2872071033356,30.3349849363954,25.1145801810587,35.5553896917321,,24.11722847627,36.5527413965209,5.2204047553367
2002,trend,final,32.0533902021224,29.8643509369823,24.6439461816456,35.084755692319,,23.6465944768568,36.0821073971077,5.2204047553367
2003,trend,final,27.846419128956,30.2655514220487,25.045146666712,35.4859561773854,,24.0477949619232,36.4833078821741,5.2204047553367
2004,trend,final,35.2122413346667,31.5583230089999,26.3379182536632,36.7787277643366,,25.3405665488744,37.7760794691253,5.2204047553367
2005,trend,final,32.0900562483736,30.7763613987131,25.5559566433764,35.9967661540498,,24.5586049385876,36.9941178588385,5.2204047553367
2006,trend,final,25.9255297039087,31.8746560392064,26.6542512838697,37.0950607945431,,25.6568995790809,38.0924124993318,5.2204047553367
2007,trend,final,32.6238921452236,33.5183718816945,28.2979671263578,38.7387766370312,,27.300615421569,39.7361283418199,5.2204047553367
2008,trend,final,29.9080121867167,32.8560703135118,27.6356655581751,38.0764750688485,,26.6383138533864,39.0738267736373,5.2204047553367
2009,trend,final,34.4581803753625,33.8815238760983,28.6611191207616,39.101928631435,,27.6637674159729,40.0992803362238,5.2204047553367
2010,trend,final,34.9299955397773,33.6043436716804,28.3839389163437,38.8247484270171,,27.3865872115549,39.8221001318058,5.2204047553367
2011,trend,final,32.8129182933703,34.0583174942571,28.8379127389204,39.2787222495938,,27.8405610341317,40.2760739543826,5.2204047553367
2012,trend,final,35.8033133616722,34.9764196304894,29.7560148751527,40.1968243858261,,28.758663170364,41.1941760906149,5.2204047553367
2013,trend,final,36.0684011708866,34.9788705397495,29.7584657844127,40.1992752950862,,28.761114079624,41.1966269998749,5.2204047553367
2014,trend,final,40.6388278124669,35.4699057783798,30.2495010230431,40.6903105337165,,29.2521493182544,41.6876622385052,5.2204047553367
2015,trend,final,35.3777600708535,35.1890937036074,29.9686889482707,40.4094984589441,,28.971337243482,41.4068501637328,5.2204047553367
2016,trend,final,37.4533101481675,36.6708403546096,31.4504355992729,41.8912451099463,,30.4530838944842,42.8885968147351,5.2204047553367
2017,trend,final,39.6774542506619,36.8373017345823,31.6168969792456,42.057706489919,,30.6195452744569,43.0550581947078,5.2204047553367
2018,trend,final,31.6159656569992,36.9771236551329,31.7567188997962,42.1975284104697,,30.7593671950075,43.1948801152584,5.2204047553367
2019,trend,final,34.3664511210797,38.9609207591221,33.7405160037854,44.1813255144588,,32.7431642989967,45.1786772192475,5.2204047553367
1999,persistence,final,30.9300384766136,30.9300384766136,24.5519775734086,37.3080993798185,,23.1500384766136,38.7100384766136,6.37806090320492
2000,persistence,final,25.6579600328971,30.9300384766136,24.5519775734086,37.3080993798185,,23.1500384766136,38.7100384766136,6.37806090320492
2001,persistence,final,31.2872071033356,25.6579600328971,19.2798991296922,32.0360209361021,,17.8779600328971,33.4379600328971,6.37806090320492
2002,persistence,final,32.0533902021224,31.2872071033356,24.9091462001307,37.6652680065406,,23.5072071033356,39.0672071033356,6.37806090320492
2003,persistence,final,27.846419128956,32.0533902021224,25.6753292989175,38.4314511053273,,24.2733902021224,39.8333902021224,6.37806090320492
2004,persistence,final,35.2122413346667,27.846419128956,21.4683582257511,34.2244800321609,,20.066419128956,35.626419128956,6.37806090320492
2005,persistence,final,32.0900562483736,35.2122413346667,28.8341804314618,41.5903022378716,,27.4322413346667,42.9922413346667,6.37806090320492
2006,persistence,final,25.9255297039087,32.0900562483736,25.7119953451686,38.4681171515785,,24.3100562483736,39.8700562483736,6.37806090320492
2007,persistence,final,32.6238921452236,25.9255297039087,19.5474688007037,32.3035906071136,,18.1455297039087,33.7055297039087,6.37806090320492
2008,persistence,final,29.9080121867167,32.6238921452236,26.2458312420187,39.0019530484285,,24.8438921452236,40.4038921452236,6.37806090320492
2009,persistence,final,34.4581803753625,29.9080121867167,23.5299512835118,36.2860730899217,,22.1280121867167,37.6880121867167,6.37806090320492
2010,persistence,final,34.9299955397773,34.4581803753625,28.0801194721576,40.8362412785674,,26.6781803753625,42.2381803753625,6.37806090320492
2011,persistence,final,32.8129182933703,34.9299955397773,28.5519346365724,41.3080564429823,,27.1499955397773,42.7099955397773,6.37806090320492
2012,persistence,final,35.8033133616722,32.8129182933703,26.4348573901654,39.1909791965752,,25.0329182933703,40.5929182933703,6.37806090320492
2013,persistence,final,36.0684011708866,35.8033133616722,29.4252524584672,42.1813742648771,,28.0233133616722,43.5833133616722,6.37806090320492
2014,persistence,final,40.6388278124669,36.0684011708866,29.6903402676817,42.4464620740915,,28.2884011708866,43.8484011708866,6.37806090320492
2015,persistence,final,35.3777600708535,40.6388278124669,34.260766909262,47.0168887156719,,32.8588278124669,48.4188278124669,6.37806090320492
2016,persistence,final,37.4533101481675,35.3777600708535,28.9996991676486,41.7558209740585,,27.5977600708535,43.1577600708535,6.37806090320492
2017,persistence,final,39.6774542506619,37.4533101481675,31.0752492449626,43.8313710513724,,29.6733101481675,45.2333101481675,6.37806090320492
2018,persistence,final,31.6159656569992,39.6774542506619,33.299393347457,46.0555151538668,,31.8974542506619,47.4574542506619,6.37806090320492
2019,persistence,final,34.3664511210797,31.6159656569992,25.2379047537943,37.9940265602041,,23.8359656569992,39.3959656569992,6.37806090320492
1999,panel_ridge,final,30.9300384766136,30.629351723195,26.3454743132715,34.9132291331185,,24.1918401179566,37.0668633284334,4.28387740992351
2000,panel_ridge,final,25.6579600328971,26.2694430230863,21.9855656131628,30.5533204330098,,19.8319314178479,32.7069546283247,4.28387740992351
2001,panel_ridge,final,31.2872071033356,30.6371480089296,26.353270599006,34.9210254188531,,24.1996364036911,37.074659614168,4.28387740992351
2002,panel_ridge,final,32.0533902021224,31.776649085826,27.4927716759025,36.0605264957495,,25.3391374805876,38.2141606910644,4.28387740992351
2003,panel_ridge,final,27.846419128956,29.4483121930428,25.1644347831193,33.7321896029663,,23.0108005878044,35.8858237982812,4.28387740992351
2004,panel_ridge,final,35.2122413346667,33.5568923304492,29.2730149205257,37.8407697403727,,27.1193807252108,39.9944039356876,4.28387740992351
2005,panel_ridge,final,32.0900562483736,31.6845172297073,27.4006398197837,35.9683946396308,,25.2470056244688,38.1220288349457,4.28387740992351
2006,panel_ridge,final,25.9255297039087,26.6759258832244,22.3920484733009,30.9598032931479,,20.2384142779859,33.1134374884628,4.28387740992351
2007,panel_ridge,final,32.6238921452236,32.3600529094386,28.0761754995151,36.6439303193621,,25.9225413042001,38.797564514677,4.28387740992351
2008,panel_ridge,final,29.9080121867167,30.9124750178097,26.6285976078862,35.1963524277332,,24.4749634125712,37.3499866230481,4.28387740992351
2009,panel_ridge,final,34.4581803753625,33.11909418425,28.8352167743265,37.4029715941736,,26.6815825790116,39.5566057894885,4.28387740992351
2010,panel_ridge,final,34.9299955397773,36.2554074049404,31.9715299950169,40.5392848148639,,29.8178957997019,42.6929190101788,4.28387740992351
2011,panel_ridge,final,32.8129182933703,32.3429277280618,28.0590503181383,36.6268051379853,,25.9054161228234,38.7804393333003,4.28387740992351
2012,panel_ridge,final,35.8033133616722,35.1205208695441,30.8366434596206,39.4043982794676,,28.6830092643056,41.5580324747825,4.28387740992351
2013,panel_ridge,final,36.0684011708866,34.5820187188173,30.2981413088938,38.8658961287408,,28.1445071135789,41.0195303240558,4.28387740992351
2014,panel_ridge,final,40.6388278124669,38.9491537566121,34.6652763466886,43.2330311665356,,32.5116421513737,45.3866653618505,4.28387740992351
2015,panel_ridge,final,35.3777600708535,36.122862046451,31.8389846365275,40.4067394563745,,29.6853504412126,42.5603736516894,4.28387740992351
2016,panel_ridge,final,37.4533101481675,36.98949773455,32.7056203246265,41.2733751444736,,30.5519861293116,43.4270093397885,4.28387740992351
2017,panel_ridge,final,39.6774542506619,38.1957065597529,33.9118291498294,42.4795839696764,,31.7581949545144,44.6332181649913,4.28387740992351
2018,panel_ridge,final,31.6159656569992,32.869627731289,28.5857503213655,37.1535051412125,,26.4321161260506,39.3071393365275,4.28387740992351
2019,panel_ridge,final,34.3664511210797,34.6972172812509,30.4133398713274,38.9810946911744,,28.2597056760125,41.1347288864893,4.28387740992351
1999,local_ridge,final,30.9300384766136,30.7819259682499,26.7185361156991,34.8453158208007,,25.3109780961065,36.2528738403933,4.06338985255079
2000,local_ridge,final,25.6579600328971,29.5758914856064,25.5125016330556,33.6392813381572,,24.1049436134631,35.0468393577498,4.06338985255079
2001,local_ridge,final,31.2872071033356,31.6255756777473,27.5621858251965,35.6889655302981,,26.1546278056039,37.0965235498907,4.06338985255079
2002,local_ridge,final,32.0533902021224,31.6793699230071,27.6159800704563,35.7427597755579,,26.2084220508637,37.1503177951505,4.06338985255079
2003,local_ridge,final,27.846419128956,30.6521811911319,26.5887913385811,34.7155710436827,,25.1812333189885,36.1231290632753,4.06338985255079
2004,local_ridge,final,35.2122413346667,33.4536325777789,29.3902427252281,37.5170224303297,,27.9826847056355,38.9245804499222,4.06338985255079
2005,local_ridge,final,32.0900562483736,32.2543773762465,28.1909875236957,36.3177672287973,,26.7834295041031,37.7253252483899,4.06338985255079
2006,local_ridge,final,25.9255297039087,31.3702175176673,27.3068276651165,35.4336073702181,,25.8992696455239,36.8411653898107,4.06338985255079
2007,local_ridge,final,32.6238921452236,32.512108005083,28.4487181525322,36.5754978576337,,27.0411601329396,37.9830558772263,4.06338985255079
2008,local_ridge,final,29.9080121867167,32.4529992423944,28.3896093898436,36.5163890949452,,26.982051370251,37.9239471145378,4.06338985255079
2009,local_ridge,final,34.4581803753625,33.8635752895935,29.8001854370427,37.9269651421443,,28.3926274174501,39.3345231617369,4.06338985255079
2010,local_ridge,final,34.9299955397773,34.9746612973196,30.9112714447688,39.0380511498704,,29.5037134251762,40.4456091694629,4.06338985255079
2011,local_ridge,final,32.8129182933703,32.9540712972964,28.8906814447456,37.0174611498472,,27.483123425153,38.4250191694398,4.06338985255079
2012,local_ridge,final,35.8033133616722,34.9554802546814,30.8920904021306,39.0188701072322,,29.484532382538,40.4264281268248,4.06338985255079
2013,local_ridge,final,36.0684011708866,34.8595720834955,30.7961822309447,38.9229619360463,,29.3886242113521,40.3305199556389,4.06338985255079
2014,local_ridge,final,40.6388278124669,36.3929919853543,32.3296021328035,40.4563818379051,,30.9220441132109,41.8639398574977,4.06338985255079
2015,local_ridge,final,35.3777600708535,35.6084657776291,31.5450759250783,39.6718556301799,,30.1375179054857,41.0794136497725,4.06338985255079
2016,local_ridge,final,37.4533101481675,36.5233979606805,32.4600081081297,40.5867878132313,,31.0524500885372,41.9943458328239,4.06338985255079
2017,local_ridge,final,39.6774542506619,36.8246632972139,32.7612734446631,40.8880531497647,,31.3537154250705,42.2956111693572,4.06338985255079
2018,local_ridge,final,31.6159656569992,34.4111481395078,30.347758286957,38.4745379920586,,28.9402002673644,39.8820960116512,4.06338985255079
2019,local_ridge,final,34.3664511210797,36.2537455791789,32.1903557266281,40.3171354317297,,30.7827977070355,41.7246934513223,4.06338985255079
1999,pcr,final,30.9300384766136,29.7634040942727,23.4558918190744,36.0709163694711,,21.7855441735795,37.741264014966,6.30751227519837
2000,pcr,final,25.6579600328971,28.9776497002568,22.6701374250584,35.2851619754552,,20.9997897795635,36.9555096209501,6.30751227519837
2001,pcr,final,31.2872071033356,31.2209291068238,24.9134168316254,37.5284413820222,,23.2430691861305,39.1987890275171,6.30751227519837
2002,pcr,final,32.0533902021224,29.8585785853299,23.5510663101316,36.1660908605283,,21.8807186646367,37.8364385060232,6.30751227519837
2003,pcr,final,27.846419128956,30.7915750673826,24.4840627921843,37.099087342581,,22.8137151466894,38.7694349880759,6.30751227519837
2004,pcr,final,35.2122413346667,33.008545696909,26.7010334217106,39.3160579721074,,25.0306857762157,40.9864056176023,6.30751227519837
2005,pcr,final,32.0900562483736,31.6884366146635,25.3809243394651,37.9959488898618,,23.7105766939702,39.6662965353567,6.30751227519837
2006,pcr,final,25.9255297039087,33.2846022548645,26.9770899796662,39.5921145300629,,25.3067423341713,41.2624621755578,6.30751227519837
2007,pcr,final,32.6238921452236,32.6311228354235,26.3236105602251,38.9386351106219,,24.6532629147302,40.6089827561168,6.30751227519837
2008,pcr,final,29.9080121867167,33.1084040238386,26.8008917486402,39.415916299037,,25.1305441031453,41.0862639445319,6.30751227519837
2009,pcr,final,34.4581803753625,34.5549120079632,28.2473997327648,40.8624242831616,,26.5770520872699,42.5327719286565,6.30751227519837
2010,pcr,final,34.9299955397773,35.5226159266644,29.215103651466,41.8301282018627,,27.5447560059711,43.5004758473577,6.30751227519837
2011,pcr,final,32.8129182933703,34.4056053839916,28.0980931087932,40.7131176591899,,26.4277454632983,42.3834653046849,6.30751227519837
2012,pcr,final,35.8033133616722,35.5031330035557,29.1956207283573,41.8106452787541,,27.5252730828624,43.480992924249,6.30751227519837
2013,pcr,final,36.0684011708866,36.3482194969474,30.040707221749,42.6557317721458,,28.3703595762541,44.3260794176407,6.30751227519837
2014,pcr,final,40.6388278124669,35.8674676927237,29.5599554175253,42.174979967922,,27.8896077720304,43.845327613417,6.30751227519837
2015,pcr,final,35.3777600708535,35.3670431058733,29.0595308306749,41.6745553810717,,27.38918318518,43.3449030265666,6.30751227519837
2016,pcr,final,37.4533101481675,36.8597216442921,30.5522093690937,43.1672339194905,,28.8818617235988,44.8375815649854,6.30751227519837
2017,pcr,final,39.6774542506619,38.1219460726836,31.8144337974852,44.429458347882,,30.1440861519903,46.0998059933769,6.30751227519837
2018,pcr,final,31.6159656569992,36.83468000999,30.5271677347917,43.1421922851884,,28.8568200892968,44.8125399306833,6.30751227519837
2019,pcr,final,34.3664511210797,38.7101672502612,32.4026549750629,45.0176795254596,,30.7323073295679,46.6880271709545,6.30751227519837
1999,hierarchical,final,30.9300384766136,30.7631420707966,26.8856242678465,34.6406598737467,,24.8458438619443,36.6804402796489,3.8775178029501
2000,hierarchical,final,25.6579600328971,26.7257558746381,22.848238071688,30.6032736775882,,20.8084576657858,32.6430540834905,3.8775178029501
2001,hierarchical,final,31.2872071033356,31.1375841748547,27.2600663719046,35.0151019778048,,25.2202859660024,37.054882383707,3.8775178029501
2002,hierarchical,final,32.0533902021224,31.3937309338875,27.5162131309374,35.2712487368376,,25.4764327250352,37.3110291427398,3.8775178029501
2003,hierarchical,final,27.846419128956,28.0230223469227,24.1455045439726,31.9005401498728,,22.1057241380704,33.940320555775,3.8775178029501
2004,hierarchical,final,35.2122413346667,33.677181060101,29.7996632571509,37.5546988630511,,27.7598828512487,39.5944792689533,3.8775178029501
2005,hierarchical,final,32.0900562483736,31.2531783489727,27.3756605460226,35.1306961519228,,25.3358801401204,37.1704765578251,3.8775178029501
2006,hierarchical,final,25.9255297039087,29.6678783465525,25.7903605436024,33.5453961495026,,23.7505801377002,35.5851765554048,3.8775178029501
2007,hierarchical,final,32.6238921452236,32.5466629305279,28.6691451275778,36.424180733478,,26.6293647216756,38.4639611393802,3.8775178029501
2008,hierarchical,final,29.9080121867167,30.6501045919813,26.7725867890312,34.5276223949314,,24.732806383129,36.5674028008336,3.8775178029501
2009,hierarchical,final,34.4581803753625,34.1741874731648,30.2966696702148,38.0517052761149,,28.2568892643125,40.0914856820172,3.8775178029501
2010,hierarchical,final,34.9299955397773,35.4559816739688,31.5784638710187,39.3334994769189,,29.5386834651165,41.3732798828211,3.8775178029501
2011,hierarchical,final,32.8129182933703,31.9692771004946,28.0917592975445,35.8467949034447,,26.0519788916422,37.8865753093469,3.8775178029501
2012,hierarchical,final,35.8033133616722,35.5753274487549,31.6978096458048,39.452845251705,,29.6580292399026,41.4926256576072,3.8775178029501
2013,hierarchical,final,36.0684011708866,34.7501918046704,30.8726740017203,38.6277096076205,,28.832893595818,40.6674900135227,3.8775178029501
2014,hierarchical,final,40.6388278124669,39.0464328206597,35.1689150177096,42.9239506236098,,33.1291346118074,44.963731029512,3.8775178029501
2015,hierarchical,final,35.3777600708535,36.6633082005626,32.7857903976125,40.5408260035127,,30.7460099917103,42.5806064094149,3.8775178029501
2016,hierarchical,final,37.4533101481675,36.9469247390099,33.0694069360598,40.82444254196,,31.0296265301576,42.8642229478623,3.8775178029501
2017,hierarchical,final,39.6774542506619,37.9246052171505,34.0470874142004,41.8021230201006,,32.0073070082982,43.8419034260029,3.8775178029501
2018,hierarchical,final,31.6159656569992,33.0118535064177,29.1343357034676,36.8893713093678,,27.0945552975654,38.92915171527,3.8775178029501
2019,hierarchical,final,34.3664511210797,36.0748858939087,32.1973680909587,39.9524036968588,,30.1575876850564,41.9921841027611,3.8775178029501
1999,stress_lag,final,30.9300384766136,29.7888353485828,23.2198328507051,36.3578378464606,,21.6389625385974,37.9387081585683,6.56900249787776
2000,stress_lag,final,25.6579600328971,28.0887371488398,21.519734650962,34.6577396467176,,19.9388643388544,36.2386099588252,6.56900249787776
2001,stress_lag,final,31.2872071033356,29.3510490919152,22.7820465940374,35.920051589793,,21.2011762819298,37.5009219019006,6.56900249787776
2002,stress_lag,final,32.0533902021224,31.271527333817,24.7025248359393,37.8405298316948,,23.1216545238316,39.4214001438025,6.56900249787776
2003,stress_lag,final,27.846419128956,29.1357957978489,22.5667932999712,35.7047982957267,,20.9859229878635,37.2856686078344,6.56900249787776
2004,stress_lag,final,35.2122413346667,31.8869505880365,25.3179480901587,38.4559530859143,,23.7370777780511,40.0368233980219,6.56900249787776
2005,stress_lag,final,32.0900562483736,32.7734958929015,26.2044933950238,39.3424983907793,,24.6236230829161,40.923368702887,6.56900249787776
2006,stress_lag,final,25.9255297039087,30.4527268391556,23.8837243412779,37.0217293370334,,22.3028540291702,38.602599649141,6.56900249787776
2007,stress_lag,final,32.6238921452236,29.4376203119064,22.8686178140287,36.0066228097842,,21.287747501921,37.5874931218919,6.56900249787776
2008,stress_lag,final,29.9080121867167,31.1889349865713,24.6199324886936,37.7579374844491,,23.0390621765859,39.3388077965567,6.56900249787776
2009,stress_lag,final,34.4581803753625,32.5289890500783,25.9599865522005,39.0979915479561,,24.3791162400929,40.6788618600637,6.56900249787776
2010,stress_lag,final,34.9299955397773,34.6612261168537,28.092223618976,41.2302286147315,,26.5113533068683,42.8110989268391,6.56900249787776
2011,stress_lag,final,32.8129182933703,32.3134005847878,25.74439808691,38.8824030826655,,24.1635277748023,40.4632733947732,6.56900249787776
2012,stress_lag,final,35.8033133616722,34.5573491417733,27.9883466438956,41.1263516396511,,26.4074763317879,42.7072219517587,6.56900249787776
2013,stress_lag,final,36.0684011708866,34.8657163269457,28.296713829068,41.4347188248235,,26.7158435169603,43.0155891369311,6.56900249787776
2014,stress_lag,final,40.6388278124669,37.3552898685138,30.786287370636,43.9242923663916,,29.2054170585284,45.5051626784992,6.56900249787776
2015,stress_lag,final,35.3777600708535,37.3780989317917,30.8090964339139,43.9471014296694,,29.2282261218063,45.5279717417771,6.56900249787776
2016,stress_lag,final,37.4533101481675,35.2401603016562,28.6711578037785,41.809162799534,,27.0902874916708,43.3900331116416,6.56900249787776
2017,stress_lag,final,39.6774542506619,37.0552081275363,30.4862056296585,43.6242106254141,,28.9053353175509,45.2050809375217,6.56900249787776
2018,stress_lag,final,31.6159656569992,34.946664364485,28.3776618666072,41.5156668623627,,26.7967915544995,43.0965371744704,6.56900249787776
2019,stress_lag,final,34.3664511210797,31.7766574650176,25.2076549671398,38.3456599628953,,23.6267846550322,39.926530275003,6.56900249787776
1999,ensemble,final,30.9300384766136,30.7249108456735,26.4712068735064,34.9786148178405,,24.9718034103909,36.4780182809561,4.25370397216705
2000,ensemble,final,25.6579600328971,27.9705705234865,23.7168665513195,32.2242744956536,,22.2174630882039,33.7236779587691,4.25370397216705
2001,ensemble,final,31.2872071033356,31.2007749173074,26.9470709451404,35.4544788894745,,25.4476674820248,36.95388235259,4.25370397216705
2002,ensemble,final,32.0533902021224,31.6706798969583,27.4169759247912,35.9243838691253,,25.9175724616757,37.4237873322409,4.25370397216705
2003,ensemble,final,27.846419128956,29.8268357229945,25.5731317508275,34.0805396951616,,24.0737282877119,35.5799431582771,4.25370397216705
2004,ensemble,final,35.2122413346667,33.5241280503919,29.2704240782248,37.7778320225589,,27.7710206151093,39.2772354856745,4.25370397216705
2005,ensemble,final,32.0900562483736,31.9005208035391,27.6468168313721,36.1542247757062,,26.1474133682565,37.6536282388217,4.25370397216705
2006,ensemble,final,25.9255297039087,29.4458465404264,25.1921425682593,33.6995505125934,,23.6927391051438,35.198953975709,4.25370397216705
2007,ensemble,final,32.6238921452236,32.4633496770963,28.2096457049293,36.7170536492634,,26.7102422418137,38.2164571123789,4.25370397216705
2008,ensemble,final,29.9080121867167,31.6331719844608,27.3794680122938,35.8868759566279,,25.8800645491782,37.3862794197434,4.25370397216705
2009,ensemble,final,34.4581803753625,33.6462523027898,29.3925483306228,37.8999562749569,,27.8931448675072,39.3993597380724,4.25370397216705
2010,ensemble,final,34.9299955397773,35.5022416644826,31.2485376923156,39.7559456366497,,29.7491342292,41.2553490997652,4.25370397216705
2011,ensemble,final,32.8129182933703,32.58803958242,28.3343356102529,36.841743554587,,26.8349321471374,38.3411470177026,4.25370397216705
2012,ensemble,final,35.8033133616722,35.1078884678173,30.8541844956502,39.3615924399843,,29.3547810325347,40.8609959030999,4.25370397216705
2013,ensemble,final,36.0684011708866,34.7444713056188,30.4907673334517,38.9981752777858,,28.9913638703362,40.4975787409014,4.25370397216705
2014,ensemble,final,40.6388278124669,37.7021512008205,33.4484472286534,41.9558551729876,,31.9490437655379,43.4552586361031,4.25370397216705
2015,ensemble,final,35.3777600708535,35.9507481646058,31.6970441924388,40.2044521367729,,30.1976407293232,41.7038555998884,4.25370397216705
2016,ensemble,final,37.4533101481675,36.752987091211,32.4992831190439,41.006691063378,,30.9998796559284,42.5060945264936,4.25370397216705
2017,ensemble,final,39.6774542506619,37.4779283155491,33.224224343382,41.7316322877161,,31.7248208802665,43.2310357508317,4.25370397216705
2018,ensemble,final,31.6159656569992,33.6520492967292,29.3983453245622,37.9057532688963,,27.8989418614466,39.4051567320118,4.25370397216705
2019,ensemble,final,34.3664511210797,35.6740226267868,31.4203186546198,39.9277265989539,,29.9209151915042,41.4271300620694,4.25370397216705
