RS,Year,Intercept,Trend,Regional,LinearAnomaly,UpperTail,LowerTail,HotDry,ARCorrection,Prediction
1001,2019,31.9807190863074,3.685932140582,1.4004912652864,-0.661909357249656,-2.46783770316801,-0.0092030155464618,-0.605512554091483,1.72484611011068,35.0475259722308
1002,2019,31.9807190863074,3.685932140582,0.231136669752728,-0.511483724518875,-2.92933577640072,0.392628532551099,-0.0242330173266486,-0.979333325327091,31.8460305856198
1003,2019,31.9807190863074,3.685932140582,-0.708370657907478,-0.706264368302251,-2.74802713279307,0.179372356669928,-0.460751248991644,-2.06878746890293,29.1538227066619
1004,2019,31.9807190863074,3.685932140582,0.0530866314163223,-0.52438346418813,-2.22440265967992,-0.081701882656315,-0.167816073776437,2.29120100154733,35.0126347795522
1005,2019,31.9807190863074,3.685932140582,-0.072519249050794,-0.804952845615743,-3.05754194543112,0.0996447539159782,-0.38668037974824,-5.64137254722007,25.8032290137394
1006,2019,31.9807190863074,3.685932140582,0.271274018520274,-0.331169393181835,-1.97193700150708,-0.0527430035104225,-1.200104242498,0.274066697682978,32.6560383023953
1007,2019,31.9807190863074,3.685932140582,-1.09211504894226,-0.804062386223324,-3.15958426454788,0.209849730304062,0.0052017451257865,-2.18475269935643,28.6411883032493
1008,2019,31.9807190863074,3.685932140582,1.64669743232826,-0.548546322602017,-2.29416007840694,0.016357787691181,-0.858771748672567,4.76633528217398,38.3945635794012
1009,2019,31.9807190863074,3.685932140582,-0.457440272546097,-0.195570643397184,-1.74040890370924,0.0448944638576025,-0.289979575122155,-1.01090238677247,32.0172439091998
1010,2019,31.9807190863074,3.685932140582,-1.24342621545023,-0.811103695664286,-2.69808133166331,-0.171587368338474,-0.0558227765867365,-2.71284944121367,27.9737803979726
1011,2019,31.9807190863074,3.685932140582,0.272587365643901,-0.540979224500898,-2.92702785200679,0.292155235263429,-0.0304309071802853,-1.55136917375604,31.1815866703527
1012,2019,31.9807190863074,3.685932140582,0.340080230809886,-0.518443799353139,-2.61092090644285,0.147283544978572,-0.857858898631617,0.201435162949748,32.3682265611999
1013,2019,31.9807190863074,3.685932140582,-0.898942030361806,-0.353566538733454,-2.23840460853384,0.146706330997104,-0.185404609233622,-1.16040504258872,30.976634728435
1014,2019,31.9807190863074,3.685932140582,-0.524245441925559,-0.612523699194943,-2.79001105305835,-0.0119242439462785,-0.0212545990263383,-2.31656006106562,29.3901321286723
1015,2019,31.9807190863074,3.685932140582,0.79980389273732,-0.71281975728861,-3.01868072919986,0.164066985940637,-0.640000182111302,-2.57931803056353,29.679703406404
1016,2019,31.9807190863074,3.685932140582,0.719087837805534,-0.575737046525868,-2.68739088173412,0.394165518163118,-0.0100459820765348,-1.79282773089784,31.7139029416236
