"Method","N","RMSE","MAE","Bias","R2","Cor_R2"
"trend",112,4.53006299834488,3.35096037048419,-0.00805979426185271,0.401571534205322,0.430939794473528
"persistence",112,4.96785200780263,3.91160714285714,0.177678571428572,0.280317305396215,0.395838582096632
"panel_ridge",112,4.74762439020223,3.68845741544945,-1.33395874323153,0.342710847600296,0.474165788155929
"local_ridge",112,5.82488753891259,4.87806941441796,-4.16437376123761,0.0105841801334252,0.523358479413709
"pcr",112,4.40476116671863,3.23903072298655,0.0918742540561552,0.434218828181938,0.453634878524691
"hierarchical",112,4.7884833432828,3.7233085182303,-0.935498744478077,0.331348655076556,0.44053686059842
"stress_lag",112,5.4835517024215,4.47873873105241,-0.83042839466681,0.123145276902641,0.413815531877106
"anomaly_linear",112,6.61813130012236,5.05942363333866,-2.86116224469601,-0.27724590364926,0.000285993676726897
"anomaly_tails",112,6.65067836600964,5.08710277909061,-2.95432609788548,-0.289839436165746,9.87859491138647e-05
"stress_unsmoothed",112,5.4835517024215,4.47873873105241,-0.83042839466681,0.123145276902641,0.413815531877106
"stress_no_region",112,6.6957892782398,5.11638348591782,-2.84850227767587,-0.307396492706954,0.0111092822247535
"threshold_0.5",112,6.61203617086379,5.06010337094396,-2.84091540960091,-0.274894365536199,0.000330190490213431
"threshold_1",112,7.05884733504315,5.37318201239139,-2.37380309975434,-0.453019152898796,0.00924331215221333
"threshold_1.5",112,6.69826433063758,5.12485360398431,-3.04040230027304,-0.308363211565345,0.000302717389339415
"stress_robust",112,5.04083868075257,4.12820650216827,0.21306935238206,0.259015098652597,0.439695654010551
"gam",112,4.04821369544304,2.96716210993636,0.285837843829659,0.522107054187015,0.53721084380541
"random_forest",112,6.05915594822122,4.819946875,-1.11208925595239,-0.0706019277196934,0.0401489199248761
