"Method","Reference","N","Years","RMSEDifference","Lower","Upper","Confidence","Repetitions","BlockLength","Seed"
"trend","hierarchical",112,7,-0.213217190405387,-1.59765524258323,1.65326198152345,0.95,2000,3,2718
"persistence","hierarchical",112,7,0.124507576008738,-1.59740174385157,1.92349608672739,0.95,2000,3,2718
"panel_ridge","hierarchical",112,7,0.00540550640064463,-0.361729369483939,0.299523702952845,0.95,2000,3,2718
"local_ridge","hierarchical",112,7,0.685598708868356,-0.120520310552765,1.60970475064501,0.95,2000,3,2718
"pcr","hierarchical",112,7,-0.350935439755552,-1.69195243928433,1.45822239408436,0.95,2000,3,2718
"stress_lag","hierarchical",112,7,0.653411665113372,-0.236705879358402,1.63335851957442,0.95,2000,3,2718
"anomaly_linear","hierarchical",112,7,0.252722194264227,-0.804194488342808,1.55958643746476,0.95,2000,3,2718
"anomaly_tails","hierarchical",112,7,0.245176429690374,-0.809227504334212,1.54608537656001,0.95,2000,3,2718
"stress_unsmoothed","hierarchical",112,7,0.653411665113372,-0.236705879358402,1.63335851957442,0.95,2000,3,2718
"stress_no_region","hierarchical",112,7,0.271864377950977,-0.802488411453557,1.59900793033795,0.95,2000,3,2718
"threshold_0.5","hierarchical",112,7,0.271599972731186,-0.795889910691529,1.58086063566535,0.95,2000,3,2718
"threshold_1","hierarchical",112,7,1.3599068344239,-0.724181489935499,3.70605457142212,0.95,2000,3,2718
"threshold_1.5","hierarchical",112,7,0.307090919242922,-0.746657728522426,1.59521440352829,0.95,2000,3,2718
"stress_robust","hierarchical",112,7,0.188578804596999,-0.898968194172652,1.42025360775159,0.95,2000,3,2718
"gam","hierarchical",112,7,-0.795130736350847,-2.45357335310557,1.20584694547371,0.95,2000,3,2718
"random_forest","hierarchical",112,7,1.21581151642733,0.180146003540715,2.52954103722545,0.95,2000,3,2718
