"Method","N","RMSE","MAE","Bias","R2","Cor_R2"
"trend",16,5.0445163272735,4.6177117863884,4.58811327461209,-0.235232715550789,0.841353637156419
"persistence",16,4.14668542332307,2.9625,-2.5375,0.165335578359766,0.627252113533292
"panel_ridge",16,2.05023732953588,1.57316905421269,-1.1857220771084,0.795958740907997,0.897687402046551
"local_ridge",16,2.34486184391236,1.75975653382111,-1.45382107570681,0.733102662714883,0.835857953514256
"pcr",16,4.64826304202777,4.33477359279198,4.2695879265259,-0.0487962226705212,0.869965607869651
"hierarchical",16,2.45148011894048,1.95936214420442,1.45307882059844,0.708279820164383,0.876786772289273
"stress_lag",16,5.97365051420735,5.74452259228,-5.74452259228,-0.732165335439517,0.891598405364193
"anomaly_linear",16,2.91355673504801,2.32477319258129,-0.797940760887732,0.587943584386455,0.646299820138131
"anomaly_tails",16,2.91103516328635,2.31841525251308,-0.848763950049732,0.588656513837302,0.647168772775999
"stress_unsmoothed",16,5.97365051420735,5.74452259228,-5.74452259228,-0.732165335439517,0.891598405364193
"stress_no_region",16,3.03180705382076,2.38019763363687,-1.05431261016003,0.553817184507627,0.636562904405895
"threshold_0.5",16,2.96460462436625,2.32722918227704,-0.957442886636536,0.573377963060153,0.653575271544481
"threshold_1",16,3.02188950393958,2.39319333605513,-1.06009600738354,0.556731487908492,0.63602901888628
"threshold_1.5",16,5.57275454730625,4.71948482760552,-4.66095134339142,-0.507473031354101,0.547594809919343
"stress_robust",16,7.89993375910569,7.40758185534214,-7.40758185534214,-2.02939999961205,0.763916417194031
"gam",16,2.94554925451053,2.60197447748063,2.26869435593034,0.578844671256956,0.869438442737684
"random_forest",16,7.06275238804751,6.08212083333333,5.59560958333333,-1.42135062828258,0.109365257127809
"ensemble",16,1.89922565997735,1.58112442245972,0.803925389189718,0.824909388244671,0.886963897905988
