"Method","RS","Year","Observed","Predicted","TrainEnd"
"trend","1001",2019,39.5,45.1744316600255,2018
"trend","1002",2019,33.9,37.9119649412674,2018
"trend","1003",2019,28.2,34.2429651821759,2018
"trend","1004",2019,37.6,37.3632119057895,2018
"trend","1005",2019,30.9,38.6203188301973,2018
"trend","1006",2019,34.4,36.9766078189041,2018
"trend","1007",2019,29.5,31.597635386382,2018
"trend","1008",2019,44,51.266426375709,2018
"trend","1009",2019,31.9,34.3747779634097,2018
"trend","1010",2019,27.5,31.6465956833122,2018
"trend","1011",2019,33,39.0206735759157,2018
"trend","1012",2019,33.4,37.0099467431035,2018
"trend","1013",2019,28.4,32.8334339057251,2018
"trend","1014",2019,31.7,36.3117023112819,2018
"trend","1015",2019,32.8,40.1014448828664,2018
"trend","1016",2019,40.3,45.9576752277282,2018
"persistence","1001",2019,39.5,38,2018
"persistence","1002",2019,33.9,30,2018
"persistence","1003",2019,28.2,28.1,2018
"persistence","1004",2019,37.6,36.9,2018
"persistence","1005",2019,30.9,22.2,2018
"persistence","1006",2019,34.4,34.9,2018
"persistence","1007",2019,29.5,27.7,2018
"persistence","1008",2019,44,44.3,2018
"persistence","1009",2019,31.9,31.1,2018
"persistence","1010",2019,27.5,24.7,2018
"persistence","1011",2019,33,28.7,2018
"persistence","1012",2019,33.4,34.7,2018
"persistence","1013",2019,28.4,29.7,2018
"persistence","1014",2019,31.7,27,2018
"persistence","1015",2019,32.8,28.4,2018
"persistence","1016",2019,40.3,30,2018
"panel_ridge","1001",2019,39.5,40.3460731947034,2018
"panel_ridge","1002",2019,33.9,32.6301839338904,2018
"panel_ridge","1003",2019,28.2,27.9903783809228,2018
"panel_ridge","1004",2019,37.6,32.5858281283098,2018
"panel_ridge","1005",2019,30.9,30.6559679893743,2018
"panel_ridge","1006",2019,34.4,31.6778473652526,2018
"panel_ridge","1007",2019,29.5,25.7846881543695,2018
"panel_ridge","1008",2019,44,45.2325305580898,2018
"panel_ridge","1009",2019,31.9,30.6075720711073,2018
"panel_ridge","1010",2019,27.5,24.9904535735841,2018
"panel_ridge","1011",2019,33,33.204802907328,2018
"panel_ridge","1012",2019,33.4,31.2926290748201,2018
"panel_ridge","1013",2019,28.4,27.4044769598712,2018
"panel_ridge","1014",2019,31.7,31.3595560818541,2018
"panel_ridge","1015",2019,32.8,33.6161691567132,2018
"panel_ridge","1016",2019,40.3,38.6492892360752,2018
"local_ridge","1001",2019,39.5,37.9385044537961,2018
"local_ridge","1002",2019,33.9,31.9923934012962,2018
"local_ridge","1003",2019,28.2,29.1704683062135,2018
"local_ridge","1004",2019,37.6,33.3832974958795,2018
"local_ridge","1005",2019,30.9,27.9814894027754,2018
"local_ridge","1006",2019,34.4,33.4350573027881,2018
"local_ridge","1007",2019,29.5,28.2839568205842,2018
"local_ridge","1008",2019,44,43.5496111751379,2018
"local_ridge","1009",2019,31.9,30.761379398708,2018
"local_ridge","1010",2019,27.5,26.4406882005018,2018
"local_ridge","1011",2019,33,31.5302529674902,2018
"local_ridge","1012",2019,33.4,33.64740131094,2018
"local_ridge","1013",2019,28.4,28.9889947179271,2018
"local_ridge","1014",2019,31.7,29.2823788457646,2018
"local_ridge","1015",2019,32.8,33.4406193298338,2018
"local_ridge","1016",2019,40.3,33.9123696590546,2018
"pcr","1001",2019,39.5,44.6360543222096,2018
"pcr","1002",2019,33.9,37.7254308455933,2018
"pcr","1003",2019,28.2,33.7008339404493,2018
"pcr","1004",2019,37.6,37.0785146698714,2018
"pcr","1005",2019,30.9,37.5029631153308,2018
"pcr","1006",2019,34.4,37.5259193718016,2018
"pcr","1007",2019,29.5,31.463298024703,2018
"pcr","1008",2019,44,50.7503646772347,2018
"pcr","1009",2019,31.9,34.4753138541961,2018
"pcr","1010",2019,27.5,31.0607706709235,2018
"pcr","1011",2019,33,38.8805756652157,2018
"pcr","1012",2019,33.4,37.3325164135393,2018
"pcr","1013",2019,28.4,33.1999482466146,2018
"pcr","1014",2019,31.7,35.8150328806193,2018
"pcr","1015",2019,32.8,38.9685891481602,2018
"pcr","1016",2019,40.3,45.197280977952,2018
"hierarchical","1001",2019,39.5,44.2379959660416,2018
"hierarchical","1002",2019,33.9,35.1099584709545,2018
"hierarchical","1003",2019,28.2,30.3965515671904,2018
"hierarchical","1004",2019,37.6,34.95466540034,2018
"hierarchical","1005",2019,30.9,30.3630209550571,2018
"hierarchical","1006",2019,34.4,34.3233444584046,2018
"hierarchical","1007",2019,29.5,28.7087025973504,2018
"hierarchical","1008",2019,44,48.5837135111129,2018
"hierarchical","1009",2019,31.9,33.0092629324034,2018
"hierarchical","1010",2019,27.5,27.5922113405185,2018
"hierarchical","1011",2019,33,36.0239447447773,2018
"hierarchical","1012",2019,33.4,34.4885174193336,2018
"hierarchical","1013",2019,28.4,30.6246586066506,2018
"hierarchical","1014",2019,31.7,35.7737944125501,2018
"hierarchical","1015",2019,32.8,34.9863707498763,2018
"hierarchical","1016",2019,40.3,41.0725479970137,2018
"stress_lag","1001",2019,39.5,34.9150896916751,2018
"stress_lag","1002",2019,33.9,26.8648166501397,2018
"stress_lag","1003",2019,28.2,22.9843580818362,2018
"stress_lag","1004",2019,37.6,30.6786336200876,2018
"stress_lag","1005",2019,30.9,25.0678321400705,2018
"stress_lag","1006",2019,34.4,29.0089518959394,2018
"stress_lag","1007",2019,29.5,18.9468060264982,2018
"stress_lag","1008",2019,44,40.1175399752854,2018
"stress_lag","1009",2019,31.9,27.1160343491095,2018
"stress_lag","1010",2019,27.5,21.8577835857055,2018
"stress_lag","1011",2019,33,27.9809350274341,2018
"stress_lag","1012",2019,33.4,27.6993492156492,2018
"stress_lag","1013",2019,28.4,25.191998720652,2018
"stress_lag","1014",2019,31.7,26.9789204744054,2018
"stress_lag","1015",2019,32.8,26.7021651219277,2018
"stress_lag","1016",2019,40.3,32.9764239471044,2018
"anomaly_linear","1001",2019,39.5,36.6260376670327,2018
"anomaly_linear","1002",2019,33.9,32.2785799372372,2018
"anomaly_linear","1003",2019,28.2,31.0884212231142,2018
"anomaly_linear","1004",2019,37.6,35.8452222630789,2018
"anomaly_linear","1005",2019,30.9,28.0682578311994,2018
"anomaly_linear","1006",2019,34.4,34.8151167433897,2018
"anomaly_linear","1007",2019,29.5,30.9362012929599,2018
"anomaly_linear","1008",2019,44,39.9967120936762,2018
"anomaly_linear","1009",2019,31.9,32.7853262209044,2018
"anomaly_linear","1010",2019,27.5,29.2393225714379,2018
"anomaly_linear","1011",2019,33,31.5618438628648,2018
"anomaly_linear","1012",2019,33.4,34.6905238713643,2018
"anomaly_linear","1013",2019,28.4,31.959747530378,2018
"anomaly_linear","1014",2019,31.7,30.5809445989372,2018
"anomaly_linear","1015",2019,32.8,31.4583936383235,2018
"anomaly_linear","1016",2019,40.3,32.302296479898,2018
"anomaly_tails","1001",2019,39.5,36.6365651073229,2018
"anomaly_tails","1002",2019,33.9,32.2691050501814,2018
"anomaly_tails","1003",2019,28.2,30.9962713336605,2018
"anomaly_tails","1004",2019,37.6,35.8554088969558,2018
"anomaly_tails","1005",2019,30.9,27.9071135482974,2018
"anomaly_tails","1006",2019,34.4,34.8043135825057,2018
"anomaly_tails","1007",2019,29.5,30.7896765852528,2018
"anomaly_tails","1008",2019,44,40.0775175821195,2018
"anomaly_tails","1009",2019,31.9,32.7675999246346,2018
"anomaly_tails","1010",2019,27.5,29.0999026241996,2018
"anomaly_tails","1011",2019,33,31.4819955436609,2018
"anomaly_tails","1012",2019,33.4,34.6564124372357,2018
"anomaly_tails","1013",2019,28.4,31.943033932218,2018
"anomaly_tails","1014",2019,31.7,30.483523983026,2018
"anomaly_tails","1015",2019,32.8,31.3792557050649,2018
"anomaly_tails","1016",2019,40.3,32.2720809628685,2018
"stress_unsmoothed","1001",2019,39.5,34.9150896916751,2018
"stress_unsmoothed","1002",2019,33.9,26.8648166501397,2018
"stress_unsmoothed","1003",2019,28.2,22.9843580818362,2018
"stress_unsmoothed","1004",2019,37.6,30.6786336200876,2018
"stress_unsmoothed","1005",2019,30.9,25.0678321400705,2018
"stress_unsmoothed","1006",2019,34.4,29.0089518959394,2018
"stress_unsmoothed","1007",2019,29.5,18.9468060264982,2018
"stress_unsmoothed","1008",2019,44,40.1175399752854,2018
"stress_unsmoothed","1009",2019,31.9,27.1160343491095,2018
"stress_unsmoothed","1010",2019,27.5,21.8577835857055,2018
"stress_unsmoothed","1011",2019,33,27.9809350274341,2018
"stress_unsmoothed","1012",2019,33.4,27.6993492156492,2018
"stress_unsmoothed","1013",2019,28.4,25.191998720652,2018
"stress_unsmoothed","1014",2019,31.7,26.9789204744054,2018
"stress_unsmoothed","1015",2019,32.8,26.7021651219277,2018
"stress_unsmoothed","1016",2019,40.3,32.9764239471044,2018
"stress_no_region","1001",2019,39.5,36.2966778192208,2018
"stress_no_region","1002",2019,33.9,32.0757181990295,2018
"stress_no_region","1003",2019,28.2,30.8845185159346,2018
"stress_no_region","1004",2019,37.6,35.697032805923,2018
"stress_no_region","1005",2019,30.9,27.7491340073527,2018
"stress_no_region","1006",2019,34.4,34.3720376142347,2018
"stress_no_region","1007",2019,29.5,30.7653436670146,2018
"stress_no_region","1008",2019,44,39.5849087162372,2018
"stress_no_region","1009",2019,31.9,32.5176911212569,2018
"stress_no_region","1010",2019,27.5,29.1182900853013,2018
"stress_no_region","1011",2019,33,31.3751234642462,2018
"stress_no_region","1012",2019,33.4,34.3681596705564,2018
"stress_no_region","1013",2019,28.4,31.8530771277509,2018
"stress_no_region","1014",2019,31.7,30.4043916437109,2018
"stress_no_region","1015",2019,32.8,31.0354274011191,2018
"stress_no_region","1016",2019,40.3,32.0334663785508,2018
"threshold_0.5","1001",2019,39.5,36.3555142845077,2018
"threshold_0.5","1002",2019,33.9,32.2361503555416,2018
"threshold_0.5","1003",2019,28.2,30.9368946728208,2018
"threshold_0.5","1004",2019,37.6,35.6647611036264,2018
"threshold_0.5","1005",2019,30.9,27.9571724106914,2018
"threshold_0.5","1006",2019,34.4,34.3924806776312,2018
"threshold_0.5","1007",2019,29.5,30.8684319860987,2018
"threshold_0.5","1008",2019,44,39.6528324985001,2018
"threshold_0.5","1009",2019,31.9,32.5381380514833,2018
"threshold_0.5","1010",2019,27.5,29.2168812946282,2018
"threshold_0.5","1011",2019,33,31.5698703738006,2018
"threshold_0.5","1012",2019,33.4,34.4066542084656,2018
"threshold_0.5","1013",2019,28.4,31.8912901516274,2018
"threshold_0.5","1014",2019,31.7,30.5375159836818,2018
"threshold_0.5","1015",2019,32.8,31.2065658601369,2018
"threshold_0.5","1016",2019,40.3,32.2497599005737,2018
"threshold_1","1001",2019,39.5,36.3136363512332,2018
"threshold_1","1002",2019,33.9,31.9636467433464,2018
"threshold_1","1003",2019,28.2,30.7871554520205,2018
"threshold_1","1004",2019,37.6,35.5247608125511,2018
"threshold_1","1005",2019,30.9,27.7705311207449,2018
"threshold_1","1006",2019,34.4,34.7250906157967,2018
"threshold_1","1007",2019,29.5,30.6061055757973,2018
"threshold_1","1008",2019,44,39.7353823674562,2018
"threshold_1","1009",2019,31.9,32.5587228810964,2018
"threshold_1","1010",2019,27.5,29.0341481756485,2018
"threshold_1","1011",2019,33,31.2781287181211,2018
"threshold_1","1012",2019,33.4,34.5358419324197,2018
"threshold_1","1013",2019,28.4,31.7177139965937,2018
"threshold_1","1014",2019,31.7,30.3639152887794,2018
"threshold_1","1015",2019,32.8,31.1509064283958,2018
"threshold_1","1016",2019,40.3,31.9727774218627,2018
"threshold_1.5","1001",2019,39.5,32.92441357608,2018
"threshold_1.5","1002",2019,33.9,28.0257380718628,2018
"threshold_1.5","1003",2019,28.2,26.5175332513896,2018
"threshold_1.5","1004",2019,37.6,32.3839867989426,2018
"threshold_1.5","1005",2019,30.9,23.1236082024187,2018
"threshold_1.5","1006",2019,34.4,31.7778913984284,2018
"threshold_1.5","1007",2019,29.5,25.9621549580147,2018
"threshold_1.5","1008",2019,44,36.5522039727383,2018
"threshold_1.5","1009",2019,31.9,30.2402054083842,2018
"threshold_1.5","1010",2019,27.5,26.054952851155,2018
"threshold_1.5","1011",2019,33,27.2727658923054,2018
"threshold_1.5","1012",2019,33.4,30.8965137816852,2018
"threshold_1.5","1013",2019,28.4,28.8682678737127,2018
"threshold_1.5","1014",2019,31.7,27.3406680557336,2018
"threshold_1.5","1015",2019,32.8,26.4379623972065,2018
"threshold_1.5","1016",2019,40.3,28.0459120156796,2018
"stress_robust","1001",2019,39.5,34.4694998492787,2018
"stress_robust","1002",2019,33.9,24.151584536931,2018
"stress_robust","1003",2019,28.2,20.8971054321808,2018
"stress_robust","1004",2019,37.6,27.9059741612686,2018
"stress_robust","1005",2019,30.9,23.7854332887836,2018
"stress_robust","1006",2019,34.4,30.9349787159136,2018
"stress_robust","1007",2019,29.5,17.0885134335486,2018
"stress_robust","1008",2019,44,40.4286265659465,2018
"stress_robust","1009",2019,31.9,26.945132199439,2018
"stress_robust","1010",2019,27.5,18.5199381671021,2018
"stress_robust","1011",2019,33,24.5419472677422,2018
"stress_robust","1012",2019,33.4,28.3164515633616,2018
"stress_robust","1013",2019,28.4,23.5315080811693,2018
"stress_robust","1014",2019,31.7,23.310681822524,2018
"stress_robust","1015",2019,32.8,25.8769327420224,2018
"stress_robust","1016",2019,40.3,27.7743824873136,2018
"gam","1001",2019,39.5,42.1831799635739,2018
"gam","1002",2019,33.9,35.6009618257891,2018
"gam","1003",2019,28.2,29.455436162806,2018
"gam","1004",2019,37.6,35.9562278519923,2018
"gam","1005",2019,30.9,33.8466124749857,2018
"gam","1006",2019,34.4,36.1190834890426,2018
"gam","1007",2019,29.5,28.4775311756054,2018
"gam","1008",2019,44,48.08112940587,2018
"gam","1009",2019,31.9,34.5491578638067,2018
"gam","1010",2019,27.5,27.9162964292128,2018
"gam","1011",2019,33,39.1103414641603,2018
"gam","1012",2019,33.4,36.3619935568033,2018
"gam","1013",2019,28.4,32.7529881880909,2018
"gam","1014",2019,31.7,35.1957610160346,2018
"gam","1015",2019,32.8,34.8776619275697,2018
"gam","1016",2019,40.3,42.8147468995421,2018
"random_forest","1001",2019,39.5,41.1775966666667,2018
"random_forest","1002",2019,33.9,39.8399,2018
"random_forest","1003",2019,28.2,39.9666566666667,2018
"random_forest","1004",2019,37.6,37.8644766666667,2018
"random_forest","1005",2019,30.9,40.5433033333333,2018
"random_forest","1006",2019,34.4,39.27023,2018
"random_forest","1007",2019,29.5,40.40518,2018
"random_forest","1008",2019,44,40.9355,2018
"random_forest","1009",2019,31.9,40.06381,2018
"random_forest","1010",2019,27.5,34.2380833333333,2018
"random_forest","1011",2019,33,36.7290966666666,2018
"random_forest","1012",2019,33.4,40.0988066666667,2018
"random_forest","1013",2019,28.4,39.6288566666667,2018
"random_forest","1014",2019,31.7,35.4416266666667,2018
"random_forest","1015",2019,32.8,40.85422,2018
"random_forest","1016",2019,40.3,39.47241,2018
"ensemble","1001",2019,39.5,42.8312270103916,2018
"ensemble","1002",2019,33.9,34.4137604129543,2018
"ensemble","1003",2019,28.2,30.1227491713571,2018
"ensemble","1004",2019,37.6,34.6037558734992,2018
"ensemble","1005",2019,30.9,29.8311899893136,2018
"ensemble","1006",2019,34.4,34.1249768930551,2018
"ensemble","1007",2019,29.5,28.6138506284833,2018
"ensemble","1008",2019,44,47.4595245393446,2018
"ensemble","1009",2019,31.9,32.5072775316814,2018
"ensemble","1010",2019,27.5,27.3350593145273,2018
"ensemble","1011",2019,33,35.0204373860868,2018
"ensemble","1012",2019,33.4,34.3006838414829,2018
"ensemble","1013",2019,28.4,30.2593908424095,2018
"ensemble","1014",2019,31.7,34.3241659973319,2018
"ensemble","1015",2019,32.8,34.6411817601553,2018
"ensemble","1016",2019,40.3,39.4735750349614,2018
