"Method","RS","Year","Observed","Predicted","Lower80","Upper80","Phase"
"trend","1001",2005,39.1,34.1522710375947,29.1795513038186,39.1249907713707,"tuning"
"trend","1002",2005,29.3,32.5815140250627,27.6087942912866,37.5542337588388,"tuning"
"trend","1003",2005,28.3,27.4457454306605,22.4730256968844,32.4184651644365,"tuning"
"trend","1004",2005,30.1,32.0460253440544,27.0733056102783,37.0187450778304,"tuning"
"trend","1005",2005,31.1,22.8731349157632,17.9004151819871,27.8458546495392,"tuning"
"trend","1006",2005,33.2,32.41165398176,27.4389342479839,37.3843737155361,"tuning"
"trend","1007",2005,28.6,29.7470457244499,24.7743259906738,34.7197654582259,"tuning"
"trend","1008",2005,43.1,40.0741950054298,35.1014752716537,45.0469147392058,"tuning"
"trend","1009",2005,28.6,32.5299966908941,27.5572769571181,37.5027164246702,"tuning"
"trend","1010",2005,28.4,29.3630743776103,24.3903546438342,34.3357941113863,"tuning"
"trend","1011",2005,29.6,32.6207669398495,27.6480472060734,37.5934866736255,"tuning"
"trend","1012",2005,33.1,33.7244716097191,28.751751875943,38.6971913434952,"tuning"
"trend","1013",2005,28.7,28.0857586670846,23.1130389333086,33.0584784008607,"tuning"
"trend","1014",2005,24,30.5599999999999,25.5872802662239,35.532719733776,"tuning"
"trend","1015",2005,35.7,32.1727713004741,27.2000515666981,37.1454910342502,"tuning"
"trend","1016",2005,32.3,29.6197002319697,24.6469804981937,34.5924199657458,"tuning"
"trend","1001",2006,26.9,38.1649515101937,33.1922317764176,43.1376712439698,"tuning"
"trend","1002",2006,27.9,33.7452256163461,28.77250588257,38.7179453501221,"tuning"
"trend","1003",2006,23.7,29.5212066394584,24.5484869056823,34.4939263732344,"tuning"
"trend","1004",2006,22.4,32.2515377505748,27.2788180167987,37.2242574843508,"tuning"
"trend","1005",2006,19.6,29.1343807963571,24.161661062581,34.1071005301332,"tuning"
"trend","1006",2006,26.6,34.0812836317459,29.1085638979699,39.054003365522,"tuning"
"trend","1007",2006,23.3,30.5108841542009,25.5381644204249,35.483603887977,"tuning"
"trend","1008",2006,32.3,43.9031855183643,38.9304657845883,48.8759052521404,"tuning"
"trend","1009",2006,25,32.5902745251866,27.6175547914106,37.5629942589627,"tuning"
"trend","1010",2006,21.4,30.7091480326564,25.7364282988803,35.6818677664324,"tuning"
"trend","1011",2006,27.5,32.7225106775637,27.7497909437877,37.6952304113398,"tuning"
"trend","1012",2006,25.5,35.1271455927498,30.1544258589738,40.0998653265259,"tuning"
"trend","1013",2006,21.1,29.4881809959181,24.5154612621421,34.4609007296942,"tuning"
"trend","1014",2006,23.8,29.5681801578494,24.5954604240733,34.5408998916254,"tuning"
"trend","1015",2006,28.7,36.1438391147382,31.1711193809622,41.1165588485143,"tuning"
"trend","1016",2006,28.3,33.3290741950116,28.3563544612355,38.3017939287877,"tuning"
"trend","1001",2007,34.3,36.0710536173224,31.0983338835464,41.0437733510985,"tuning"
"trend","1002",2007,34.5,31.5331323364492,26.5604126026731,36.5058520702253,"tuning"
"trend","1003",2007,31.3,28.1588544816711,23.1861347478951,33.1315742154472,"tuning"
"trend","1004",2007,29.8,29.4346640556497,24.4619443218736,34.4073837894257,"tuning"
"trend","1005",2007,27.9,27.4675290580138,22.4948093242377,32.4402487917898,"tuning"
"trend","1006",2007,32.5,32.5516191479561,27.57889941418,37.5243388817321,"tuning"
"trend","1007",2007,28.1,28.6938440982556,23.7211243644796,33.6665638320317,"tuning"
"trend","1008",2007,41.3,41.6332147173892,36.6604949836131,46.6059344511652,"tuning"
"trend","1009",2007,30.6,30.1797395512524,25.2070198174764,35.1524592850285,"tuning"
"trend","1010",2007,28,29.0222774429452,24.0495577091691,33.9949971767212,"tuning"
"trend","1011",2007,32.2,31.1318666893797,26.1591469556037,36.1045864231558,"tuning"
"trend","1012",2007,31.3,32.5083984085798,27.5356786748037,37.4811181423558,"tuning"
"trend","1013",2007,29,27.5582185032511,22.585498769475,32.5309382370271,"tuning"
"trend","1014",2007,27.8,26.965908648104,21.9931889143279,31.93862838188,"tuning"
"trend","1015",2007,36.1,34.3829030379492,29.4101833041732,39.3556227717253,"tuning"
"trend","1016",2007,33.5,32.474225937698,27.501506203922,37.4469456714741,"tuning"
"trend","1001",2008,35.3,33.9086870744287,28.9359673406526,38.8814068082047,"tuning"
"trend","1002",2008,25.4,31.6724600308477,26.6997402970716,36.6451797646237,"tuning"
"trend","1003",2008,26.9,28.1933826495855,23.2206629158095,33.1661023833616,"tuning"
"trend","1004",2008,33.4,27.9711045900694,22.9983848562933,32.9438243238454,"tuning"
"trend","1005",2008,19.7,25.8812874129773,20.9085676792012,30.8540071467533,"tuning"
"trend","1006",2008,33.9,31.6400867335669,26.6673669997908,36.612806467343,"tuning"
"trend","1007",2008,27.4,27.6884999994217,22.7157802656456,32.6612197331978,"tuning"
"trend","1008",2008,43.9,40.1000943861885,35.1273746524124,45.0728141199645,"tuning"
"trend","1009",2008,31.8,29.472775508835,24.500055775059,34.4454952426111,"tuning"
"trend","1010",2008,26.8,28.1240926865053,23.1513729527293,33.0968124202814,"tuning"
"trend","1011",2008,26.8,30.970810372577,25.998090638801,35.9435301063531,"tuning"
"trend","1012",2008,33.6,30.7953656458159,25.8226459120398,35.768085379592,"tuning"
"trend","1013",2008,32.4,26.675244895457,21.702525161681,31.6479646292331,"tuning"
"trend","1014",2008,26.8,26.5860969374477,21.6133772036717,31.5588166712238,"tuning"
"trend","1015",2008,27.6,33.6026513579536,28.6299316241775,38.5753710917296,"tuning"
"trend","1016",2008,25.5,32.3468962568805,27.3741765231044,37.3196159906566,"tuning"
"trend","1001",2009,35.9,34.2556670723926,29.2829473386165,39.2283868061686,"calibration"
"trend","1002",2009,33.8,31.5753260757286,26.6026063419525,36.5480458095047,"calibration"
"trend","1003",2009,32.2,29.0877040549681,24.1149843211921,34.0604237887442,"calibration"
"trend","1004",2009,31.1,29.2685532910793,24.2958335573032,34.2412730248553,"calibration"
"trend","1005",2009,35.4,25.1755898484455,20.2028701146695,30.1483095822216,"calibration"
"trend","1006",2009,31.9,32.5582549311754,27.5855351973993,37.5309746649514,"calibration"
"trend","1007",2009,26.9,27.9295408109936,22.9568210772175,32.9022605447697,"calibration"
"trend","1008",2009,44.9,41.489949346139,36.5172296123629,46.462669079915,"calibration"
"trend","1009",2009,30.4,30.4303626915449,25.4576429577688,35.4030824253209,"calibration"
"trend","1010",2009,28.4,28.7041640489319,23.7314443151558,33.6768837827079,"calibration"
"trend","1011",2009,34.8,30.9086465492283,25.9359268154522,35.8813662830043,"calibration"
"trend","1012",2009,31.1,31.3328765656934,26.3601568319173,36.3055962994694,"calibration"
"trend","1013",2009,28.5,28.4246546182848,23.4519348845087,33.3973743520608,"calibration"
"trend","1014",2009,31,27.0275753916861,22.05485565791,32.0002951254621,"calibration"
"trend","1015",2009,39.8,33.1834081034416,28.2106883696656,38.1561278372177,"calibration"
"trend","1016",2009,39.5,31.9418238637196,26.9691041299436,36.9145435974957,"calibration"
"trend","1001",2010,39.1,34.7518606698199,29.7791409360439,39.724580403596,"calibration"
"trend","1002",2010,32.9,30.3491379077695,25.3764181739934,35.3218576415455,"calibration"
"trend","1003",2010,31.9,29.2248493366138,24.2521296028378,34.1975690703899,"calibration"
"trend","1004",2010,30.5,30.6606557087709,25.6879359749948,35.633375442547,"calibration"
"trend","1005",2010,35,24.4249243453087,19.4522046115327,29.3976440790848,"calibration"
"trend","1006",2010,30.6,33.2744934722124,28.3017737384363,38.2472132059885,"calibration"
"trend","1007",2010,29,27.893215048341,22.920495314565,32.8659347821171,"calibration"
"trend","1008",2010,44,43.0562462031366,38.0835264693605,48.0289659369127,"calibration"
"trend","1009",2010,31.8,31.1838802514433,26.2111605176673,36.1565999852194,"calibration"
"trend","1010",2010,33.5,29.0000674697436,24.0273477359675,33.9727872035197,"calibration"
"trend","1011",2010,36.6,30.4692573598456,25.4965376260695,35.4419770936217,"calibration"
"trend","1012",2010,28.4,31.9372112506086,26.9644915168325,36.9099309843847,"calibration"
"trend","1013",2010,24.7,29.9237418107044,24.9510220769284,34.8964615444805,"calibration"
"trend","1014",2010,44.8,27.4953121304863,22.5225923967102,32.4680318642623,"calibration"
"trend","1015",2010,37.2,32.2272802662239,27.2545605324479,37.2,"calibration"
"trend","1016",2010,42.6,31.2909011424498,26.3181814086738,36.2636208762259,"calibration"
"trend","1001",2011,39.3,35.8356657822431,30.862946048467,40.8083855160192,"calibration"
"trend","1002",2011,32.1,31.7399309454189,26.7672112116428,36.712650679195,"calibration"
"trend","1003",2011,32.3,30.8807219537066,25.9080022199305,35.8534416874826,"calibration"
"trend","1004",2011,31.2,31.0649071087538,26.0921873749778,36.0376268425299,"calibration"
"trend","1005",2011,23.8,28.7964822448274,23.8237625110513,33.7692019786035,"calibration"
"trend","1006",2011,34.2,32.9726338066204,27.9999140728443,37.9453535403964,"calibration"
"trend","1007",2011,28.3,27.9423896111535,22.9696698773775,32.9151093449296,"calibration"
"trend","1008",2011,45.8,44.4917409900618,39.5190212562858,49.4644607238379,"calibration"
"trend","1009",2011,30.1,31.5047516824703,26.5320319486942,36.4774714162463,"calibration"
"trend","1010",2011,26.7,30.270233455822,25.297513722046,35.2429531895981,"calibration"
"trend","1011",2011,32.2,32.8102278230786,27.8375080893025,37.7829475568547,"calibration"
"trend","1012",2011,35.2,31.289285764578,26.3165660308019,36.262005498354,"calibration"
"trend","1013",2011,28.9,29.3600566393734,24.3873369055974,34.3327763731495,"calibration"
"trend","1014",2011,31.1,31.2039430540354,26.2312233202593,36.1766627878115,"calibration"
"trend","1015",2011,32.6,34.9260108501614,29.9532911163854,39.8987305839375,"calibration"
"trend","1016",2011,32.5,35.5320369319026,30.5593171981266,40.5047566656787,"calibration"
"trend","1001",2012,40.5,37.1595508038579,32.1868310700818,42.1322705376339,"evaluation"
"trend","1002",2012,36.5,32.247040585988,27.2743208522119,37.219760319764,"evaluation"
"trend","1003",2012,31.8,31.8221312168927,26.8494114831166,36.7948509506688,"evaluation"
"trend","1004",2012,32.8,31.2616132120255,26.2888934782494,36.2343329458015,"evaluation"
"trend","1005",2012,34.3,30.0053056176729,25.0325858838969,34.978025351449,"evaluation"
"trend","1006",2012,35.6,32.9315595327298,27.9588397989538,37.9042792665059,"evaluation"
"trend","1007",2012,31.2,28.3676602387587,23.3949405049827,33.3403799725348,"evaluation"
"trend","1008",2012,46.5,45.3560628108706,40.3833430770945,50.3287825446466,"evaluation"
"trend","1009",2012,31.9,31.8599361702304,26.8872164364543,36.8326559040065,"evaluation"
"trend","1010",2012,29.5,31.4738309088794,26.5011111751034,36.4465506426555,"evaluation"
"trend","1011",2012,34.8,34.0859778328856,29.1132580991095,39.0586975666616,"evaluation"
"trend","1012",2012,35.5,31.0365162927493,26.0637965589733,36.0092360265254,"evaluation"
"trend","1013",2012,29.8,28.7084133772929,23.7356936435168,33.6811331110689,"evaluation"
"trend","1014",2012,33.7,34.8887826129179,29.9160628791418,39.8615023466939,"evaluation"
"trend","1015",2012,38.6,35.3979438802037,30.4252241464277,40.3706636139798,"evaluation"
"trend","1016",2012,37.2,37.5833982671192,32.6106785333432,42.5561180008953,"evaluation"
"trend","1001",2013,40,38.3172940334482,33.3445742996721,43.2900137672242,"evaluation"
"trend","1002",2013,37.9,32.7885129868535,27.8157932530775,37.7612327206296,"evaluation"
"trend","1003",2013,30.2,32.5759323276641,27.603212593888,37.5486520614402,"evaluation"
"trend","1004",2013,32.3,31.666098314968,26.6933785811919,36.638818048744,"evaluation"
"trend","1005",2013,40.1,29.3191380255555,24.3464182917794,34.2918577593315,"evaluation"
"trend","1006",2013,31.5,33.7514227192079,28.7787029854319,38.724142452984,"evaluation"
"trend","1007",2013,32,28.7583272411647,23.7856075073886,33.7310469749407,"evaluation"
"trend","1008",2013,42.3,46.4214786515334,41.4487589177573,51.3941983853094,"evaluation"
"trend","1009",2013,29.2,31.8829036127079,26.9101838789319,36.855623346484,"evaluation"
"trend","1010",2013,29.6,31.1217069582357,26.1489872244596,36.0944266920118,"evaluation"
"trend","1011",2013,37.4,34.3106445296605,29.3379247958844,39.2833642634365,"evaluation"
"trend","1012",2013,32.8,32.3152991947742,27.3425794609981,37.2880189285502,"evaluation"
"trend","1013",2013,29.7,29.1352596468495,24.1625399130735,34.1079793806256,"evaluation"
"trend","1014",2013,35.6,35.0070073252722,30.0342875914962,39.9797270590483,"evaluation"
"trend","1015",2013,39.2,35.2182901312321,30.245570397456,40.1910098650081,"evaluation"
"trend","1016",2013,42.2,37.3365975517002,32.3638778179241,42.3093172854763,"evaluation"
"trend","1001",2014,46.4,39.451650175366,34.4789304415899,44.424369909142,"evaluation"
"trend","1002",2014,40.2,34.3256126248642,29.3528928910882,39.2983323586403,"evaluation"
"trend","1003",2014,36.3,32.8908068068398,27.9180870730637,37.8635265406159,"evaluation"
"trend","1004",2014,35.6,32.2994538336102,27.3267340998342,37.2721735673863,"evaluation"
"trend","1005",2014,44.1,31.5979394059548,26.6252196721787,36.5706591397308,"evaluation"
"trend","1006",2014,37.9,34.4061684607011,29.433448726925,39.3788881944771,"evaluation"
"trend","1007",2014,33.3,29.7873702403205,24.8146505065445,34.7600899740966,"evaluation"
"trend","1008",2014,52.1,47.0551195282935,42.0823997945174,52.0278392620696,"evaluation"
"trend","1009",2014,34.9,32.0857637007583,27.1130439669823,37.0584834345344,"evaluation"
"trend","1010",2014,31.7,31.4200983592235,26.4473786254475,36.3928180929996,"evaluation"
"trend","1011",2014,40.6,35.2325309295918,30.2598111958157,40.2052506633678,"evaluation"
"trend","1012",2014,38.7,33.2140297908433,28.2413100570673,38.1867495246194,"evaluation"
"trend","1013",2014,34.5,29.6531710913458,24.6804513575697,34.6258908251219,"evaluation"
"trend","1014",2014,37.4,35.7512156952097,30.7784959614336,40.7239354289858,"evaluation"
"trend","1015",2014,43.6,36.4938999428767,31.5211802091006,41.4666196766527,"evaluation"
"trend","1016",2014,49.7,38.5140575070955,33.5413377733194,43.4867772408715,"evaluation"
"trend","1001",2015,42.9,40.7710901451784,35.7983704114023,45.7438098789544,"evaluation"
"trend","1002",2015,32,36.0404958661164,31.0677761323403,41.0132155998925,"evaluation"
"trend","1003",2015,30.4,33.2712077291477,28.2984879953716,38.2439274629238,"evaluation"
"trend","1004",2015,34.2,32.9573204557826,27.9846007220066,37.9300401895587,"evaluation"
"trend","1005",2015,34.2,35.0519209745026,30.0792012407265,40.0246407082787,"evaluation"
"trend","1006",2015,33.7,34.537350410508,29.5646306767319,39.510070144284,"evaluation"
"trend","1007",2015,26.7,30.8803416453147,25.9076219115386,35.8530613790907,"evaluation"
"trend","1008",2015,43.8,47.4099211036597,42.4372013698836,52.3826408374357,"evaluation"
"trend","1009",2015,32,32.1149003888656,27.1421806550896,37.0876201226417,"evaluation"
"trend","1010",2015,26.8,31.8004748057415,26.8277550719654,36.7731945395175,"evaluation"
"trend","1011",2015,36.8,36.7922288863903,31.8195091526143,41.7649486201664,"evaluation"
"trend","1012",2015,33.2,33.8344534870523,28.8617337532762,38.8071732208283,"evaluation"
"trend","1013",2015,31.7,30.447530645887,25.4748109121109,35.420250379663,"evaluation"
"trend","1014",2015,31.4,36.8469515977013,31.8742318639253,41.8196713314774,"evaluation"
"trend","1015",2015,37.3,38.0201716866095,33.0474519528334,42.9928914203856,"evaluation"
"trend","1016",2015,45.5,41.1892551173918,36.2165353836157,46.1619748511678,"evaluation"
"trend","1001",2016,44.6,42.5612759596542,37.5885562258782,47.5339956934303,"evaluation"
"trend","1002",2016,36,37.0490529457949,32.0763332120189,42.021772679571,"evaluation"
"trend","1003",2016,31,34.2004668763869,29.2277471426108,39.173186610163,"evaluation"
"trend","1004",2016,38.1,33.8977029860118,28.9249832522357,38.8704227197878,"evaluation"
"trend","1005",2016,35.8,37.4265847228776,32.4538649891016,42.3993044566537,"evaluation"
"trend","1006",2016,36.7,35.4568103091846,30.4840905754086,40.4295300429607,"evaluation"
"trend","1007",2016,31,31.3984760925842,26.4257563588081,36.3711958263602,"evaluation"
"trend","1008",2016,52.4,48.8043064512457,43.8315867174696,53.7770261850217,"evaluation"
"trend","1009",2016,34,32.9340410860295,27.9613213522535,37.9067608198056,"evaluation"
"trend","1010",2016,28.5,32.1170560237875,27.1443362900115,37.0897757575636,"evaluation"
"trend","1011",2016,36,38.1755951928543,33.2028754590782,43.1483149266303,"evaluation"
"trend","1012",2016,37.7,34.8960433268858,29.9233235931097,39.8687630606619,"evaluation"
"trend","1013",2016,30.9,31.6391514655656,26.6664317317896,36.6118711993417,"evaluation"
"trend","1014",2016,33.1,37.5363704297525,32.5636506959764,42.5090901635285,"evaluation"
"trend","1015",2016,38,39.3908426350703,34.4181229012943,44.3635623688464,"evaluation"
"trend","1016",2016,41.2,44.0642037126165,39.0914839788404,49.0369234463925,"evaluation"
"trend","1001",2017,45.3,43.5209035990902,38.5481838653141,48.4936233328662,"evaluation"
"trend","1002",2017,40.1,36.6935563001453,31.7208365663693,41.6662760339214,"evaluation"
"trend","1003",2017,34.1,33.9529990278186,28.9802792940426,38.9257187615947,"evaluation"
"trend","1004",2017,40.3,34.6722650805191,29.6995453467431,39.6449848142952,"evaluation"
"trend","1005",2017,39.2,37.7436913488553,32.7709716150792,42.7164110826313,"evaluation"
"trend","1006",2017,37.7,35.6680245216157,30.6953047878396,40.6407442553917,"evaluation"
"trend","1007",2017,32,30.941572008336,25.96885227456,35.9142917421121,"evaluation"
"trend","1008",2017,51.3,49.0391476053766,44.0664278716005,54.0118673391526,"evaluation"
"trend","1009",2017,35.4,33.2249270574666,28.2522073236905,38.1976467912427,"evaluation"
"trend","1010",2017,31,31.5967910815312,26.6240713477552,36.5695108153073,"evaluation"
"trend","1011",2017,38.6,38.5742456884035,33.6015259546274,43.5469654221796,"evaluation"
"trend","1012",2017,39.6,35.1075796859885,30.1348599522125,40.0802994197646,"evaluation"
"trend","1013",2017,33.1,32.072197491539,27.0994777577629,37.0449172253151,"evaluation"
"trend","1014",2017,31.6,37.1181474629103,32.1454277291342,42.0908671966863,"evaluation"
"trend","1015",2017,42.1,39.4604412235082,34.4877214897322,44.4331609572843,"evaluation"
"trend","1016",2017,44.2,45.3892072053393,40.4164874715632,50.3619269391154,"evaluation"
"trend","1001",2018,38,44.6063084233073,39.6335886895313,49.5790281570834,"evaluation"
"trend","1002",2018,30,37.3280236438606,32.3553039100846,42.3007433776367,"evaluation"
"trend","1003",2018,28.1,34.0274065240784,29.0546867903023,39.0001262578544,"evaluation"
"trend","1004",2018,36.9,36.0947593255508,31.1220395917747,41.0674790593268,"evaluation"
"trend","1005",2018,22.2,38.4533589571129,33.4806392233369,43.426078690889,"evaluation"
"trend","1006",2018,34.9,36.3994164186914,31.4266966849153,41.3721361524674,"evaluation"
"trend","1007",2018,27.7,31.3524540332128,26.3797342994367,36.3251737669889,"evaluation"
"trend","1008",2018,44.3,50.5926047760238,45.6198850422477,55.5653245097998,"evaluation"
"trend","1009",2018,31.1,33.8784556826804,28.9057359489044,38.8511754164565,"evaluation"
"trend","1010",2018,24.7,31.5970946079691,26.6243748741931,36.5698143417452,"evaluation"
"trend","1011",2018,28.7,38.8968362216946,33.9241164879186,43.8695559554707,"evaluation"
"trend","1012",2018,34.7,36.1593610267926,31.1866412930165,41.1320807605686,"evaluation"
"trend","1013",2018,29.7,32.4106018681113,27.4378821343353,37.3833216018874,"evaluation"
"trend","1014",2018,27,36.9287967016229,31.9560769678468,41.9015164353989,"evaluation"
"trend","1015",2018,28.4,39.8799820573973,34.9072623236212,44.8527017911733,"evaluation"
"trend","1016",2018,30,45.8732674118206,40.9005476780446,50.8459871455967,"evaluation"
"panel_ridge","1001",2005,39.1,36.3604004536137,30.430455195812,42.2903457114154,"tuning"
"panel_ridge","1002",2005,29.3,29.1109890107123,23.1810437529106,35.040934268514,"tuning"
"panel_ridge","1003",2005,28.3,25.0530319947691,19.1230867369674,30.9829772525708,"tuning"
"panel_ridge","1004",2005,30.1,28.7993564166683,22.8694111588666,34.72930167447,"tuning"
"panel_ridge","1005",2005,31.1,24.9038808219019,18.9739355641002,30.8338260797036,"tuning"
"panel_ridge","1006",2005,33.2,29.738671253501,23.8087259956993,35.6686165113027,"tuning"
"panel_ridge","1007",2005,28.6,32.4795511883037,26.549605930502,38.4094964461054,"tuning"
"panel_ridge","1008",2005,43.1,41.8501390670655,35.9201938092638,47.7800843248672,"tuning"
"panel_ridge","1009",2005,28.6,29.3455136342174,23.4155683764157,35.2754588920191,"tuning"
"panel_ridge","1010",2005,28.4,22.813803640129,16.8838583823272,28.7437488979307,"tuning"
"panel_ridge","1011",2005,29.6,31.2557320390557,25.325786781254,37.1856772968574,"tuning"
"panel_ridge","1012",2005,33.1,32.7249675187227,26.795022260921,38.6549127765244,"tuning"
"panel_ridge","1013",2005,28.7,26.6828484531693,20.7529031953676,32.612793710971,"tuning"
"panel_ridge","1014",2005,24,24.8102143827469,18.8802691249452,30.7401596405486,"tuning"
"panel_ridge","1015",2005,35.7,33.0779791813946,27.1480339235929,39.0079244391963,"tuning"
"panel_ridge","1016",2005,32.3,30.7177963182489,24.7878510604472,36.6477415760506,"tuning"
"panel_ridge","1001",2006,26.9,33.9315617073174,28.0016164495157,39.8615069651191,"tuning"
"panel_ridge","1002",2006,27.9,28.0526043411152,22.1226590833135,33.9825495989169,"tuning"
"panel_ridge","1003",2006,23.7,24.9965396477268,19.0665943899251,30.9264849055285,"tuning"
"panel_ridge","1004",2006,22.4,27.0324414032569,21.1024961454552,32.9623866610586,"tuning"
"panel_ridge","1005",2006,19.6,25.465223789418,19.5352785316163,31.3951690472198,"tuning"
"panel_ridge","1006",2006,26.6,30.6484286070531,24.7184833492514,36.5783738648548,"tuning"
"panel_ridge","1007",2006,23.3,26.4675998730386,20.5376546152369,32.3975451308403,"tuning"
"panel_ridge","1008",2006,32.3,39.0176008441697,33.087655586368,44.9475461019714,"tuning"
"panel_ridge","1009",2006,25,30.4452691740298,24.515323916228,36.3752144318315,"tuning"
"panel_ridge","1010",2006,21.4,25.0870465090811,19.1571012512794,31.0169917668828,"tuning"
"panel_ridge","1011",2006,27.5,26.2807116422979,20.3507663844962,32.2106569000996,"tuning"
"panel_ridge","1012",2006,25.5,29.4523630245138,23.5224177667121,35.3823082823155,"tuning"
"panel_ridge","1013",2006,21.1,24.6618859966439,18.7319407388421,30.5918312544456,"tuning"
"panel_ridge","1014",2006,23.8,25.9737411257401,20.0437958679383,31.9036863835418,"tuning"
"panel_ridge","1015",2006,28.7,31.8179992808866,25.8880540230849,37.7479445386883,"tuning"
"panel_ridge","1016",2006,28.3,29.7988546110374,23.8689093532357,35.7287998688391,"tuning"
"panel_ridge","1001",2007,34.3,34.5939716073865,28.6640263495848,40.5239168651882,"tuning"
"panel_ridge","1002",2007,34.5,28.8524670767756,22.9225218189739,34.7824123345773,"tuning"
"panel_ridge","1003",2007,31.3,26.8835571813001,20.9536119234984,32.8135024391019,"tuning"
"panel_ridge","1004",2007,29.8,28.9952212283267,23.065275970525,34.9251664861284,"tuning"
"panel_ridge","1005",2007,27.9,27.9132666696136,21.9833214118119,33.8432119274153,"tuning"
"panel_ridge","1006",2007,32.5,29.6027501060941,23.6728048482924,35.5326953638958,"tuning"
"panel_ridge","1007",2007,28.1,30.6534721856518,24.7235269278501,36.5834174434535,"tuning"
"panel_ridge","1008",2007,41.3,38.2654846628734,32.3355394050717,44.1954299206751,"tuning"
"panel_ridge","1009",2007,30.6,27.2307314599625,21.3007862021608,33.1606767177642,"tuning"
"panel_ridge","1010",2007,28,27.5947396846555,21.6647944268538,33.5246849424572,"tuning"
"panel_ridge","1011",2007,32.2,32.7443261149821,26.8143808571804,38.6742713727838,"tuning"
"panel_ridge","1012",2007,31.3,30.4044052535933,24.4744599957916,36.334350511395,"tuning"
"panel_ridge","1013",2007,29,24.1324709598447,18.202525702043,30.0624162176464,"tuning"
"panel_ridge","1014",2007,27.8,26.4364099124808,20.5064646546791,32.3663551702826,"tuning"
"panel_ridge","1015",2007,36.1,33.9259567529806,27.9960114951789,39.8559020107823,"tuning"
"panel_ridge","1016",2007,33.5,31.9209321680438,25.990986910242,37.8508774258455,"tuning"
"panel_ridge","1001",2008,35.3,33.6192041660356,27.6892589082339,39.5491494238373,"tuning"
"panel_ridge","1002",2008,25.4,28.1930008358369,22.2630555780352,34.1229460936386,"tuning"
"panel_ridge","1003",2008,26.9,27.7710408352447,21.841095577443,33.7009860930464,"tuning"
"panel_ridge","1004",2008,33.4,25.8353238181283,19.9053785603266,31.76526907593,"tuning"
"panel_ridge","1005",2008,19.7,21.3182392171771,15.3882939593754,27.2481844749788,"tuning"
"panel_ridge","1006",2008,33.9,29.8397697775875,23.9098245197858,35.7697150353892,"tuning"
"panel_ridge","1007",2008,27.4,22.4634823754683,16.5335371176666,28.3934276332701,"tuning"
"panel_ridge","1008",2008,43.9,39.4064333492476,33.4764880914458,45.3363786070493,"tuning"
"panel_ridge","1009",2008,31.8,29.9699424338465,24.0399971760447,35.8998876916482,"tuning"
"panel_ridge","1010",2008,26.8,25.5249956301173,19.5950503723155,31.454940887919,"tuning"
"panel_ridge","1011",2008,26.8,26.4443841776886,20.5144389198869,32.3743294354903,"tuning"
"panel_ridge","1012",2008,33.6,29.0627434812893,23.1327982234876,34.992688739091,"tuning"
"panel_ridge","1013",2008,32.4,24.6739946484782,18.7440493906765,30.6039399062799,"tuning"
"panel_ridge","1014",2008,26.8,22.9786184472755,17.0486731894738,28.9085637050772,"tuning"
"panel_ridge","1015",2008,27.6,31.7381432721141,25.8081980143124,37.6680885299159,"tuning"
"panel_ridge","1016",2008,25.5,24.4884064987453,18.5584612409436,30.418351756547,"tuning"
"panel_ridge","1001",2009,35.9,37.4074579756995,31.4775127178978,43.3374032335012,"calibration"
"panel_ridge","1002",2009,33.8,31.259422840404,25.3294775826023,37.1893680982057,"calibration"
"panel_ridge","1003",2009,32.2,27.306969773034,21.3770245152322,33.2369150308357,"calibration"
"panel_ridge","1004",2009,31.1,25.1700547421983,19.2401094843966,31.1,"calibration"
"panel_ridge","1005",2009,35.4,27.0427478273488,21.1128025695471,32.9726930851505,"calibration"
"panel_ridge","1006",2009,31.9,32.4717655898641,26.5418203320624,38.4017108476659,"calibration"
"panel_ridge","1007",2009,26.9,27.4416186183515,21.5116733605498,33.3715638761532,"calibration"
"panel_ridge","1008",2009,44.9,40.787617922837,34.8576726650353,46.7175631806387,"calibration"
"panel_ridge","1009",2009,30.4,27.1031908939968,21.1732456361951,33.0331361517986,"calibration"
"panel_ridge","1010",2009,28.4,24.8898697176809,18.9599244598792,30.8198149754826,"calibration"
"panel_ridge","1011",2009,34.8,30.8258528991714,24.8959076413697,36.7557981569731,"calibration"
"panel_ridge","1012",2009,31.1,30.9154802071848,24.9855349493831,36.8454254649865,"calibration"
"panel_ridge","1013",2009,28.5,26.7609382371204,20.8309929793187,32.6908834949221,"calibration"
"panel_ridge","1014",2009,31,24.7992237059843,18.8692784481825,30.729168963786,"calibration"
"panel_ridge","1015",2009,39.8,34.015933902777,28.0859886449753,39.9458791605787,"calibration"
"panel_ridge","1016",2009,39.5,30.4934947113879,24.5635494535861,36.4234399691896,"calibration"
"panel_ridge","1001",2010,39.1,41.8126839513772,35.8827386935755,47.7426292091789,"calibration"
"panel_ridge","1002",2010,32.9,36.5302093113955,30.6002640535938,42.4601545691972,"calibration"
"panel_ridge","1003",2010,31.9,37.9782479930071,32.0483027352054,43.9081932508088,"calibration"
"panel_ridge","1004",2010,30.5,31.4095572027244,25.4796119449227,37.3395024605261,"calibration"
"panel_ridge","1005",2010,35,31.4765512284996,25.5466059706979,37.4064964863013,"calibration"
"panel_ridge","1006",2010,30.6,44.0728715507058,38.1429262929041,50.0028168085075,"calibration"
"panel_ridge","1007",2010,29,32.8414205661692,26.9114753083675,38.7713658239709,"calibration"
"panel_ridge","1008",2010,44,53.2342505813504,47.3043053235487,59.1641958391521,"calibration"
"panel_ridge","1009",2010,31.8,35.4388685125882,29.5089232547864,41.3688137703899,"calibration"
"panel_ridge","1010",2010,33.5,29.9551632632675,24.0252180054658,35.8851085210692,"calibration"
"panel_ridge","1011",2010,36.6,36.1020095416855,30.1720642838838,42.0319547994872,"calibration"
"panel_ridge","1012",2010,28.4,43.3319469129195,37.4020016551178,49.2618921707212,"calibration"
"panel_ridge","1013",2010,24.7,35.5817500788437,29.6518048210419,41.5116953366454,"calibration"
"panel_ridge","1014",2010,44.8,32.883079732703,26.9531344749013,38.8130249905048,"calibration"
"panel_ridge","1015",2010,37.2,38.5162676548005,32.5863223969988,44.4462129126022,"calibration"
"panel_ridge","1016",2010,42.6,38.1287653211366,32.1988200633349,44.0587105789383,"calibration"
"panel_ridge","1001",2011,39.3,36.6213110573575,30.6913657995558,42.5512563151592,"calibration"
"panel_ridge","1002",2011,32.1,30.1576281275148,24.2276828697131,36.0875733853165,"calibration"
"panel_ridge","1003",2011,32.3,29.7541201229442,23.8241748651425,35.6840653807459,"calibration"
"panel_ridge","1004",2011,31.2,28.3780839492439,22.4481386914422,34.3080292070456,"calibration"
"panel_ridge","1005",2011,23.8,28.5162344155867,22.586289157785,34.4461796733884,"calibration"
"panel_ridge","1006",2011,34.2,32.5137289055129,26.5837836477112,38.4436741633146,"calibration"
"panel_ridge","1007",2011,28.3,26.5160880542169,20.5861427964152,32.4460333120186,"calibration"
"panel_ridge","1008",2011,45.8,43.7585169466804,37.8285716888787,49.6884622044821,"calibration"
"panel_ridge","1009",2011,30.1,30.0289571650931,24.0990119072914,35.9589024228948,"calibration"
"panel_ridge","1010",2011,26.7,28.4985821940081,22.5686369362063,34.4285274518098,"calibration"
"panel_ridge","1011",2011,32.2,33.0607322476263,27.1307869898246,38.9906775054281,"calibration"
"panel_ridge","1012",2011,35.2,32.4841884983317,26.55424324053,38.4141337561334,"calibration"
"panel_ridge","1013",2011,28.9,28.3298056436387,22.399860385837,34.2597509014405,"calibration"
"panel_ridge","1014",2011,31.1,30.7005436397945,24.7705983819928,36.6304888975962,"calibration"
"panel_ridge","1015",2011,32.6,33.9999018106424,28.0699565528407,39.9298470684442,"calibration"
"panel_ridge","1016",2011,32.5,35.6549166372237,29.724971379422,41.5848618950254,"calibration"
"panel_ridge","1001",2012,40.5,41.3678011593601,35.4378559015584,47.2977464171618,"evaluation"
"panel_ridge","1002",2012,36.5,35.0262769277306,29.0963316699289,40.9562221855323,"evaluation"
"panel_ridge","1003",2012,31.8,33.5698240722349,27.6398788144332,39.4997693300366,"evaluation"
"panel_ridge","1004",2012,32.8,32.7812723512335,26.8513270934318,38.7112176090352,"evaluation"
"panel_ridge","1005",2012,34.3,33.9821814131059,28.0522361553042,39.9121266709076,"evaluation"
"panel_ridge","1006",2012,35.6,32.7617015743571,26.8317563165554,38.6916468321588,"evaluation"
"panel_ridge","1007",2012,31.2,32.4451742348238,26.5152289770221,38.3751194926255,"evaluation"
"panel_ridge","1008",2012,46.5,48.2715766368982,42.3416313790965,54.2015218946999,"evaluation"
"panel_ridge","1009",2012,31.9,32.4922368683616,26.5622916105599,38.4221821261633,"evaluation"
"panel_ridge","1010",2012,29.5,33.7347150283895,27.8047697705878,39.6646602861912,"evaluation"
"panel_ridge","1011",2012,34.8,36.6999146229885,30.7699693651868,42.6298598807902,"evaluation"
"panel_ridge","1012",2012,35.5,30.3135405973774,24.3835953395756,36.2434858551791,"evaluation"
"panel_ridge","1013",2012,29.8,30.0659447720154,24.1359995142137,35.9958900298171,"evaluation"
"panel_ridge","1014",2012,33.7,34.8122089824006,28.8822637245989,40.7421542402023,"evaluation"
"panel_ridge","1015",2012,38.6,38.9819331034661,33.0519878456644,44.9118783612678,"evaluation"
"panel_ridge","1016",2012,37.2,40.1476546442531,34.2177093864514,46.0775999020548,"evaluation"
"panel_ridge","1001",2013,40,33.3548784160427,27.424933158241,39.2848236738444,"evaluation"
"panel_ridge","1002",2013,37.9,25.8420559855937,19.912110727792,31.7720012433955,"evaluation"
"panel_ridge","1003",2013,30.2,24.6568106945613,18.7268654367596,30.586755952363,"evaluation"
"panel_ridge","1004",2013,32.3,20.6275769055533,14.6976316477516,26.5575221633551,"evaluation"
"panel_ridge","1005",2013,40.1,23.5764405990241,17.6464953412224,29.5063858568258,"evaluation"
"panel_ridge","1006",2013,31.5,27.6488125487272,21.7188672909255,33.578757806529,"evaluation"
"panel_ridge","1007",2013,32,23.1789336282321,17.2489883704304,29.1088788860338,"evaluation"
"panel_ridge","1008",2013,42.3,42.1287446480984,36.1987993902967,48.0586899059001,"evaluation"
"panel_ridge","1009",2013,29.2,22.8183004184565,16.8883551606548,28.7482456762582,"evaluation"
"panel_ridge","1010",2013,29.6,21.3151643314456,15.3852190736438,27.2451095892473,"evaluation"
"panel_ridge","1011",2013,37.4,27.2615394628725,21.3315942050707,33.1914847206742,"evaluation"
"panel_ridge","1012",2013,32.8,27.3787491620995,21.4488039042978,33.3086944199012,"evaluation"
"panel_ridge","1013",2013,29.7,21.7705719765876,15.8406267187859,27.7005172343893,"evaluation"
"panel_ridge","1014",2013,35.6,25.1410169983962,19.2110717405945,31.0709622561979,"evaluation"
"panel_ridge","1015",2013,39.2,30.2461284428197,24.316183185018,36.1760737006214,"evaluation"
"panel_ridge","1016",2013,42.2,29.9746264862225,24.0446812284208,35.9045717440242,"evaluation"
"panel_ridge","1001",2014,46.4,43.467551202006,37.5376059442043,49.3974964598078,"evaluation"
"panel_ridge","1002",2014,40.2,35.7091465363013,29.7792012784996,41.639091794103,"evaluation"
"panel_ridge","1003",2014,36.3,35.8420049811749,29.9120597233732,41.7719502389766,"evaluation"
"panel_ridge","1004",2014,35.6,35.4126877092314,29.4827424514297,41.3426329670331,"evaluation"
"panel_ridge","1005",2014,44.1,35.0098962090602,29.0799509512585,40.9398414668619,"evaluation"
"panel_ridge","1006",2014,37.9,37.5716145088635,31.6416692510618,43.5015597666652,"evaluation"
"panel_ridge","1007",2014,33.3,32.9760429724912,27.0460977146894,38.9059882302929,"evaluation"
"panel_ridge","1008",2014,52.1,49.8423778592297,43.912432601428,55.7723231170314,"evaluation"
"panel_ridge","1009",2014,34.9,35.1815729568962,29.2516276990945,41.1115182146979,"evaluation"
"panel_ridge","1010",2014,31.7,34.1545858632238,28.224640605422,40.0845311210255,"evaluation"
"panel_ridge","1011",2014,40.6,36.5890707554248,30.6591254976231,42.5190160132265,"evaluation"
"panel_ridge","1012",2014,38.7,36.9852625436188,31.055317285817,42.9152078014205,"evaluation"
"panel_ridge","1013",2014,34.5,32.1523229196945,26.2223776618927,38.0822681774962,"evaluation"
"panel_ridge","1014",2014,37.4,37.3212214039588,31.3912761461571,43.2511666617605,"evaluation"
"panel_ridge","1015",2014,43.6,37.9176607296771,31.9877154718754,43.8476059874788,"evaluation"
"panel_ridge","1016",2014,49.7,40.0205523639389,34.0906071061372,45.9504976217406,"evaluation"
"panel_ridge","1001",2015,42.9,44.8291394452952,38.8991941874935,50.7590847030969,"evaluation"
"panel_ridge","1002",2015,32,39.7345847753582,33.8046395175565,45.6645300331599,"evaluation"
"panel_ridge","1003",2015,30.4,36.7123606289961,30.7824153711944,42.6423058867978,"evaluation"
"panel_ridge","1004",2015,34.2,36.8732154897297,30.943270231928,42.8031607475315,"evaluation"
"panel_ridge","1005",2015,34.2,38.2572317003112,32.3272864425095,44.1871769581129,"evaluation"
"panel_ridge","1006",2015,33.7,38.1408730762366,32.2109278184349,44.0708183340383,"evaluation"
"panel_ridge","1007",2015,26.7,32.9465798527419,27.0166345949402,38.8765251105436,"evaluation"
"panel_ridge","1008",2015,43.8,50.3896370281701,44.4596917703684,56.3195822859718,"evaluation"
"panel_ridge","1009",2015,32,36.2016699421384,30.2717246843367,42.1316151999401,"evaluation"
"panel_ridge","1010",2015,26.8,35.7336800835025,29.8037348257008,41.6636253413042,"evaluation"
"panel_ridge","1011",2015,36.8,39.8368519816398,33.9069067238381,45.7667972394415,"evaluation"
"panel_ridge","1012",2015,33.2,38.1750954482063,32.2451501904046,44.105040706008,"evaluation"
"panel_ridge","1013",2015,31.7,35.4198581005445,29.4899128427427,41.3498033583462,"evaluation"
"panel_ridge","1014",2015,31.4,40.208527087193,34.2785818293912,46.1384723449947,"evaluation"
"panel_ridge","1015",2015,37.3,41.491890911446,35.5619456536443,47.4218361692477,"evaluation"
"panel_ridge","1016",2015,45.5,46.4104607698552,40.4805155120535,52.3404060276569,"evaluation"
"panel_ridge","1001",2016,44.6,40.6971821448128,34.7672368870111,46.6271274026145,"evaluation"
"panel_ridge","1002",2016,36,34.1169097223288,28.1869644645271,40.0468549801305,"evaluation"
"panel_ridge","1003",2016,31,32.4914559225587,26.561510664757,38.4214011803604,"evaluation"
"panel_ridge","1004",2016,38.1,31.6783259028259,25.7483806450242,37.6082711606276,"evaluation"
"panel_ridge","1005",2016,35.8,35.6624985477121,29.7325532899104,41.5924438055138,"evaluation"
"panel_ridge","1006",2016,36.7,33.3788831756884,27.4489379178867,39.3088284334901,"evaluation"
"panel_ridge","1007",2016,31,28.8659190357011,22.9359737778994,34.7958642935028,"evaluation"
"panel_ridge","1008",2016,52.4,46.7808810471047,40.850935789303,52.7108263049064,"evaluation"
"panel_ridge","1009",2016,34,30.9657663767583,25.0358211189566,36.89571163456,"evaluation"
"panel_ridge","1010",2016,28.5,30.0126946267813,24.0827493689796,35.942639884583,"evaluation"
"panel_ridge","1011",2016,36,37.7362967940176,31.8063515362158,43.6662420518193,"evaluation"
"panel_ridge","1012",2016,37.7,33.0652319401822,27.1352866823805,38.9951771979839,"evaluation"
"panel_ridge","1013",2016,30.9,29.5792117871808,23.6492665293791,35.5091570449826,"evaluation"
"panel_ridge","1014",2016,33.1,36.010699944573,30.0807546867713,41.9406452023748,"evaluation"
"panel_ridge","1015",2016,38,36.8247432780611,30.8947980202594,42.7546885358628,"evaluation"
"panel_ridge","1016",2016,41.2,43.4096218235369,37.4796765657352,49.3395670813386,"evaluation"
"panel_ridge","1001",2017,45.3,43.8090517666735,37.8791065088718,49.7389970244753,"evaluation"
"panel_ridge","1002",2017,40.1,39.6132431985499,33.6832979407482,45.5431884563516,"evaluation"
"panel_ridge","1003",2017,34.1,34.6225591300543,28.6926138722525,40.552504387856,"evaluation"
"panel_ridge","1004",2017,40.3,35.1693932278692,29.2394479700674,41.0993384856709,"evaluation"
"panel_ridge","1005",2017,39.2,39.1501350309868,33.2201897731851,45.0800802887885,"evaluation"
"panel_ridge","1006",2017,37.7,33.6600817442383,27.7301364864366,39.59002700204,"evaluation"
"panel_ridge","1007",2017,32,32.5763193044328,26.6463740466311,38.5062645622345,"evaluation"
"panel_ridge","1008",2017,51.3,47.3419257335716,41.4119804757699,53.2718709913733,"evaluation"
"panel_ridge","1009",2017,35.4,33.5432439944495,27.6132987366477,39.4731892522512,"evaluation"
"panel_ridge","1010",2017,31,32.1703515738498,26.2404063160481,38.1002968316516,"evaluation"
"panel_ridge","1011",2017,38.6,40.7331012595047,34.803156001703,46.6630465173064,"evaluation"
"panel_ridge","1012",2017,39.6,33.7378635390714,27.8079182812697,39.6678087968731,"evaluation"
"panel_ridge","1013",2017,33.1,29.9322473016158,24.0023020438141,35.8621925594175,"evaluation"
"panel_ridge","1014",2017,31.6,38.2304783477897,32.300533089988,44.1604236055914,"evaluation"
"panel_ridge","1015",2017,42.1,40.8923478089995,34.9624025511978,46.8222930668012,"evaluation"
"panel_ridge","1016",2017,44.2,47.5426533062227,41.612708048421,53.4725985640244,"evaluation"
"panel_ridge","1001",2018,38,37.6860125872792,31.7560673294775,43.615957845081,"evaluation"
"panel_ridge","1002",2018,30,29.2853580187641,23.3554127609624,35.2153032765658,"evaluation"
"panel_ridge","1003",2018,28.1,26.9249946569135,20.9950493991118,32.8549399147152,"evaluation"
"panel_ridge","1004",2018,36.9,28.6008726338403,22.6709273760386,34.5308178916421,"evaluation"
"panel_ridge","1005",2018,22.2,29.4330521677115,23.5031069099098,35.3629974255132,"evaluation"
"panel_ridge","1006",2018,34.9,30.7703731814221,24.8404279236204,36.7003184392238,"evaluation"
"panel_ridge","1007",2018,27.7,23.0371473259401,17.1072020681384,28.9670925837418,"evaluation"
"panel_ridge","1008",2018,44.3,44.0626230291664,38.1326777713647,49.9925682869681,"evaluation"
"panel_ridge","1009",2018,31.1,28.703233062272,22.7732878044702,34.6331783200737,"evaluation"
"panel_ridge","1010",2018,24.7,23.2678387416275,17.3378934838258,29.1977839994292,"evaluation"
"panel_ridge","1011",2018,28.7,31.0371495033776,25.1072042455759,36.9670947611793,"evaluation"
"panel_ridge","1012",2018,34.7,30.9904526450131,25.0605073872114,36.9203979028148,"evaluation"
"panel_ridge","1013",2018,29.7,25.8807155221107,19.950770264309,31.8106607799124,"evaluation"
"panel_ridge","1014",2018,27,29.7143407230451,23.7843954652434,35.6442859808468,"evaluation"
"panel_ridge","1015",2018,28.4,31.994237944304,26.0642926865023,37.9241832021057,"evaluation"
"panel_ridge","1016",2018,30,37.7887054732858,31.8587602154841,43.7186507310875,"evaluation"
"hierarchical","1001",2005,39.1,32.9495512328137,27.8853549340344,38.013747531593,"tuning"
"hierarchical","1002",2005,29.3,31.8603692065228,26.7961729077435,36.9245655053021,"tuning"
"hierarchical","1003",2005,28.3,28.0501971678382,22.9860008690589,33.1143934666175,"tuning"
"hierarchical","1004",2005,30.1,30.940834762242,25.8766384634626,36.0050310610213,"tuning"
"hierarchical","1005",2005,31.1,27.067738902476,22.0035426036967,32.1319352012553,"tuning"
"hierarchical","1006",2005,33.2,31.6835471237488,26.6193508249695,36.7477434225282,"tuning"
"hierarchical","1007",2005,28.6,30.114961768268,25.0507654694887,35.1791580670473,"tuning"
"hierarchical","1008",2005,43.1,36.5353332526,31.4711369538207,41.5995295513793,"tuning"
"hierarchical","1009",2005,28.6,30.5197155768583,25.455519278079,35.5839118756376,"tuning"
"hierarchical","1010",2005,28.4,27.9020028820596,22.8378065832803,32.9661991808389,"tuning"
"hierarchical","1011",2005,29.6,31.6893327402848,26.6251364415055,36.7535290390641,"tuning"
"hierarchical","1012",2005,33.1,32.5392055715079,27.4750092727286,37.6034018702872,"tuning"
"hierarchical","1013",2005,28.7,28.9563394013912,23.8921431026119,34.0205357001705,"tuning"
"hierarchical","1014",2005,24,28.7649633659571,23.7007670671778,33.8291596647364,"tuning"
"hierarchical","1015",2005,35.7,32.3149073919681,27.2507110931888,37.3791036907474,"tuning"
"hierarchical","1016",2005,32.3,30.7152842041609,25.6510879053816,35.7794805029403,"tuning"
"hierarchical","1001",2006,26.9,35.4227535063808,30.3585572076015,40.4869498051601,"tuning"
"hierarchical","1002",2006,27.9,32.3910842288398,27.3268879300605,37.4552805276191,"tuning"
"hierarchical","1003",2006,23.7,29.1818813535555,24.1176850547762,34.2460776523348,"tuning"
"hierarchical","1004",2006,22.4,31.0198861930324,25.955689894253,36.0840824918117,"tuning"
"hierarchical","1005",2006,19.6,29.5299921816513,24.465795882872,34.5941884804306,"tuning"
"hierarchical","1006",2006,26.6,33.105179900365,28.0409836015857,38.1693761991443,"tuning"
"hierarchical","1007",2006,23.3,30.4156029685538,25.3514066697745,35.4797992673331,"tuning"
"hierarchical","1008",2006,32.3,39.3885367771944,34.3243404784151,44.4527330759737,"tuning"
"hierarchical","1009",2006,25,31.0384696451578,25.9742733463785,36.1026659439371,"tuning"
"hierarchical","1010",2006,21.4,27.9824470227083,22.918250723929,33.0466433214876,"tuning"
"hierarchical","1011",2006,27.5,30.7529803806831,25.6887840819038,35.8171766794624,"tuning"
"hierarchical","1012",2006,25.5,33.8267530764688,28.7625567776895,38.8909493752481,"tuning"
"hierarchical","1013",2006,21.1,28.9367689855621,23.8725726867827,34.0009652843414,"tuning"
"hierarchical","1014",2006,23.8,29.5273645188931,24.4631682201138,34.5915608176724,"tuning"
"hierarchical","1015",2006,28.7,34.4770041650908,29.4128078663115,39.5412004638701,"tuning"
"hierarchical","1016",2006,28.3,32.1556091305238,27.0914128317445,37.2198054293031,"tuning"
"hierarchical","1001",2007,34.3,36.6349385499408,31.5707422511614,41.6991348487201,"tuning"
"hierarchical","1002",2007,34.5,30.9565455097983,25.892349211019,36.0207418085776,"tuning"
"hierarchical","1003",2007,31.3,29.1289468485932,24.0647505498139,34.1931431473725,"tuning"
"hierarchical","1004",2007,29.8,31.7909676755472,26.7267713767679,36.8551639743265,"tuning"
"hierarchical","1005",2007,27.9,28.5505929832228,23.4863966844435,33.6147892820021,"tuning"
"hierarchical","1006",2007,32.5,32.3768131584863,27.312616859707,37.4410094572657,"tuning"
"hierarchical","1007",2007,28.1,29.4371864824235,24.3729901836442,34.5013827812028,"tuning"
"hierarchical","1008",2007,41.3,40.3620859396669,35.2978896408876,45.4262822384462,"tuning"
"hierarchical","1009",2007,30.6,30.8250706157644,25.7608743169851,35.8892669145437,"tuning"
"hierarchical","1010",2007,28,30.2398678215251,25.1756715227458,35.3040641203044,"tuning"
"hierarchical","1011",2007,32.2,33.9400635336673,28.875867234888,39.0042598324466,"tuning"
"hierarchical","1012",2007,31.3,33.3637324156755,28.2995361168962,38.4279287144548,"tuning"
"hierarchical","1013",2007,29,29.127923210675,24.0637269118957,34.1921195094543,"tuning"
"hierarchical","1014",2007,27.8,29.3399975856692,24.2758012868899,34.4041938844485,"tuning"
"hierarchical","1015",2007,36.1,34.0405830065434,28.9763867077641,39.1047793053227,"tuning"
"hierarchical","1016",2007,33.5,32.2517760051181,27.1875797063388,37.3159723038974,"tuning"
"hierarchical","1001",2008,35.3,33.3963096901098,28.3321133913305,38.4605059888891,"tuning"
"hierarchical","1002",2008,25.4,30.9631040962231,25.8989077974438,36.0273003950024,"tuning"
"hierarchical","1003",2008,26.9,28.5686564649292,23.5044601661499,33.6328527637085,"tuning"
"hierarchical","1004",2008,33.4,28.8408544328661,23.7766581340868,33.9050507316454,"tuning"
"hierarchical","1005",2008,19.7,24.7395155827161,19.6753192839368,29.8037118814954,"tuning"
"hierarchical","1006",2008,33.9,31.4756145584746,26.4114182596953,36.5398108572539,"tuning"
"hierarchical","1007",2008,27.4,27.6305831103144,22.5663868115351,32.6947794090937,"tuning"
"hierarchical","1008",2008,43.9,37.7974347375986,32.7332384388193,42.8616310363779,"tuning"
"hierarchical","1009",2008,31.8,29.5621411443365,24.4979448455572,34.6263374431158,"tuning"
"hierarchical","1010",2008,26.8,27.6089003383905,22.5447040396112,32.6730966371698,"tuning"
"hierarchical","1011",2008,26.8,30.0399444732134,24.9757481744341,35.1041407719927,"tuning"
"hierarchical","1012",2008,33.6,30.6138409988538,25.5496447000744,35.6780372976331,"tuning"
"hierarchical","1013",2008,32.4,26.9713191119863,21.907122813207,32.0355154107656,"tuning"
"hierarchical","1014",2008,26.8,27.2725658624587,22.2083695636794,32.336762161238,"tuning"
"hierarchical","1015",2008,27.6,33.1210115460126,28.0568152472333,38.1852078447919,"tuning"
"hierarchical","1016",2008,25.5,30.7768572559105,25.7126609571312,35.8410535546898,"tuning"
"hierarchical","1001",2009,35.9,34.746233377723,29.6820370789437,39.8104296765023,"calibration"
"hierarchical","1002",2009,33.8,31.6209533466957,26.5567570479164,36.6851496454751,"calibration"
"hierarchical","1003",2009,32.2,29.1781788290741,24.1139825302947,34.2423751278534,"calibration"
"hierarchical","1004",2009,31.1,28.7972055443119,23.7330092455326,33.8614018430912,"calibration"
"hierarchical","1005",2009,35.4,29.8447137476216,24.7805174488423,34.9089100464009,"calibration"
"hierarchical","1006",2009,31.9,31.5470723074287,26.4828760086494,36.6112686062081,"calibration"
"hierarchical","1007",2009,26.9,28.2069653086684,23.1427690098891,33.2711616074477,"calibration"
"hierarchical","1008",2009,44.9,39.7573699585488,34.6931736597695,44.8215662573281,"calibration"
"hierarchical","1009",2009,30.4,28.4490492611128,23.3848529623335,33.5132455598921,"calibration"
"hierarchical","1010",2009,28.4,27.5088831168102,22.4446868180309,32.5730794155895,"calibration"
"hierarchical","1011",2009,34.8,29.483501280077,24.4193049812976,34.5476975788563,"calibration"
"hierarchical","1012",2009,31.1,31.1138872346625,26.0496909358832,36.1780835334418,"calibration"
"hierarchical","1013",2009,28.5,27.6479926043928,22.5837963056135,32.7121889031721,"calibration"
"hierarchical","1014",2009,31,26.7388786013919,21.6746823026125,31.8030749001712,"calibration"
"hierarchical","1015",2009,39.8,35.1024707966661,30.0382744978868,40.1666670954454,"calibration"
"hierarchical","1016",2009,39.5,31.9612204072775,26.8970241084982,37.0254167060569,"calibration"
"hierarchical","1001",2010,39.1,34.5715611946969,29.5073648959176,39.6357574934762,"calibration"
"hierarchical","1002",2010,32.9,33.0909461277912,28.0267498290119,38.1551424265706,"calibration"
"hierarchical","1003",2010,31.9,29.5866047386614,24.5224084398821,34.6508010374407,"calibration"
"hierarchical","1004",2010,30.5,30.4095092520783,25.345312953299,35.4737055508576,"calibration"
"hierarchical","1005",2010,35,28.7746962193702,23.7104999205909,33.8388925181495,"calibration"
"hierarchical","1006",2010,30.6,32.6902562951059,27.6260599963266,37.7544525938852,"calibration"
"hierarchical","1007",2010,29,28.4263933101279,23.3621970113486,33.4905896089072,"calibration"
"hierarchical","1008",2010,44,41.9251758626401,36.8609795638608,46.9893721614194,"calibration"
"hierarchical","1009",2010,31.8,31.4007070770113,26.336510778232,36.4649033757906,"calibration"
"hierarchical","1010",2010,33.5,28.6322965460083,23.568100247229,33.6964928447876,"calibration"
"hierarchical","1011",2010,36.6,30.7963858621035,25.7321895633242,35.8605821608828,"calibration"
"hierarchical","1012",2010,28.4,33.3019977072989,28.2378014085196,38.3661940060782,"calibration"
"hierarchical","1013",2010,24.7,29.9531744768862,24.8889781781069,35.0173707756655,"calibration"
"hierarchical","1014",2010,44.8,29.3278916281121,24.2636953293327,34.3920879268914,"calibration"
"hierarchical","1015",2010,37.2,34.3911463474958,29.3269500487165,39.4553426462751,"calibration"
"hierarchical","1016",2010,42.6,33.2947984789313,28.230602180152,38.3589947777106,"calibration"
"hierarchical","1001",2011,39.3,34.9329429736979,29.8687466749186,39.9971392724772,"calibration"
"hierarchical","1002",2011,32.1,31.2617985665032,26.1976022677239,36.3259948652825,"calibration"
"hierarchical","1003",2011,32.3,29.7988165032086,24.7346202044293,34.8630128019879,"calibration"
"hierarchical","1004",2011,31.2,30.7498187549758,25.6856224561965,35.8140150537551,"calibration"
"hierarchical","1005",2011,23.8,27.4443094795515,22.3801131807722,32.5085057783308,"calibration"
"hierarchical","1006",2011,34.2,32.8367943665918,27.7725980678125,37.9009906653711,"calibration"
"hierarchical","1007",2011,28.3,27.8461848138737,22.7819885150944,32.910381112653,"calibration"
"hierarchical","1008",2011,45.8,40.7358037012207,35.6716074024414,45.8,"calibration"
"hierarchical","1009",2011,30.1,31.5176965927501,26.4535002939708,36.5818928915294,"calibration"
"hierarchical","1010",2011,26.7,28.6072349718983,23.543038673119,33.6714312706776,"calibration"
"hierarchical","1011",2011,32.2,32.420864169685,27.3566678709057,37.4850604684643,"calibration"
"hierarchical","1012",2011,35.2,31.5422697218905,26.4780734231112,36.6064660206699,"calibration"
"hierarchical","1013",2011,28.9,29.3041104600597,24.2399141612804,34.368306758839,"calibration"
"hierarchical","1014",2011,31.1,30.4181964660828,25.3540001673035,35.4823927648621,"calibration"
"hierarchical","1015",2011,32.6,33.9006781618408,28.8364818630615,38.9648744606201,"calibration"
"hierarchical","1016",2011,32.5,33.6942142990971,28.6300180003178,38.7584105978764,"calibration"
"hierarchical","1001",2012,40.5,36.6333551597264,31.5691588609471,41.6975514585057,"evaluation"
"hierarchical","1002",2012,36.5,34.1304064664816,29.0662101677023,39.1946027652609,"evaluation"
"hierarchical","1003",2012,31.8,32.0128764929673,26.948680194188,37.0770727917466,"evaluation"
"hierarchical","1004",2012,32.8,31.1084808999586,26.0442846011793,36.1726771987379,"evaluation"
"hierarchical","1005",2012,34.3,30.708582524409,25.6443862256297,35.7727788231883,"evaluation"
"hierarchical","1006",2012,35.6,33.0388658535325,27.9746695547532,38.1030621523118,"evaluation"
"hierarchical","1007",2012,31.2,29.9750013734958,24.9108050747165,35.0391976722751,"evaluation"
"hierarchical","1008",2012,46.5,42.7732117006153,37.709015401836,47.8374079993946,"evaluation"
"hierarchical","1009",2012,31.9,31.3551221448642,26.2909258460849,36.4193184436435,"evaluation"
"hierarchical","1010",2012,29.5,30.3803895223835,25.3161932236042,35.4445858211628,"evaluation"
"hierarchical","1011",2012,34.8,34.1992047383213,29.135008439542,39.2634010371006,"evaluation"
"hierarchical","1012",2012,35.5,32.4498366292821,27.3856403305028,37.5140329280614,"evaluation"
"hierarchical","1013",2012,29.8,29.233412383861,24.1692160850817,34.2976086826403,"evaluation"
"hierarchical","1014",2012,33.7,33.3259494055848,28.2617531068055,38.3901457043641,"evaluation"
"hierarchical","1015",2012,38.6,36.1480513141541,31.0838550153748,41.2122476129334,"evaluation"
"hierarchical","1016",2012,37.2,35.4774764274855,30.4132801287062,40.5416727262648,"evaluation"
"hierarchical","1001",2013,40,35.9273023335127,30.8631060347334,40.991498632292,"evaluation"
"hierarchical","1002",2013,37.9,32.0257110103774,26.9615147115981,37.0899073091567,"evaluation"
"hierarchical","1003",2013,30.2,32.0213543100691,26.9571580112898,37.0855506088484,"evaluation"
"hierarchical","1004",2013,32.3,30.8537566138655,25.7895603150862,35.9179529126448,"evaluation"
"hierarchical","1005",2013,40.1,30.5494931676252,25.4852968688459,35.6136894664045,"evaluation"
"hierarchical","1006",2013,31.5,32.4551710249355,27.3909747261562,37.5193673237148,"evaluation"
"hierarchical","1007",2013,32,29.5411585181387,24.4769622193594,34.605354816918,"evaluation"
"hierarchical","1008",2013,42.3,43.0985927379344,38.0343964391551,48.1627890367137,"evaluation"
"hierarchical","1009",2013,29.2,30.2346282896715,25.1704319908922,35.2988245884508,"evaluation"
"hierarchical","1010",2013,29.6,29.2037121316178,24.1395158328384,34.2679084303971,"evaluation"
"hierarchical","1011",2013,37.4,32.4751923725455,27.4109960737661,37.5393886713248,"evaluation"
"hierarchical","1012",2013,32.8,31.5148240893348,26.4506277905555,36.5790203881141,"evaluation"
"hierarchical","1013",2013,29.7,28.441680100774,23.3774838019947,33.5058763995533,"evaluation"
"hierarchical","1014",2013,35.6,31.358669920258,26.2944736214787,36.4228662190373,"evaluation"
"hierarchical","1015",2013,39.2,35.41210731642,30.3479110176407,40.4763036151993,"evaluation"
"hierarchical","1016",2013,42.2,34.6532341819679,29.5890378831885,39.7174304807472,"evaluation"
"hierarchical","1001",2014,46.4,39.8197560514589,34.7555597526796,44.8839523502382,"evaluation"
"hierarchical","1002",2014,40.2,34.0225130376868,28.9583167389075,39.0867093364661,"evaluation"
"hierarchical","1003",2014,36.3,33.0674275865545,28.0032312877752,38.1316238853338,"evaluation"
"hierarchical","1004",2014,35.6,33.7917173146021,28.7275210158228,38.8559136133814,"evaluation"
"hierarchical","1005",2014,44.1,31.8342640747181,26.7700677759387,36.8984603734974,"evaluation"
"hierarchical","1006",2014,37.9,34.1900214394563,29.125825140677,39.2542177382356,"evaluation"
"hierarchical","1007",2014,33.3,30.5244122304434,25.4602159316641,35.5886085292227,"evaluation"
"hierarchical","1008",2014,52.1,46.0199369112145,40.9557406124352,51.0841332099938,"evaluation"
"hierarchical","1009",2014,34.9,32.8990782430512,27.8348819442719,37.9632745418305,"evaluation"
"hierarchical","1010",2014,31.7,31.2799346103602,26.2157383115809,36.3441309091395,"evaluation"
"hierarchical","1011",2014,40.6,34.7184071755294,29.6542108767501,39.7826034743087,"evaluation"
"hierarchical","1012",2014,38.7,34.0933707117196,29.0291744129403,39.1575670104989,"evaluation"
"hierarchical","1013",2014,34.5,30.6767927445527,25.6125964457734,35.740989043332,"evaluation"
"hierarchical","1014",2014,37.4,34.5445832809839,29.4803869822046,39.6087795797633,"evaluation"
"hierarchical","1015",2014,43.6,36.2244367649856,31.1602404662063,41.2886330637649,"evaluation"
"hierarchical","1016",2014,49.7,36.6316455077631,31.5674492089838,41.6958418065424,"evaluation"
"hierarchical","1001",2015,42.9,41.6051059746706,36.5409096758913,46.6693022734499,"evaluation"
"hierarchical","1002",2015,32,36.0314426585915,30.9672463598122,41.0956389573708,"evaluation"
"hierarchical","1003",2015,30.4,33.5114978327847,28.4473015340054,38.575694131564,"evaluation"
"hierarchical","1004",2015,34.2,34.4882554686582,29.4240591698789,39.5524517674375,"evaluation"
"hierarchical","1005",2015,34.2,35.1045756658924,30.0403793671131,40.1687719646717,"evaluation"
"hierarchical","1006",2015,33.7,36.4577092145131,31.3935129157338,41.5219055132924,"evaluation"
"hierarchical","1007",2015,26.7,31.9867376344263,26.922541335647,37.0509339332056,"evaluation"
"hierarchical","1008",2015,43.8,46.5574307311127,41.4932344323334,51.621627029892,"evaluation"
"hierarchical","1009",2015,32,33.9825942568746,28.9183979580953,39.0467905556539,"evaluation"
"hierarchical","1010",2015,26.8,32.2603729709181,27.1961766721387,37.3245692696974,"evaluation"
"hierarchical","1011",2015,36.8,36.8552881176159,31.7910918188366,41.9194844163952,"evaluation"
"hierarchical","1012",2015,33.2,35.9947528504914,30.930556551712,41.0589491492707,"evaluation"
"hierarchical","1013",2015,31.7,32.8413991054866,27.7772028067073,37.9055954042659,"evaluation"
"hierarchical","1014",2015,31.4,34.6204053789742,29.5562090801949,39.6846016777535,"evaluation"
"hierarchical","1015",2015,37.3,39.0045568772579,33.9403605784786,44.0687531760372,"evaluation"
"hierarchical","1016",2015,45.5,41.5536335236201,36.4894372248408,46.6178298223994,"evaluation"
"hierarchical","1001",2016,44.6,39.8600761690391,34.7958798702598,44.9242724678185,"evaluation"
"hierarchical","1002",2016,36,34.719237250194,29.6550409514147,39.7834335489733,"evaluation"
"hierarchical","1003",2016,31,32.5640308437726,27.4998345449933,37.6282271425519,"evaluation"
"hierarchical","1004",2016,38.1,33.8500815627891,28.7858852640098,38.9142778615684,"evaluation"
"hierarchical","1005",2016,35.8,34.5201195698674,29.4559232710881,39.5843158686467,"evaluation"
"hierarchical","1006",2016,36.7,35.6525147346351,30.5883184358558,40.7167110334144,"evaluation"
"hierarchical","1007",2016,31,30.7167055367972,25.6525092380179,35.7809018355765,"evaluation"
"hierarchical","1008",2016,52.4,45.2581961195346,40.1939998207552,50.3223924183139,"evaluation"
"hierarchical","1009",2016,34,33.7604050474197,28.6962087486404,38.824601346199,"evaluation"
"hierarchical","1010",2016,28.5,30.4163437057659,25.3521474069866,35.4805400045452,"evaluation"
"hierarchical","1011",2016,36,37.1363246968642,32.0721283980849,42.2005209956436,"evaluation"
"hierarchical","1012",2016,37.7,34.9499383938767,29.8857420950974,40.014134692656,"evaluation"
"hierarchical","1013",2016,30.9,31.4672886827265,26.4030923839472,36.5314849815058,"evaluation"
"hierarchical","1014",2016,33.1,35.6960713534545,30.6318750546752,40.7602676522338,"evaluation"
"hierarchical","1015",2016,38,36.7677196928195,31.7035233940402,41.8319159915988,"evaluation"
"hierarchical","1016",2016,41.2,39.9090227928643,34.844826494085,44.9732190916436,"evaluation"
"hierarchical","1001",2017,45.3,41.7037107902906,36.6395144915113,46.7679070890699,"evaluation"
"hierarchical","1002",2017,40.1,37.3491674576945,32.2849711589152,42.4133637564738,"evaluation"
"hierarchical","1003",2017,34.1,33.6716836113436,28.6074873125643,38.7358799101229,"evaluation"
"hierarchical","1004",2017,40.3,34.9776435393045,29.9134472405252,40.0418398380838,"evaluation"
"hierarchical","1005",2017,39.2,36.758612618828,31.6944163200487,41.8228089176073,"evaluation"
"hierarchical","1006",2017,37.7,35.4182897668078,30.3540934680285,40.4824860655871,"evaluation"
"hierarchical","1007",2017,32,31.8887555157722,26.8245592169928,36.9529518145515,"evaluation"
"hierarchical","1008",2017,51.3,46.6773087318199,41.6131124330406,51.7415050305992,"evaluation"
"hierarchical","1009",2017,35.4,34.1509447611484,29.0867484623691,39.2151410599277,"evaluation"
"hierarchical","1010",2017,31,31.4913073733539,26.4271110745746,36.5555036721332,"evaluation"
"hierarchical","1011",2017,38.6,37.5484551108228,32.4842588120435,42.6126514096021,"evaluation"
"hierarchical","1012",2017,39.6,35.8546336917439,30.7904373929646,40.9188299905232,"evaluation"
"hierarchical","1013",2017,33.1,31.0163524387917,25.9521561400123,36.080548737571,"evaluation"
"hierarchical","1014",2017,31.6,35.5940917195666,30.5298954207873,40.6582880183459,"evaluation"
"hierarchical","1015",2017,42.1,38.6226525713513,33.558456272572,43.6868488701306,"evaluation"
"hierarchical","1016",2017,44.2,44.1443363269,39.0801400281207,49.2085326256793,"evaluation"
"hierarchical","1001",2018,38,40.7751156246479,35.7109193258686,45.8393119234272,"evaluation"
"hierarchical","1002",2018,30,33.9702639865124,28.906067687733,39.0344602852917,"evaluation"
"hierarchical","1003",2018,28.1,32.055167702458,26.9909714036786,37.1193640012373,"evaluation"
"hierarchical","1004",2018,36.9,33.9321227086257,28.8679264098464,38.996319007405,"evaluation"
"hierarchical","1005",2018,22.2,28.673472020233,23.6092757214537,33.7376683190123,"evaluation"
"hierarchical","1006",2018,34.9,36.4412608011325,31.3770645023532,41.5054570999118,"evaluation"
"hierarchical","1007",2018,27.7,29.3008298349113,24.236633536132,34.3650261336907,"evaluation"
"hierarchical","1008",2018,44.3,46.5249451321521,41.4607488333728,51.5891414309314,"evaluation"
"hierarchical","1009",2018,31.1,32.5350611008123,27.4708648020329,37.5992573995916,"evaluation"
"hierarchical","1010",2018,24.7,27.4933815177718,22.4291852189925,32.5575778165511,"evaluation"
"hierarchical","1011",2018,28.7,35.1971609274269,30.1329646286476,40.2613572262062,"evaluation"
"hierarchical","1012",2018,34.7,35.1613138626161,30.0971175638368,40.2255101613954,"evaluation"
"hierarchical","1013",2018,29.7,30.880005614723,25.8158093159437,35.9442019135023,"evaluation"
"hierarchical","1014",2018,27,34.3940718190993,29.32987552032,39.4582681178786,"evaluation"
"hierarchical","1015",2018,28.4,34.7920259562278,29.7278296574485,39.8562222550071,"evaluation"
"hierarchical","1016",2018,30,38.1261436877433,33.061947388964,43.1903399865226,"evaluation"
"stress_lag","1001",2005,39.1,37.9064243064313,31.0261490766755,44.7866995361872,"tuning"
"stress_lag","1002",2005,29.3,35.6912944756667,28.8110192459108,42.5715697054225,"tuning"
"stress_lag","1003",2005,28.3,32.5317593544586,25.6514841247028,39.4120345842145,"tuning"
"stress_lag","1004",2005,30.1,34.3024990642815,27.4222238345256,41.1827742940373,"tuning"
"stress_lag","1005",2005,31.1,32.4129812739695,25.5327060442136,39.2932565037254,"tuning"
"stress_lag","1006",2005,33.2,34.3774924870832,27.4972172573273,41.257767716839,"tuning"
"stress_lag","1007",2005,28.6,32.6153248355003,25.7350496057444,39.4956000652561,"tuning"
"stress_lag","1008",2005,43.1,40.9590160090337,34.0787407792778,47.8392912387895,"tuning"
"stress_lag","1009",2005,28.6,34.2892923391208,27.4090171093649,41.1695675688766,"tuning"
"stress_lag","1010",2005,28.4,32.3270575108494,25.4467822810935,39.2073327406052,"tuning"
"stress_lag","1011",2005,29.6,34.192754769344,27.3124795395881,41.0730299990998,"tuning"
"stress_lag","1012",2005,33.1,35.6951506376437,28.8148754078879,42.5754258673996,"tuning"
"stress_lag","1013",2005,28.7,32.2656496431392,25.3853744133833,39.145924872895,"tuning"
"stress_lag","1014",2005,24,32.3550591348574,25.4747839051016,39.2353343646133,"tuning"
"stress_lag","1015",2005,35.7,37.3525027056663,30.4722274759104,44.2327779354221,"tuning"
"stress_lag","1016",2005,32.3,35.24468015066,28.3644049209041,42.1249553804158,"tuning"
"stress_lag","1001",2006,26.9,33.8831087397824,27.0028335100266,40.7633839695383,"tuning"
"stress_lag","1002",2006,27.9,32.6044177079558,25.7241424782,39.4846929377117,"tuning"
"stress_lag","1003",2006,23.7,29.5692473717239,22.688972141968,36.4495226014797,"tuning"
"stress_lag","1004",2006,22.4,31.6067972683526,24.7265220385968,38.4870724981085,"tuning"
"stress_lag","1005",2006,19.6,30.6514206912221,23.7711454614662,37.5316959209779,"tuning"
"stress_lag","1006",2006,26.6,33.2622297255875,26.3819544958316,40.1425049553433,"tuning"
"stress_lag","1007",2006,23.3,30.2114774773495,23.3312022475936,37.0917527071053,"tuning"
"stress_lag","1008",2006,32.3,37.8632400717165,30.9829648419606,44.7435153014723,"tuning"
"stress_lag","1009",2006,25,30.5500810415376,23.6698058117818,37.4303562712935,"tuning"
"stress_lag","1010",2006,21.4,30.7107194788899,23.830444249134,37.5909947086457,"tuning"
"stress_lag","1011",2006,27.5,31.3581717471449,24.4778965173891,38.2384469769008,"tuning"
"stress_lag","1012",2006,25.5,31.9826698900026,25.1023946602468,38.8629451197585,"tuning"
"stress_lag","1013",2006,21.1,29.3635892835771,22.4833140538212,36.2438645133329,"tuning"
"stress_lag","1014",2006,23.8,29.6898251480471,22.8095499182912,36.5701003778029,"tuning"
"stress_lag","1015",2006,28.7,34.5582518806998,27.677976650944,41.4385271104557,"tuning"
"stress_lag","1016",2006,28.3,32.9327627266606,26.0524874969047,39.8130379564164,"tuning"
"stress_lag","1001",2007,34.3,34.1694441675463,27.2891689377904,41.0497193973021,"tuning"
"stress_lag","1002",2007,34.5,33.9247967772966,27.0445215475407,40.8050720070524,"tuning"
"stress_lag","1003",2007,31.3,32.1032719908789,25.222996761123,38.9835472206347,"tuning"
"stress_lag","1004",2007,29.8,33.9503239034134,27.0700486736576,40.8305991331693,"tuning"
"stress_lag","1005",2007,27.9,31.3785677488737,24.4982925191178,38.2588429786295,"tuning"
"stress_lag","1006",2007,32.5,32.3116782540882,25.4314030243323,39.191953483844,"tuning"
"stress_lag","1007",2007,28.1,32.5085943770145,25.6283191472587,39.3888696067704,"tuning"
"stress_lag","1008",2007,41.3,37.4310548735237,30.5507796437679,44.3113301032796,"tuning"
"stress_lag","1009",2007,30.6,29.3336854448033,22.4534102150475,36.2139606745592,"tuning"
"stress_lag","1010",2007,28,32.8685690888128,25.988293859057,39.7488443185687,"tuning"
"stress_lag","1011",2007,32.2,38.3965898099752,31.5163145802193,45.276865039731,"tuning"
"stress_lag","1012",2007,31.3,32.5876234014117,25.7073481716559,39.4678986311676,"tuning"
"stress_lag","1013",2007,29,30.7889566955387,23.9086814657829,37.6692319252946,"tuning"
"stress_lag","1014",2007,27.8,32.74101263189,25.8607374021342,39.6212878616459,"tuning"
"stress_lag","1015",2007,36.1,36.1923230784395,29.3120478486837,43.0725983081954,"tuning"
"stress_lag","1016",2007,33.5,35.9671509607465,29.0868757309906,42.8474261905023,"tuning"
"stress_lag","1001",2008,35.3,33.2174904000374,26.3372151702815,40.0977656297932,"tuning"
"stress_lag","1002",2008,25.4,30.1324827161796,23.2522074864237,37.0127579459354,"tuning"
"stress_lag","1003",2008,26.9,31.5635234957358,24.6832482659799,38.4437987254916,"tuning"
"stress_lag","1004",2008,33.4,31.8777013817427,24.9974261519869,38.7579766114986,"tuning"
"stress_lag","1005",2008,19.7,27.3908715509587,20.5105963212029,34.2711467807146,"tuning"
"stress_lag","1006",2008,33.9,33.1531929224446,26.2729176926887,40.0334681522004,"tuning"
"stress_lag","1007",2008,27.4,27.7663068355381,20.8860316057823,34.646582065294,"tuning"
"stress_lag","1008",2008,43.9,39.0022060184807,32.1219307887249,45.8824812482366,"tuning"
"stress_lag","1009",2008,31.8,32.6893645796796,25.8090893499238,39.5696398094355,"tuning"
"stress_lag","1010",2008,26.8,29.1725140879063,22.2922388581504,36.0527893176621,"tuning"
"stress_lag","1011",2008,26.8,26.920152641222,20.0398774114661,33.8004278709778,"tuning"
"stress_lag","1012",2008,33.6,32.0145128785831,25.1342376488273,38.894788108339,"tuning"
"stress_lag","1013",2008,32.4,30.0819489588448,23.2016737290889,36.9622241886006,"tuning"
"stress_lag","1014",2008,26.8,26.9356083536976,20.0553331239417,33.8158835834534,"tuning"
"stress_lag","1015",2008,27.6,33.2416170244772,26.3613417947214,40.1218922542331,"tuning"
"stress_lag","1016",2008,25.5,27.8056478573824,20.9253726276265,34.6859230871382,"tuning"
"stress_lag","1001",2009,35.9,34.7242802168549,27.844004987099,41.6045554466107,"calibration"
"stress_lag","1002",2009,33.8,30.2846471865689,23.4043719568131,37.1649224163248,"calibration"
"stress_lag","1003",2009,32.2,27.5989822137451,20.7187069839893,34.479257443501,"calibration"
"stress_lag","1004",2009,31.1,28.5323311843385,21.6520559545827,35.4126064140944,"calibration"
"stress_lag","1005",2009,35.4,26.9091267545008,20.0288515247449,33.7894019842566,"calibration"
"stress_lag","1006",2009,31.9,29.5545306632518,22.6742554334959,36.4348058930076,"calibration"
"stress_lag","1007",2009,26.9,28.2424447808199,21.362169551064,35.1227200105757,"calibration"
"stress_lag","1008",2009,44.9,37.1014711389745,30.2211959092187,43.9817463687304,"calibration"
"stress_lag","1009",2009,30.4,27.3636513747593,20.4833761450034,34.2439266045151,"calibration"
"stress_lag","1010",2009,28.4,28.1037534882147,21.2234782584588,34.9840287179705,"calibration"
"stress_lag","1011",2009,34.8,29.2467831274412,22.3665078976853,36.127058357197,"calibration"
"stress_lag","1012",2009,31.1,30.1571357581278,23.276860528372,37.0374109878837,"calibration"
"stress_lag","1013",2009,28.5,27.5197077509431,20.6394325211873,34.399982980699,"calibration"
"stress_lag","1014",2009,31,27.7458276292656,20.8655523995098,34.6261028590215,"calibration"
"stress_lag","1015",2009,39.8,32.2691420444112,25.3888668146554,39.1494172741671,"calibration"
"stress_lag","1016",2009,39.5,29.7422634394214,22.8619882096656,36.6225386691773,"calibration"
"stress_lag","1001",2010,39.1,36.6833924949165,29.8031172651607,43.5636677246724,"calibration"
"stress_lag","1002",2010,32.9,34.4213859720037,27.5411107422479,41.3016612017596,"calibration"
"stress_lag","1003",2010,31.9,33.1381099487948,26.2578347190389,40.0183851785506,"calibration"
"stress_lag","1004",2010,30.5,31.6132940362484,24.7330188064925,38.4935692660043,"calibration"
"stress_lag","1005",2010,35,31.7105112253904,24.8302359956346,38.5907864551463,"calibration"
"stress_lag","1006",2010,30.6,38.1356909750026,31.2554157452468,45.0159662047585,"calibration"
"stress_lag","1007",2010,29,32.6456755221055,25.7654002923496,39.5259507518613,"calibration"
"stress_lag","1008",2010,44,42.6125588628884,35.7322836331326,49.4928340926443,"calibration"
"stress_lag","1009",2010,31.8,33.9013729391862,27.0210977094304,40.7816481689421,"calibration"
"stress_lag","1010",2010,33.5,28.847087273572,21.9668120438161,35.7273625033278,"calibration"
"stress_lag","1011",2010,36.6,33.6395515530155,26.7592763232597,40.5198267827714,"calibration"
"stress_lag","1012",2010,28.4,37.1703545130017,30.2900792832459,44.0506297427576,"calibration"
"stress_lag","1013",2010,24.7,32.6811466004129,25.800871370657,39.5614218301687,"calibration"
"stress_lag","1014",2010,44.8,30.5504378785795,23.6701626488237,37.4307131083354,"calibration"
"stress_lag","1015",2010,37.2,36.6839193469272,29.8036441171713,43.564194576683,"calibration"
"stress_lag","1016",2010,42.6,35.7197247702441,28.8394495404883,42.6,"calibration"
"stress_lag","1001",2011,39.3,34.2596173145101,27.3793420847542,41.1398925442659,"calibration"
"stress_lag","1002",2011,32.1,31.8027934619945,24.9225182322386,38.6830686917503,"calibration"
"stress_lag","1003",2011,32.3,29.2142038118155,22.3339285820596,36.0944790415713,"calibration"
"stress_lag","1004",2011,31.2,30.8561774204127,23.9759021906568,37.7364526501686,"calibration"
"stress_lag","1005",2011,23.8,29.0339568931972,22.1536816634414,35.9142321229531,"calibration"
"stress_lag","1006",2011,34.2,33.1421732823281,26.2618980525723,40.022448512084,"calibration"
"stress_lag","1007",2011,28.3,27.5902045338949,20.709929304139,34.4704797636507,"calibration"
"stress_lag","1008",2011,45.8,37.9546541365291,31.0743789067733,44.834929366285,"calibration"
"stress_lag","1009",2011,30.1,29.9934754690872,23.1132002393313,36.873750698843,"calibration"
"stress_lag","1010",2011,26.7,29.8443672130225,22.9640919832666,36.7246424427783,"calibration"
"stress_lag","1011",2011,32.2,32.1842830682201,25.3040078384642,39.0645582979759,"calibration"
"stress_lag","1012",2011,35.2,31.8792179562586,24.9989427265028,38.7594931860145,"calibration"
"stress_lag","1013",2011,28.9,29.0734402205982,22.1931649908423,35.953715450354,"calibration"
"stress_lag","1014",2011,31.1,33.0438590392366,26.1635838094807,39.9241342689924,"calibration"
"stress_lag","1015",2011,32.6,33.3830931175932,26.5028178878374,40.2633683473491,"calibration"
"stress_lag","1016",2011,32.5,34.1627236039262,27.2824483741703,41.042998833682,"calibration"
"stress_lag","1001",2012,40.5,37.8145657969311,30.9342905671753,44.694841026687,"evaluation"
"stress_lag","1002",2012,36.5,36.0855901305371,29.2053149007812,42.9658653602929,"evaluation"
"stress_lag","1003",2012,31.8,31.7685851157639,24.8883098860081,38.6488603455198,"evaluation"
"stress_lag","1004",2012,32.8,33.4496395425991,26.5693643128432,40.3299147723549,"evaluation"
"stress_lag","1005",2012,34.3,33.9193620800114,27.0390868502556,40.7996373097673,"evaluation"
"stress_lag","1006",2012,35.6,30.9493009961966,24.0690257664408,37.8295762259525,"evaluation"
"stress_lag","1007",2012,31.2,33.7227960295563,26.8425207998005,40.6030712593122,"evaluation"
"stress_lag","1008",2012,46.5,41.4308027683757,34.5505275386198,48.3110779981315,"evaluation"
"stress_lag","1009",2012,31.9,33.836142409312,26.9558671795561,40.7164176390678,"evaluation"
"stress_lag","1010",2012,29.5,32.3627108638489,25.4824356340931,39.2429860936048,"evaluation"
"stress_lag","1011",2012,34.8,35.0333925646549,28.153117334899,41.9136677944107,"evaluation"
"stress_lag","1012",2012,35.5,30.6600786065449,23.7798033767891,37.5403538363008,"evaluation"
"stress_lag","1013",2012,29.8,31.5901582146507,24.7098829848948,38.4704334444065,"evaluation"
"stress_lag","1014",2012,33.7,33.4489846436625,26.5687094139067,40.3292598734184,"evaluation"
"stress_lag","1015",2012,38.6,38.0751482594936,31.1948730297377,44.9554234892494,"evaluation"
"stress_lag","1016",2012,37.2,36.3787628518909,29.4984876221351,43.2590380816468,"evaluation"
"stress_lag","1001",2013,40,33.4084164194142,26.5281411896584,40.2886916491701,"evaluation"
"stress_lag","1002",2013,37.9,29.2789455167316,22.3986702869757,36.1592207464874,"evaluation"
"stress_lag","1003",2013,30.2,27.3881756900467,20.5079004602909,34.2684509198026,"evaluation"
"stress_lag","1004",2013,32.3,26.3023616451481,19.4220864153922,33.1826368749039,"evaluation"
"stress_lag","1005",2013,40.1,27.0059602700831,20.1256850403273,33.886235499839,"evaluation"
"stress_lag","1006",2013,31.5,31.0919765539748,24.2117013242189,37.9722517837306,"evaluation"
"stress_lag","1007",2013,32,26.3911922280275,19.5109169982717,33.2714674577834,"evaluation"
"stress_lag","1008",2013,42.3,38.968140126431,32.0878648966751,45.8484153561868,"evaluation"
"stress_lag","1009",2013,29.2,27.4782260285547,20.5979507987988,34.3585012583106,"evaluation"
"stress_lag","1010",2013,29.6,23.8097263499318,16.9294511201759,30.6900015796876,"evaluation"
"stress_lag","1011",2013,37.4,29.0634596179584,22.1831843882025,35.9437348477143,"evaluation"
"stress_lag","1012",2013,32.8,30.4908343579685,23.6105591282126,37.3711095877243,"evaluation"
"stress_lag","1013",2013,29.7,26.190756714484,19.3104814847282,33.0710319442399,"evaluation"
"stress_lag","1014",2013,35.6,26.3129831563873,19.4327079266315,33.1932583861432,"evaluation"
"stress_lag","1015",2013,39.2,31.3964346662867,24.5161594365309,38.2767098960426,"evaluation"
"stress_lag","1016",2013,42.2,31.5763089089879,24.696033679232,38.4565841387437,"evaluation"
"stress_lag","1001",2014,46.4,45.0626873969199,38.1824121671641,51.9429626266758,"evaluation"
"stress_lag","1002",2014,40.2,37.3097807801001,30.4295055503442,44.1900560098559,"evaluation"
"stress_lag","1003",2014,36.3,37.7373640564011,30.8570888266452,44.6176392861569,"evaluation"
"stress_lag","1004",2014,35.6,37.7419599703703,30.8616847406144,44.6222352001261,"evaluation"
"stress_lag","1005",2014,44.1,38.9392321129544,32.0589568831986,45.8195073427103,"evaluation"
"stress_lag","1006",2014,37.9,38.7446534471172,31.8643782173614,45.6249286768731,"evaluation"
"stress_lag","1007",2014,33.3,37.5655087732901,30.6852335435342,44.4457840030459,"evaluation"
"stress_lag","1008",2014,52.1,49.8440131172288,42.9637378874729,56.7242883469846,"evaluation"
"stress_lag","1009",2014,34.9,36.9789786865029,30.0987034567471,43.8592539162588,"evaluation"
"stress_lag","1010",2014,31.7,35.1554796957044,28.2752044659486,42.0357549254603,"evaluation"
"stress_lag","1011",2014,40.6,39.2941746563661,32.4138994266103,46.174449886122,"evaluation"
"stress_lag","1012",2014,38.7,41.1749557043436,34.2946804745878,48.0552309340995,"evaluation"
"stress_lag","1013",2014,34.5,34.6349678222356,27.7546925924798,41.5152430519915,"evaluation"
"stress_lag","1014",2014,37.4,38.5958140866121,31.7155388568562,45.4760893163679,"evaluation"
"stress_lag","1015",2014,43.6,41.9131010089595,35.0328257792036,48.7933762387153,"evaluation"
"stress_lag","1016",2014,49.7,42.4877081325245,35.6074329027686,49.3679833622803,"evaluation"
"stress_lag","1001",2015,42.9,41.528204627961,34.6479293982051,48.4084798577168,"evaluation"
"stress_lag","1002",2015,32,38.5504145598091,31.6701393300533,45.430689789565,"evaluation"
"stress_lag","1003",2015,30.4,35.6086945701208,28.7284193403649,42.4889697998766,"evaluation"
"stress_lag","1004",2015,34.2,37.8338617751377,30.9535865453818,44.7141370048935,"evaluation"
"stress_lag","1005",2015,34.2,37.2906625874783,30.4103873577225,44.1709378172342,"evaluation"
"stress_lag","1006",2015,33.7,38.7558763533383,31.8756011235825,45.6361515830942,"evaluation"
"stress_lag","1007",2015,26.7,33.9322541391128,27.051978909357,40.8125293688687,"evaluation"
"stress_lag","1008",2015,43.8,45.2397729462331,38.3594977164772,52.1200481759889,"evaluation"
"stress_lag","1009",2015,32,37.6053509711849,30.7250757414291,44.4856262009408,"evaluation"
"stress_lag","1010",2015,26.8,36.1787172798508,29.298442050095,43.0589925096067,"evaluation"
"stress_lag","1011",2015,36.8,38.8512704583244,31.9709952285686,45.7315456880803,"evaluation"
"stress_lag","1012",2015,33.2,38.2446718424685,31.3643966127126,45.1249470722244,"evaluation"
"stress_lag","1013",2015,31.7,35.6172040255858,28.7369287958299,42.4974792553417,"evaluation"
"stress_lag","1014",2015,31.4,38.1790650682498,31.298789838494,45.0593402980057,"evaluation"
"stress_lag","1015",2015,37.3,40.2735746088848,33.3932993791289,47.1538498386406,"evaluation"
"stress_lag","1016",2015,45.5,42.715964899417,35.8356896696612,49.5962401291729,"evaluation"
"stress_lag","1001",2016,44.6,38.8957818813749,32.0155066516191,45.7760571111308,"evaluation"
"stress_lag","1002",2016,36,34.5176818963647,27.6374066666088,41.3979571261205,"evaluation"
"stress_lag","1003",2016,31,32.7356049747905,25.8553297450347,39.6158802045464,"evaluation"
"stress_lag","1004",2016,38.1,33.1138607742116,26.2335855444557,39.9941360039675,"evaluation"
"stress_lag","1005",2016,35.8,35.1669892561308,28.286714026375,42.0472644858867,"evaluation"
"stress_lag","1006",2016,36.7,35.6751879473172,28.7949127175614,42.5554631770731,"evaluation"
"stress_lag","1007",2016,31,30.8319550385781,23.9516798088222,37.712230268334,"evaluation"
"stress_lag","1008",2016,52.4,43.5872528824449,36.7069776526891,50.4675281122008,"evaluation"
"stress_lag","1009",2016,34,32.3855617974169,25.5052865676611,39.2658370271728,"evaluation"
"stress_lag","1010",2016,28.5,30.9188107212593,24.0385354915035,37.7990859510152,"evaluation"
"stress_lag","1011",2016,36,36.1898222426994,29.3095470129435,43.0700974724552,"evaluation"
"stress_lag","1012",2016,37.7,34.0889072224278,27.208631992672,40.9691824521837,"evaluation"
"stress_lag","1013",2016,30.9,31.6411138436501,24.7608386138943,38.521389073406,"evaluation"
"stress_lag","1014",2016,33.1,34.8406991860056,27.9604239562498,41.7209744157615,"evaluation"
"stress_lag","1015",2016,38,37.0425324461698,30.162257216414,43.9228076759257,"evaluation"
"stress_lag","1016",2016,41.2,39.3454688404884,32.4651936107325,46.2257440702442,"evaluation"
"stress_lag","1001",2017,45.3,40.5373074463037,33.6570322165478,47.4175826760595,"evaluation"
"stress_lag","1002",2017,40.1,39.388810013586,32.5085347838301,46.2690852433418,"evaluation"
"stress_lag","1003",2017,34.1,34.2819503499978,27.4016751202419,41.1622255797536,"evaluation"
"stress_lag","1004",2017,40.3,35.3754557814411,28.4951805516853,42.255731011197,"evaluation"
"stress_lag","1005",2017,39.2,37.903202776589,31.0229275468331,44.7834780063448,"evaluation"
"stress_lag","1006",2017,37.7,33.3150921750678,26.4348169453119,40.1953674048236,"evaluation"
"stress_lag","1007",2017,32,34.2140131751446,27.3337379453887,41.0942884049004,"evaluation"
"stress_lag","1008",2017,51.3,42.0385859604432,35.1583107306874,48.9188611901991,"evaluation"
"stress_lag","1009",2017,35.4,33.7655887363331,26.8853135065773,40.645863966089,"evaluation"
"stress_lag","1010",2017,31,31.8188667374595,24.9385915077037,38.6991419672154,"evaluation"
"stress_lag","1011",2017,38.6,39.0733814526715,32.1931062229156,45.9536566824273,"evaluation"
"stress_lag","1012",2017,39.6,33.1635498746369,26.2832746448811,40.0438251043928,"evaluation"
"stress_lag","1013",2017,33.1,30.0377074587214,23.1574322289656,36.9179826884773,"evaluation"
"stress_lag","1014",2017,31.6,35.8346887829334,28.9544135531776,42.7149640126893,"evaluation"
"stress_lag","1015",2017,42.1,40.6969025613089,33.8166273315531,47.5771777910648,"evaluation"
"stress_lag","1016",2017,44.2,43.4373576904634,36.5570824607075,50.3176329202192,"evaluation"
"stress_lag","1001",2018,38,37.3320828620182,30.4518076322624,44.2123580917741,"evaluation"
"stress_lag","1002",2018,30,30.8919339428569,24.0116587131011,37.7722091726128,"evaluation"
"stress_lag","1003",2018,28.1,29.918729936133,23.0384547063772,36.7990051658889,"evaluation"
"stress_lag","1004",2018,36.9,31.2676120313743,24.3873368016185,38.1478872611302,"evaluation"
"stress_lag","1005",2018,22.2,30.4736149936903,23.5933397639344,37.3538902234461,"evaluation"
"stress_lag","1006",2018,34.9,35.0169287294082,28.1366534996524,41.8972039591641,"evaluation"
"stress_lag","1007",2018,27.7,27.7665678049086,20.8862925751527,34.6468430346644,"evaluation"
"stress_lag","1008",2018,44.3,46.2454517082546,39.3651764784987,53.1257269380104,"evaluation"
"stress_lag","1009",2018,31.1,32.9909496340414,26.1106744042856,39.8712248637973,"evaluation"
"stress_lag","1010",2018,24.7,26.3183153032704,19.4380400735146,33.1985905330263,"evaluation"
"stress_lag","1011",2018,28.7,31.897242045558,25.0169668158021,38.7775172753138,"evaluation"
"stress_lag","1012",2018,34.7,36.2702940190637,29.3900187893078,43.1505692488195,"evaluation"
"stress_lag","1013",2018,29.7,29.8486282329077,22.9683530031519,36.7289034626636,"evaluation"
"stress_lag","1014",2018,27,31.1806396346581,24.3003644049023,38.060914864414,"evaluation"
"stress_lag","1015",2018,28.4,33.7342111544722,26.8539359247163,40.614486384228,"evaluation"
"stress_lag","1016",2018,30,36.7524247712036,29.8721495414477,43.6327000009594,"evaluation"
