"Fold","Method","RS","Year","Observed","Predicted","TrainEnd","UnseenRegion"
1,"panel_ridge","1001",2012,40.5,34.6619576498093,2011,TRUE
1,"panel_ridge","1005",2012,34.3,37.2843006147789,2011,TRUE
1,"panel_ridge","1009",2012,31.9,33.9827238803001,2011,TRUE
1,"panel_ridge","1013",2012,29.8,34.1987586728244,2011,TRUE
1,"panel_ridge","1001",2013,40,29.9865894155136,2012,TRUE
1,"panel_ridge","1005",2013,40.1,29.9500177301047,2012,TRUE
1,"panel_ridge","1009",2013,29.2,26.4633753187974,2012,TRUE
1,"panel_ridge","1013",2013,29.7,28.4348673384663,2012,TRUE
1,"panel_ridge","1001",2014,46.4,34.3274652799767,2013,TRUE
1,"panel_ridge","1005",2014,44.1,34.6795899149953,2013,TRUE
1,"panel_ridge","1009",2014,34.9,35.7053482380802,2013,TRUE
1,"panel_ridge","1013",2014,34.5,35.7365079423454,2013,TRUE
1,"panel_ridge","1001",2015,42.9,37.8470205290923,2014,TRUE
1,"panel_ridge","1005",2015,34.2,36.4577030335906,2014,TRUE
1,"panel_ridge","1009",2015,32,36.4957571484325,2014,TRUE
1,"panel_ridge","1013",2015,31.7,37.464741111636,2014,TRUE
1,"panel_ridge","1001",2016,44.6,35.9225903284606,2015,TRUE
1,"panel_ridge","1005",2016,35.8,38.6547187839023,2015,TRUE
1,"panel_ridge","1009",2016,34,36.0306667541962,2015,TRUE
1,"panel_ridge","1013",2016,30.9,37.4412792074381,2015,TRUE
1,"panel_ridge","1001",2017,45.3,35.2466835364871,2016,TRUE
1,"panel_ridge","1005",2017,39.2,36.9303810163151,2016,TRUE
1,"panel_ridge","1009",2017,35.4,34.3875412564128,2016,TRUE
1,"panel_ridge","1013",2017,33.1,33.9365879440023,2016,TRUE
1,"panel_ridge","1001",2018,38,31.9005862649169,2017,TRUE
1,"panel_ridge","1005",2018,22.2,32.0390285303054,2017,TRUE
1,"panel_ridge","1009",2018,31.1,33.143851596593,2017,TRUE
1,"panel_ridge","1013",2018,29.7,33.4533930954087,2017,TRUE
1,"hierarchical","1001",2012,40.5,38.2214077336802,2011,TRUE
1,"hierarchical","1005",2012,34.3,38.8155895906604,2011,TRUE
1,"hierarchical","1009",2012,31.9,38.0996034929737,2011,TRUE
1,"hierarchical","1013",2012,29.8,37.0562487627846,2011,TRUE
1,"hierarchical","1001",2013,40,31.9781456246487,2012,TRUE
1,"hierarchical","1005",2013,40.1,30.4386897510755,2012,TRUE
1,"hierarchical","1009",2013,29.2,28.3022969630628,2012,TRUE
1,"hierarchical","1013",2013,29.7,29.3241777259662,2012,TRUE
1,"hierarchical","1001",2014,46.4,35.7777578224081,2013,TRUE
1,"hierarchical","1005",2014,44.1,36.1206934817459,2013,TRUE
1,"hierarchical","1009",2014,34.9,37.5565845065891,2013,TRUE
1,"hierarchical","1013",2014,34.5,36.8420965230418,2013,TRUE
1,"hierarchical","1001",2015,42.9,38.372543542554,2014,TRUE
1,"hierarchical","1005",2015,34.2,35.9946566615475,2014,TRUE
1,"hierarchical","1009",2015,32,37.0833009275831,2014,TRUE
1,"hierarchical","1013",2015,31.7,37.6830051897588,2014,TRUE
1,"hierarchical","1001",2016,44.6,40.0613217157642,2015,TRUE
1,"hierarchical","1005",2016,35.8,42.1758259254387,2015,TRUE
1,"hierarchical","1009",2016,34,39.9840581128306,2015,TRUE
1,"hierarchical","1013",2016,30.9,40.5326018232739,2015,TRUE
1,"hierarchical","1001",2017,45.3,35.4609367248663,2016,TRUE
1,"hierarchical","1005",2017,39.2,36.3360690262296,2016,TRUE
1,"hierarchical","1009",2017,35.4,34.4649353683229,2016,TRUE
1,"hierarchical","1013",2017,33.1,33.6960911141354,2016,TRUE
1,"hierarchical","1001",2018,38,34.3815463689949,2017,TRUE
1,"hierarchical","1005",2018,22.2,33.5483112719575,2017,TRUE
1,"hierarchical","1009",2018,31.1,34.9743949610428,2017,TRUE
1,"hierarchical","1013",2018,29.7,34.3200352460313,2017,TRUE
1,"stress_lag","1001",2012,40.5,31.4671591474909,2011,TRUE
1,"stress_lag","1005",2012,34.3,31.4897724008431,2011,TRUE
1,"stress_lag","1009",2012,31.9,31.4805256714084,2011,TRUE
1,"stress_lag","1013",2012,29.8,31.4821316080299,2011,TRUE
1,"stress_lag","1001",2013,40,32.0231169111565,2012,TRUE
1,"stress_lag","1005",2013,40.1,32.0228524584729,2012,TRUE
1,"stress_lag","1009",2013,29.2,32.0761915963719,2012,TRUE
1,"stress_lag","1013",2013,29.7,32.009595226776,2012,TRUE
1,"stress_lag","1001",2014,46.4,32.4890203161852,2013,TRUE
1,"stress_lag","1005",2014,44.1,32.362514986155,2013,TRUE
1,"stress_lag","1009",2014,34.9,32.3601327691642,2013,TRUE
1,"stress_lag","1013",2014,34.5,32.3731546238117,2013,TRUE
1,"stress_lag","1001",2015,42.9,34.805920657483,2014,TRUE
1,"stress_lag","1005",2015,34.2,33.8123547446736,2014,TRUE
1,"stress_lag","1009",2015,32,33.3749504569217,2014,TRUE
1,"stress_lag","1013",2015,31.7,33.2977246685101,2014,TRUE
1,"stress_lag","1001",2016,44.6,33.5835459179167,2015,TRUE
1,"stress_lag","1005",2016,35.8,33.437922644569,2015,TRUE
1,"stress_lag","1009",2016,34,33.5286032272512,2015,TRUE
1,"stress_lag","1013",2016,30.9,33.5130984771002,2015,TRUE
1,"stress_lag","1001",2017,45.3,33.8048121157854,2016,TRUE
1,"stress_lag","1005",2017,39.2,33.8774507773272,2016,TRUE
1,"stress_lag","1009",2017,35.4,33.7678300437222,2016,TRUE
1,"stress_lag","1013",2017,33.1,33.767251716615,2016,TRUE
1,"stress_lag","1001",2018,38,34.2807814435582,2017,TRUE
1,"stress_lag","1005",2018,22.2,34.2524665572119,2017,TRUE
1,"stress_lag","1009",2018,31.1,34.339288273592,2017,TRUE
1,"stress_lag","1013",2018,29.7,34.2586339792752,2017,TRUE
1,"pooled_trend","1001",2012,40.5,33.7368589743587,2011,TRUE
1,"pooled_trend","1005",2012,34.3,33.7368589743587,2011,TRUE
1,"pooled_trend","1009",2012,31.9,33.7368589743587,2011,TRUE
1,"pooled_trend","1013",2012,29.8,33.7368589743587,2011,TRUE
1,"pooled_trend","1001",2013,40,34.6048534798532,2012,TRUE
1,"pooled_trend","1005",2013,40.1,34.6048534798532,2012,TRUE
1,"pooled_trend","1009",2013,29.2,34.6048534798532,2012,TRUE
1,"pooled_trend","1013",2013,29.7,34.6048534798532,2012,TRUE
1,"pooled_trend","1001",2014,46.4,35.2407936507935,2013,TRUE
1,"pooled_trend","1005",2014,44.1,35.2407936507935,2013,TRUE
1,"pooled_trend","1009",2014,34.9,35.2407936507935,2013,TRUE
1,"pooled_trend","1013",2014,34.5,35.2407936507935,2013,TRUE
1,"pooled_trend","1001",2015,42.9,36.8502083333356,2014,TRUE
1,"pooled_trend","1005",2015,34.2,36.8502083333356,2014,TRUE
1,"pooled_trend","1009",2015,32,36.8502083333356,2014,TRUE
1,"pooled_trend","1013",2015,31.7,36.8502083333356,2014,TRUE
1,"pooled_trend","1001",2016,44.6,36.8337622549011,2015,TRUE
1,"pooled_trend","1005",2016,35.8,36.8337622549011,2015,TRUE
1,"pooled_trend","1009",2016,34,36.8337622549011,2015,TRUE
1,"pooled_trend","1013",2016,30.9,36.8337622549011,2015,TRUE
1,"pooled_trend","1001",2017,45.3,37.3210784313719,2016,TRUE
1,"pooled_trend","1005",2017,39.2,37.3210784313719,2016,TRUE
1,"pooled_trend","1009",2017,35.4,37.3210784313719,2016,TRUE
1,"pooled_trend","1013",2017,33.1,37.3210784313719,2016,TRUE
1,"pooled_trend","1001",2018,38,38.106432748539,2017,TRUE
1,"pooled_trend","1005",2018,22.2,38.106432748539,2017,TRUE
1,"pooled_trend","1009",2018,31.1,38.106432748539,2017,TRUE
1,"pooled_trend","1013",2018,29.7,38.106432748539,2017,TRUE
2,"panel_ridge","1002",2012,36.5,32.3911000371382,2011,TRUE
2,"panel_ridge","1006",2012,35.6,29.5581541969193,2011,TRUE
2,"panel_ridge","1010",2012,29.5,31.1534728844984,2011,TRUE
2,"panel_ridge","1014",2012,33.7,31.45699314733,2011,TRUE
2,"panel_ridge","1002",2013,37.9,28.5105984793822,2012,TRUE
2,"panel_ridge","1006",2013,31.5,28.9636026907937,2012,TRUE
2,"panel_ridge","1010",2013,29.6,23.482304863731,2012,TRUE
2,"panel_ridge","1014",2013,35.6,24.4516032779254,2012,TRUE
2,"panel_ridge","1002",2014,40.2,35.2816384494409,2013,TRUE
2,"panel_ridge","1006",2014,37.9,37.7633833440605,2013,TRUE
2,"panel_ridge","1010",2014,31.7,39.4796429555203,2013,TRUE
2,"panel_ridge","1014",2014,37.4,37.0694866350178,2013,TRUE
2,"panel_ridge","1002",2015,32,38.3762560323874,2014,TRUE
2,"panel_ridge","1006",2015,33.7,38.8359808229924,2014,TRUE
2,"panel_ridge","1010",2015,26.8,37.9627168164067,2014,TRUE
2,"panel_ridge","1014",2015,31.4,37.5855453178039,2014,TRUE
2,"panel_ridge","1002",2016,36,37.7385860479212,2015,TRUE
2,"panel_ridge","1006",2016,36.7,39.8668909320178,2015,TRUE
2,"panel_ridge","1010",2016,28.5,37.2037979745049,2015,TRUE
2,"panel_ridge","1014",2016,33.1,38.41963227103,2015,TRUE
2,"panel_ridge","1002",2017,40.1,37.1446941197456,2016,TRUE
2,"panel_ridge","1006",2017,37.7,33.0074078840711,2016,TRUE
2,"panel_ridge","1010",2017,31,36.0279510080845,2016,TRUE
2,"panel_ridge","1014",2017,31.6,36.1535831022599,2016,TRUE
2,"panel_ridge","1002",2018,30,31.4833635731994,2017,TRUE
2,"panel_ridge","1006",2018,34.9,36.0690256833754,2017,TRUE
2,"panel_ridge","1010",2018,24.7,31.9171343600074,2017,TRUE
2,"panel_ridge","1014",2018,27,33.8390482562707,2017,TRUE
2,"hierarchical","1002",2012,36.5,31.549218478893,2011,TRUE
2,"hierarchical","1006",2012,35.6,31.1051740473179,2011,TRUE
2,"hierarchical","1010",2012,29.5,28.7655867033189,2011,TRUE
2,"hierarchical","1014",2012,33.7,29.0820750827819,2011,TRUE
2,"hierarchical","1002",2013,37.9,26.921751646726,2012,TRUE
2,"hierarchical","1006",2013,31.5,30.7948432425883,2012,TRUE
2,"hierarchical","1010",2013,29.6,21.5080882473457,2012,TRUE
2,"hierarchical","1014",2013,35.6,22.1901666015613,2012,TRUE
2,"hierarchical","1002",2014,40.2,34.7137867942067,2013,TRUE
2,"hierarchical","1006",2014,37.9,40.2608400331872,2013,TRUE
2,"hierarchical","1010",2014,31.7,36.5216161508229,2013,TRUE
2,"hierarchical","1014",2014,37.4,33.6417731772492,2013,TRUE
2,"hierarchical","1002",2015,32,38.0700019111993,2014,TRUE
2,"hierarchical","1006",2015,33.7,39.1590987491355,2014,TRUE
2,"hierarchical","1010",2015,26.8,35.7309091084657,2014,TRUE
2,"hierarchical","1014",2015,31.4,34.976275830636,2014,TRUE
2,"hierarchical","1002",2016,36,40.6528176359878,2015,TRUE
2,"hierarchical","1006",2016,36.7,43.1537283691337,2015,TRUE
2,"hierarchical","1010",2016,28.5,38.3918852763617,2015,TRUE
2,"hierarchical","1014",2016,33.1,39.6326838010335,2015,TRUE
2,"hierarchical","1002",2017,40.1,35.9989795640872,2016,TRUE
2,"hierarchical","1006",2017,37.7,32.9758092879226,2016,TRUE
2,"hierarchical","1010",2017,31,32.7303368023426,2016,TRUE
2,"hierarchical","1014",2017,31.6,32.9682779399197,2016,TRUE
2,"hierarchical","1002",2018,30,31.1239146349334,2017,TRUE
2,"hierarchical","1006",2018,34.9,38.2706538301539,2017,TRUE
2,"hierarchical","1010",2018,24.7,30.2617157399703,2017,TRUE
2,"hierarchical","1014",2018,27,32.2525703087906,2017,TRUE
2,"stress_lag","1002",2012,36.5,31.5410191791931,2011,TRUE
2,"stress_lag","1006",2012,35.6,31.5294598044507,2011,TRUE
2,"stress_lag","1010",2012,29.5,31.5611555611397,2011,TRUE
2,"stress_lag","1014",2012,33.7,31.585866036163,2011,TRUE
2,"stress_lag","1002",2013,37.9,32.0847614574563,2012,TRUE
2,"stress_lag","1006",2013,31.5,32.0888417699987,2012,TRUE
2,"stress_lag","1010",2013,29.6,32.1019787911558,2012,TRUE
2,"stress_lag","1014",2013,35.6,32.1079895305366,2012,TRUE
2,"stress_lag","1002",2014,40.2,32.501302874628,2013,TRUE
2,"stress_lag","1006",2014,37.9,32.4776948754977,2013,TRUE
2,"stress_lag","1010",2014,31.7,32.5440246798893,2013,TRUE
2,"stress_lag","1014",2014,37.4,32.5594880356303,2013,TRUE
2,"stress_lag","1002",2015,32,33.4966519703599,2014,TRUE
2,"stress_lag","1006",2015,33.7,33.4831616366756,2014,TRUE
2,"stress_lag","1010",2015,26.8,33.502855756068,2014,TRUE
2,"stress_lag","1014",2015,31.4,33.5039706875876,2014,TRUE
2,"stress_lag","1002",2016,36,33.7629837795265,2015,TRUE
2,"stress_lag","1006",2016,36.7,33.8878884569154,2015,TRUE
2,"stress_lag","1010",2016,28.5,33.7359103084239,2015,TRUE
2,"stress_lag","1014",2016,33.1,33.7152314162981,2015,TRUE
2,"stress_lag","1002",2017,40.1,34.1536122813917,2016,TRUE
2,"stress_lag","1006",2017,37.7,34.0776186067128,2016,TRUE
2,"stress_lag","1010",2017,31,34.0685246672569,2016,TRUE
2,"stress_lag","1014",2017,31.6,34.0367606484981,2016,TRUE
2,"stress_lag","1002",2018,30,34.6066668808652,2017,TRUE
2,"stress_lag","1006",2018,34.9,34.8655834534164,2017,TRUE
2,"stress_lag","1010",2018,24.7,34.5575211219529,2017,TRUE
2,"stress_lag","1014",2018,27,34.5839488690742,2017,TRUE
2,"pooled_trend","1002",2012,36.5,33.4384615384613,2011,TRUE
2,"pooled_trend","1006",2012,35.6,33.4384615384613,2011,TRUE
2,"pooled_trend","1010",2012,29.5,33.4384615384613,2011,TRUE
2,"pooled_trend","1014",2012,33.7,33.4384615384613,2011,TRUE
2,"pooled_trend","1002",2013,37.9,34.3545787545786,2012,TRUE
2,"pooled_trend","1006",2013,31.5,34.3545787545786,2012,TRUE
2,"pooled_trend","1010",2013,29.6,34.3545787545786,2012,TRUE
2,"pooled_trend","1014",2013,35.6,34.3545787545786,2012,TRUE
2,"pooled_trend","1002",2014,40.2,35.1007142857144,2013,TRUE
2,"pooled_trend","1006",2014,37.9,35.1007142857144,2013,TRUE
2,"pooled_trend","1010",2014,31.7,35.1007142857144,2013,TRUE
2,"pooled_trend","1014",2014,37.4,35.1007142857144,2013,TRUE
2,"pooled_trend","1002",2015,32,36.9708333333349,2014,TRUE
2,"pooled_trend","1006",2015,33.7,36.9708333333349,2014,TRUE
2,"pooled_trend","1010",2015,26.8,36.9708333333349,2014,TRUE
2,"pooled_trend","1014",2015,31.4,36.9708333333349,2014,TRUE
2,"pooled_trend","1002",2016,36,37.2449142156859,2015,TRUE
2,"pooled_trend","1006",2016,36.7,37.2449142156859,2015,TRUE
2,"pooled_trend","1010",2016,28.5,37.2449142156859,2015,TRUE
2,"pooled_trend","1014",2016,33.1,37.2449142156859,2015,TRUE
2,"pooled_trend","1002",2017,40.1,37.8573529411763,2016,TRUE
2,"pooled_trend","1006",2017,37.7,37.8573529411763,2016,TRUE
2,"pooled_trend","1010",2017,31,37.8573529411763,2016,TRUE
2,"pooled_trend","1014",2017,31.6,37.8573529411763,2016,TRUE
2,"pooled_trend","1002",2018,30,38.7725146198839,2017,TRUE
2,"pooled_trend","1006",2018,34.9,38.7725146198839,2017,TRUE
2,"pooled_trend","1010",2018,24.7,38.7725146198839,2017,TRUE
2,"pooled_trend","1014",2018,27,38.7725146198839,2017,TRUE
3,"panel_ridge","1003",2012,31.8,33.9473235606973,2011,TRUE
3,"panel_ridge","1007",2012,31.2,36.3563472624351,2011,TRUE
3,"panel_ridge","1011",2012,34.8,37.0756396780825,2011,TRUE
3,"panel_ridge","1015",2012,38.6,36.1181630661051,2011,TRUE
3,"panel_ridge","1003",2013,30.2,28.0418029096809,2012,TRUE
3,"panel_ridge","1007",2013,32,30.5857309967346,2012,TRUE
3,"panel_ridge","1011",2013,37.4,30.2274395603528,2012,TRUE
3,"panel_ridge","1015",2013,39.2,30.0679036826294,2012,TRUE
3,"panel_ridge","1003",2014,36.3,36.6143293010157,2013,TRUE
3,"panel_ridge","1007",2014,33.3,36.2613642797385,2013,TRUE
3,"panel_ridge","1011",2014,40.6,38.0322751576372,2013,TRUE
3,"panel_ridge","1015",2014,43.6,34.8900483138451,2013,TRUE
3,"panel_ridge","1003",2015,30.4,37.3595605420887,2014,TRUE
3,"panel_ridge","1007",2015,26.7,37.9609755804048,2014,TRUE
3,"panel_ridge","1011",2015,36.8,37.608735304947,2014,TRUE
3,"panel_ridge","1015",2015,37.3,37.7141500214425,2014,TRUE
3,"panel_ridge","1003",2016,31,38.3504982851474,2015,TRUE
3,"panel_ridge","1007",2016,31,38.6006310889776,2015,TRUE
3,"panel_ridge","1011",2016,36,40.3153500295715,2015,TRUE
3,"panel_ridge","1015",2016,38,37.2944677390057,2015,TRUE
3,"panel_ridge","1003",2017,34.1,35.5027743849765,2016,TRUE
3,"panel_ridge","1007",2017,32,38.3265125044692,2016,TRUE
3,"panel_ridge","1011",2017,38.6,37.0530114764566,2016,TRUE
3,"panel_ridge","1015",2017,42.1,36.7298917560729,2016,TRUE
3,"panel_ridge","1003",2018,28.1,34.2455814639921,2017,TRUE
3,"panel_ridge","1007",2018,27.7,32.2297958452553,2017,TRUE
3,"panel_ridge","1011",2018,28.7,32.8681138569993,2017,TRUE
3,"panel_ridge","1015",2018,28.4,31.9138471278436,2017,TRUE
3,"hierarchical","1003",2012,31.8,34.6902857869175,2011,TRUE
3,"hierarchical","1007",2012,31.2,37.2676641085964,2011,TRUE
3,"hierarchical","1011",2012,34.8,34.426219638324,2011,TRUE
3,"hierarchical","1015",2012,38.6,36.7518888234178,2011,TRUE
3,"hierarchical","1003",2013,30.2,29.05270355581,2012,TRUE
3,"hierarchical","1007",2013,32,30.7663001007976,2012,TRUE
3,"hierarchical","1011",2013,37.4,27.7343560743869,2012,TRUE
3,"hierarchical","1015",2013,39.2,30.4585597529158,2012,TRUE
3,"hierarchical","1003",2014,36.3,35.9953589609316,2013,TRUE
3,"hierarchical","1007",2014,33.3,36.4708341584442,2013,TRUE
3,"hierarchical","1011",2014,40.6,34.5786000752025,2013,TRUE
3,"hierarchical","1015",2014,43.6,34.6190528355513,2013,TRUE
3,"hierarchical","1003",2015,30.4,36.4974593969929,2014,TRUE
3,"hierarchical","1007",2015,26.7,36.8447189821234,2014,TRUE
3,"hierarchical","1011",2015,36.8,35.3493617201299,2014,TRUE
3,"hierarchical","1015",2015,37.3,37.2873584804704,2014,TRUE
3,"hierarchical","1003",2016,31,40.7216184788962,2015,TRUE
3,"hierarchical","1007",2016,31,41.5658820193365,2015,TRUE
3,"hierarchical","1011",2016,36,41.2435276831646,2015,TRUE
3,"hierarchical","1015",2016,38,40.3658512295432,2015,TRUE
3,"hierarchical","1003",2017,34.1,34.978323868897,2016,TRUE
3,"hierarchical","1007",2017,32,37.7137328894356,2016,TRUE
3,"hierarchical","1011",2017,38.6,35.1664299077722,2016,TRUE
3,"hierarchical","1015",2017,42.1,36.0100170717065,2016,TRUE
3,"hierarchical","1003",2018,28.1,35.1146423678244,2017,TRUE
3,"hierarchical","1007",2018,27.7,33.6898724008691,2017,TRUE
3,"hierarchical","1011",2018,28.7,32.0399342413578,2017,TRUE
3,"hierarchical","1015",2018,28.4,33.2026631384994,2017,TRUE
3,"stress_lag","1003",2012,31.8,31.2273690200122,2011,TRUE
3,"stress_lag","1007",2012,31.2,31.5149538095048,2011,TRUE
3,"stress_lag","1011",2012,34.8,31.3229812648221,2011,TRUE
3,"stress_lag","1015",2012,38.6,31.4239040109968,2011,TRUE
3,"stress_lag","1003",2013,30.2,31.7297389166481,2012,TRUE
3,"stress_lag","1007",2013,32,31.7106286533887,2012,TRUE
3,"stress_lag","1011",2013,37.4,31.6036509354349,2012,TRUE
3,"stress_lag","1015",2013,39.2,31.6988180166149,2012,TRUE
3,"stress_lag","1003",2014,36.3,32.387898809395,2013,TRUE
3,"stress_lag","1007",2014,33.3,32.6895686793404,2013,TRUE
3,"stress_lag","1011",2014,40.6,32.4177781394855,2013,TRUE
3,"stress_lag","1015",2014,43.6,32.4683195179726,2013,TRUE
3,"stress_lag","1003",2015,30.4,33.2061149618809,2014,TRUE
3,"stress_lag","1007",2015,26.7,33.2832625689378,2014,TRUE
3,"stress_lag","1011",2015,36.8,33.1187003390805,2014,TRUE
3,"stress_lag","1015",2015,37.3,33.278455540046,2014,TRUE
3,"stress_lag","1003",2016,31,33.7093343985378,2015,TRUE
3,"stress_lag","1007",2016,31,33.5534586940988,2015,TRUE
3,"stress_lag","1011",2016,36,33.5336730474353,2015,TRUE
3,"stress_lag","1015",2016,38,33.5142292751793,2015,TRUE
3,"stress_lag","1003",2017,34.1,33.5532461220059,2016,TRUE
3,"stress_lag","1007",2017,32,33.6744141818333,2016,TRUE
3,"stress_lag","1011",2017,38.6,33.6889743618029,2016,TRUE
3,"stress_lag","1015",2017,42.1,33.6284089561222,2016,TRUE
3,"stress_lag","1003",2018,28.1,34.3008056360308,2017,TRUE
3,"stress_lag","1007",2018,27.7,34.1163781523646,2017,TRUE
3,"stress_lag","1011",2018,28.7,33.9812491071729,2017,TRUE
3,"stress_lag","1015",2018,28.4,33.7760243571485,2017,TRUE
3,"pooled_trend","1003",2012,31.8,33.5477564102562,2011,TRUE
3,"pooled_trend","1007",2012,31.2,33.5477564102562,2011,TRUE
3,"pooled_trend","1011",2012,34.8,33.5477564102562,2011,TRUE
3,"pooled_trend","1015",2012,38.6,33.5477564102562,2011,TRUE
3,"pooled_trend","1003",2013,30.2,34.4625457875455,2012,TRUE
3,"pooled_trend","1007",2013,32,34.4625457875455,2012,TRUE
3,"pooled_trend","1011",2013,37.4,34.4625457875455,2012,TRUE
3,"pooled_trend","1015",2013,39.2,34.4625457875455,2012,TRUE
3,"pooled_trend","1003",2014,36.3,35.1369047619047,2013,TRUE
3,"pooled_trend","1007",2014,33.3,35.1369047619047,2013,TRUE
3,"pooled_trend","1011",2014,40.6,35.1369047619047,2013,TRUE
3,"pooled_trend","1015",2014,43.6,35.1369047619047,2013,TRUE
3,"pooled_trend","1003",2015,30.4,36.8993750000016,2014,TRUE
3,"pooled_trend","1007",2015,26.7,36.8993750000016,2014,TRUE
3,"pooled_trend","1011",2015,36.8,36.8993750000016,2014,TRUE
3,"pooled_trend","1015",2015,37.3,36.8993750000016,2014,TRUE
3,"pooled_trend","1003",2016,31,37.0731004901954,2015,TRUE
3,"pooled_trend","1007",2016,31,37.0731004901954,2015,TRUE
3,"pooled_trend","1011",2016,36,37.0731004901954,2015,TRUE
3,"pooled_trend","1015",2016,38,37.0731004901954,2015,TRUE
3,"pooled_trend","1003",2017,34.1,37.7076797385619,2016,TRUE
3,"pooled_trend","1007",2017,32,37.7076797385619,2016,TRUE
3,"pooled_trend","1011",2017,38.6,37.7076797385619,2016,TRUE
3,"pooled_trend","1015",2017,42.1,37.7076797385619,2016,TRUE
3,"pooled_trend","1003",2018,28.1,38.5580409356733,2017,TRUE
3,"pooled_trend","1007",2018,27.7,38.5580409356733,2017,TRUE
3,"pooled_trend","1011",2018,28.7,38.5580409356733,2017,TRUE
3,"pooled_trend","1015",2018,28.4,38.5580409356733,2017,TRUE
4,"panel_ridge","1004",2012,32.8,31.4755159338197,2011,TRUE
4,"panel_ridge","1008",2012,46.5,32.3355381850112,2011,TRUE
4,"panel_ridge","1012",2012,35.5,31.4074407033364,2011,TRUE
4,"panel_ridge","1016",2012,37.2,32.7531687525693,2011,TRUE
4,"panel_ridge","1004",2013,32.3,28.6235916373698,2012,TRUE
4,"panel_ridge","1008",2013,42.3,32.2950742470642,2012,TRUE
4,"panel_ridge","1012",2013,32.8,32.2376366569003,2012,TRUE
4,"panel_ridge","1016",2013,42.2,30.7890773025638,2012,TRUE
4,"panel_ridge","1004",2014,35.6,35.9015707370689,2013,TRUE
4,"panel_ridge","1008",2014,52.1,35.7415003717765,2013,TRUE
4,"panel_ridge","1012",2014,38.7,35.7125920473385,2013,TRUE
4,"panel_ridge","1016",2014,49.7,34.478506724503,2013,TRUE
4,"panel_ridge","1004",2015,34.2,34.1608495109081,2014,TRUE
4,"panel_ridge","1008",2015,43.8,35.8286176460128,2014,TRUE
4,"panel_ridge","1012",2015,33.2,35.5349471159241,2014,TRUE
4,"panel_ridge","1016",2015,45.5,33.9354884328355,2014,TRUE
4,"panel_ridge","1004",2016,38.1,36.6532750922268,2015,TRUE
4,"panel_ridge","1008",2016,52.4,36.8744230410224,2015,TRUE
4,"panel_ridge","1012",2016,37.7,37.1165000703173,2015,TRUE
4,"panel_ridge","1016",2016,41.2,37.4298106504511,2015,TRUE
4,"panel_ridge","1004",2017,40.3,33.3056070537958,2016,TRUE
4,"panel_ridge","1008",2017,51.3,33.1972547707119,2016,TRUE
4,"panel_ridge","1012",2017,39.6,33.34831758071,2016,TRUE
4,"panel_ridge","1016",2017,44.2,36.1096366336022,2016,TRUE
4,"panel_ridge","1004",2018,36.9,33.1644151598246,2017,TRUE
4,"panel_ridge","1008",2018,44.3,34.890017634245,2017,TRUE
4,"panel_ridge","1012",2018,34.7,35.9975492235046,2017,TRUE
4,"panel_ridge","1016",2018,30,33.2994206711671,2017,TRUE
4,"hierarchical","1004",2012,32.8,34.5986079019527,2011,TRUE
4,"hierarchical","1008",2012,46.5,35.4933776809754,2011,TRUE
4,"hierarchical","1012",2012,35.5,32.3065265817111,2011,TRUE
4,"hierarchical","1016",2012,37.2,34.4692928903186,2011,TRUE
4,"hierarchical","1004",2013,32.3,23.1466701745805,2012,TRUE
4,"hierarchical","1008",2013,42.3,30.2342273603203,2012,TRUE
4,"hierarchical","1012",2013,32.8,29.2453672708435,2012,TRUE
4,"hierarchical","1016",2013,42.2,26.3166080659194,2012,TRUE
4,"hierarchical","1004",2014,35.6,36.2427342056792,2013,TRUE
4,"hierarchical","1008",2014,52.1,37.7667696201142,2013,TRUE
4,"hierarchical","1012",2014,38.7,37.4516303970953,2013,TRUE
4,"hierarchical","1016",2014,49.7,35.0965060791526,2013,TRUE
4,"hierarchical","1004",2015,34.2,35.4430835077798,2014,TRUE
4,"hierarchical","1008",2015,43.8,37.6803839778984,2014,TRUE
4,"hierarchical","1012",2015,33.2,37.042594381103,2014,TRUE
4,"hierarchical","1016",2015,45.5,35.2015544995788,2014,TRUE
4,"hierarchical","1004",2016,38.1,38.9513687503362,2015,TRUE
4,"hierarchical","1008",2016,52.4,40.1090861406727,2015,TRUE
4,"hierarchical","1012",2016,37.7,39.6690365221759,2015,TRUE
4,"hierarchical","1016",2016,41.2,40.6563350674017,2015,TRUE
4,"hierarchical","1004",2017,40.3,32.3297703030518,2016,TRUE
4,"hierarchical","1008",2017,51.3,33.0995330910649,2016,TRUE
4,"hierarchical","1012",2017,39.6,32.7047528565018,2016,TRUE
4,"hierarchical","1016",2017,44.2,36.9980328895994,2016,TRUE
4,"hierarchical","1004",2018,36.9,31.0145064838283,2017,TRUE
4,"hierarchical","1008",2018,44.3,34.1017756301953,2017,TRUE
4,"hierarchical","1012",2018,34.7,35.2534778573376,2017,TRUE
4,"hierarchical","1016",2018,30,30.3732960936264,2017,TRUE
4,"stress_lag","1004",2012,32.8,30.1433668242549,2011,TRUE
4,"stress_lag","1008",2012,46.5,30.093040449758,2011,TRUE
4,"stress_lag","1012",2012,35.5,30.1426689324824,2011,TRUE
4,"stress_lag","1016",2012,37.2,30.17251743289,2011,TRUE
4,"stress_lag","1004",2013,32.3,30.7082567457399,2012,TRUE
4,"stress_lag","1008",2013,42.3,30.7176763691308,2012,TRUE
4,"stress_lag","1012",2013,32.8,30.7345944110372,2012,TRUE
4,"stress_lag","1016",2013,42.2,30.7276862434614,2012,TRUE
4,"stress_lag","1004",2014,35.6,31.0953904027185,2013,TRUE
4,"stress_lag","1008",2014,52.1,31.0047457490965,2013,TRUE
4,"stress_lag","1012",2014,38.7,31.0844937986514,2013,TRUE
4,"stress_lag","1016",2014,49.7,31.1551639830619,2013,TRUE
4,"stress_lag","1004",2015,34.2,31.999867950368,2014,TRUE
4,"stress_lag","1008",2015,43.8,32.5878743599537,2014,TRUE
4,"stress_lag","1012",2015,33.2,32.025768477325,2014,TRUE
4,"stress_lag","1016",2015,45.5,32.0196076382087,2014,TRUE
4,"stress_lag","1004",2016,38.1,32.1111326151752,2015,TRUE
4,"stress_lag","1008",2016,52.4,32.1711939142771,2015,TRUE
4,"stress_lag","1012",2016,37.7,32.1316064871746,2015,TRUE
4,"stress_lag","1016",2016,41.2,32.1540000007562,2015,TRUE
4,"stress_lag","1004",2017,40.3,32.4012547054855,2016,TRUE
4,"stress_lag","1008",2017,51.3,32.4209706632167,2016,TRUE
4,"stress_lag","1012",2017,39.6,32.4252577413084,2016,TRUE
4,"stress_lag","1016",2017,44.2,32.4773010686335,2016,TRUE
4,"stress_lag","1004",2018,36.9,32.8142875914394,2017,TRUE
4,"stress_lag","1008",2018,44.3,33.362633848149,2017,TRUE
4,"stress_lag","1012",2018,34.7,32.8478992840678,2017,TRUE
4,"stress_lag","1016",2018,30,32.8129040514101,2017,TRUE
4,"pooled_trend","1004",2012,32.8,32.1730769230769,2011,TRUE
4,"pooled_trend","1008",2012,46.5,32.1730769230769,2011,TRUE
4,"pooled_trend","1012",2012,35.5,32.1730769230769,2011,TRUE
4,"pooled_trend","1016",2012,37.2,32.1730769230769,2011,TRUE
4,"pooled_trend","1004",2013,32.3,33.071978021978,2012,TRUE
4,"pooled_trend","1008",2013,42.3,33.071978021978,2012,TRUE
4,"pooled_trend","1012",2013,32.8,33.071978021978,2012,TRUE
4,"pooled_trend","1016",2013,42.2,33.071978021978,2012,TRUE
4,"pooled_trend","1004",2014,35.6,33.8420634920635,2013,TRUE
4,"pooled_trend","1008",2014,52.1,33.8420634920635,2013,TRUE
4,"pooled_trend","1012",2014,38.7,33.8420634920635,2013,TRUE
4,"pooled_trend","1016",2014,49.7,33.8420634920635,2013,TRUE
4,"pooled_trend","1004",2015,34.2,35.4408333333347,2014,TRUE
4,"pooled_trend","1008",2015,43.8,35.4408333333347,2014,TRUE
4,"pooled_trend","1012",2015,33.2,35.4408333333347,2014,TRUE
4,"pooled_trend","1016",2015,45.5,35.4408333333347,2014,TRUE
4,"pooled_trend","1004",2016,38.1,35.4224877450977,2015,TRUE
4,"pooled_trend","1008",2016,52.4,35.4224877450977,2015,TRUE
4,"pooled_trend","1012",2016,37.7,35.4224877450977,2015,TRUE
4,"pooled_trend","1016",2016,41.2,35.4224877450977,2015,TRUE
4,"pooled_trend","1004",2017,40.3,35.7570261437907,2016,TRUE
4,"pooled_trend","1008",2017,51.3,35.7570261437907,2016,TRUE
4,"pooled_trend","1012",2017,39.6,35.7570261437907,2016,TRUE
4,"pooled_trend","1016",2017,44.2,35.7570261437907,2016,TRUE
4,"pooled_trend","1004",2018,36.9,36.4480994152052,2017,TRUE
4,"pooled_trend","1008",2018,44.3,36.4480994152052,2017,TRUE
4,"pooled_trend","1012",2018,34.7,36.4480994152052,2017,TRUE
4,"pooled_trend","1016",2018,30,36.4480994152052,2017,TRUE
