"Fold","Method","Candidate","Parameters","N","RMSE","MAE","Bias","R2","Cor_R2"
1,"panel_ridge",1,"lambda=10;smooth_ratio=0",48,3.96845874306739,3.16446168099681,1.81154526658337,0.331293384910877,0.483691088178215
1,"panel_ridge",2,"lambda=100;smooth_ratio=0",48,4.05813094832882,3.4382020971397,1.94806655079996,0.300731453734958,0.534671808949958
1,"panel_ridge",3,"lambda=1000;smooth_ratio=0",48,4.48370912005625,3.79601314262054,1.27886760128024,0.146375757727608,0.223877689116756
1,"panel_ridge",4,"lambda=10000;smooth_ratio=0",48,4.5163921400972,3.81695032392954,0.564210483793782,0.133885785977392,0.147667246683454
1,"panel_ridge",5,"lambda=10;smooth_ratio=10",48,4.92609476216708,3.89117910239843,3.5788253372159,-0.0303799616463329,0.514610180511156
1,"panel_ridge",6,"lambda=100;smooth_ratio=10",48,4.58441685584438,3.87961824942492,2.7886521741172,0.107598931829417,0.484210148232146
1,"panel_ridge",7,"lambda=1000;smooth_ratio=10",48,4.55044263221157,3.84166393619412,1.42971854308729,0.120776743383499,0.217272745925435
1,"panel_ridge",8,"lambda=10000;smooth_ratio=10",48,4.52183890420096,3.82121383590136,0.582034214959632,0.131795460635307,0.146418787322849
1,"panel_ridge",9,"lambda=10;smooth_ratio=100",48,5.19248871392582,4.04739943858145,3.18009015156693,-0.144835275162617,0.329744188481982
1,"panel_ridge",10,"lambda=100;smooth_ratio=100",48,4.69128401421717,3.92514733978932,2.60281971703407,0.0655085489483377,0.369839460154173
1,"panel_ridge",11,"lambda=1000;smooth_ratio=100",48,4.59162280198019,3.86626373001939,1.40023006837438,0.10479131282486,0.195241247245473
1,"panel_ridge",12,"lambda=10000;smooth_ratio=100",48,4.52635733345286,3.82314870194956,0.579397718014612,0.130059493984647,0.144578052588056
1,"hierarchical",1,"lambda_global=10;lambda_region=30;smooth_ratio=0",48,3.47701942707331,2.71578230471322,1.92034725847039,0.486658808198673,0.645783017726323
1,"hierarchical",2,"lambda_global=100;lambda_region=300;smooth_ratio=0",48,3.94952088991511,3.32822860136676,1.96942891827554,0.337660416507256,0.598574325502813
1,"hierarchical",3,"lambda_global=1000;lambda_region=3000;smooth_ratio=0",48,4.49357451621544,3.80956504100148,1.29143643364139,0.142615207820538,0.21793028555562
1,"hierarchical",4,"lambda_global=10;lambda_region=300;smooth_ratio=0",48,3.7596348346124,2.92731641630532,1.95337201657875,0.399817663539337,0.562625256867
1,"hierarchical",5,"lambda_global=100;lambda_region=3000;smooth_ratio=0",48,3.87345386483514,3.23197058166172,1.97542113739788,0.36292779817888,0.607293185835391
1,"hierarchical",6,"lambda_global=1000;lambda_region=30000;smooth_ratio=0",48,4.51144217611897,3.82673452438594,1.29642925422659,0.135783267251856,0.209414367577862
1,"hierarchical",7,"lambda_global=10;lambda_region=30;smooth_ratio=10",48,4.63946337456387,3.9581978257775,3.54737080743431,0.0860395952067057,0.623421286608395
1,"hierarchical",8,"lambda_global=100;lambda_region=300;smooth_ratio=10",48,4.51052917400527,3.87093588906428,2.77165817937613,0.136133023198107,0.51601227217721
1,"hierarchical",9,"lambda_global=1000;lambda_region=3000;smooth_ratio=10",48,4.56159875182412,3.85862139812206,1.44235813551238,0.116460352907356,0.210523152843697
1,"hierarchical",10,"lambda_global=10;lambda_region=300;smooth_ratio=10",48,4.75223904404174,4.154724559623,3.40599641971734,0.0410666202246962,0.53525056366809
1,"hierarchical",11,"lambda_global=100;lambda_region=3000;smooth_ratio=10",48,4.49149993042797,3.89456227046988,2.69787453916863,0.143406696956871,0.477549124446175
1,"hierarchical",12,"lambda_global=1000;lambda_region=30000;smooth_ratio=10",48,4.58114106966234,3.88120012817719,1.4424547093341,0.108873803096703,0.200144839964178
1,"stress_lag",1,"lambda=10;smooth_ratio=0;threshold=0.75;temperature_variable=MAX;precipitation_variable=PCP",48,6.83107827968727,5.31544330315763,0.713389201356731,-0.981391996093868,0.0611530325429891
1,"stress_lag",2,"lambda=100;smooth_ratio=0;threshold=0.75;temperature_variable=MAX;precipitation_variable=PCP",48,11.417231398808,7.60460638682329,-2.53489269442469,-4.53494725367663,0.0129604296623156
1,"stress_lag",3,"lambda=1000;smooth_ratio=0;threshold=0.75;temperature_variable=MAX;precipitation_variable=PCP",48,7.17528428313483,5.63504115238521,-0.664592980815343,-1.18610040607024,0.000894865538982926
1,"stress_lag",4,"lambda=10000;smooth_ratio=0;threshold=0.75;temperature_variable=MAX;precipitation_variable=PCP",48,4.83822706823355,4.11138196489376,0.28603085308452,0.00605037579479506,0.063258346041134
1,"stress_lag",5,"lambda=10;smooth_ratio=10;threshold=0.75;temperature_variable=MAX;precipitation_variable=PCP",48,12.5003536962647,8.99134062636313,-0.734958906080809,-5.63493210532139,0.00415731651376547
1,"stress_lag",6,"lambda=100;smooth_ratio=10;threshold=0.75;temperature_variable=MAX;precipitation_variable=PCP",48,12.2752825062568,8.66731245544497,-1.96538240745523,-5.39815669241155,0.026070259268184
1,"stress_lag",7,"lambda=1000;smooth_ratio=10;threshold=0.75;temperature_variable=MAX;precipitation_variable=PCP",48,7.34197196334712,5.88308814141625,-0.488992659676466,-1.28884995532852,0.00521856309043001
1,"stress_lag",8,"lambda=10000;smooth_ratio=10;threshold=0.75;temperature_variable=MAX;precipitation_variable=PCP",48,4.83741917141378,4.11902700042631,0.327626619937308,0.00638229146765523,0.0617367473727712
1,"stress_lag",9,"lambda=10;smooth_ratio=100;threshold=0.75;temperature_variable=MAX;precipitation_variable=PCP",48,10.5553785960469,8.20811109867532,-0.538089282301388,-3.7308536162989,0.00185509147707625
1,"stress_lag",10,"lambda=100;smooth_ratio=100;threshold=0.75;temperature_variable=MAX;precipitation_variable=PCP",48,10.1509178811403,7.75578225732402,-1.22595256626231,-3.37524632806822,0.0173644891739844
1,"stress_lag",11,"lambda=1000;smooth_ratio=100;threshold=0.75;temperature_variable=MAX;precipitation_variable=PCP",48,6.46506688837591,5.42497500856141,-0.00303646852893717,-0.774753025186184,0.000709489423588701
1,"stress_lag",12,"lambda=10000;smooth_ratio=100;threshold=0.75;temperature_variable=MAX;precipitation_variable=PCP",48,4.74634690510485,4.0432834304404,0.405850514304195,0.0434430436019257,0.0789210574789564
2,"panel_ridge",1,"lambda=10;smooth_ratio=0",48,4.34050269235445,3.73503269765186,1.02233054790596,0.3246718683234,0.392684277622718
2,"panel_ridge",2,"lambda=100;smooth_ratio=0",48,4.5239036908597,3.70208089203808,1.5326990339243,0.266396351349846,0.379068504128633
2,"panel_ridge",3,"lambda=1000;smooth_ratio=0",48,5.07858304940735,4.19453467310292,1.15881607431188,0.075472361235437,0.124362557820359
2,"panel_ridge",4,"lambda=10000;smooth_ratio=0",48,5.05089324907899,4.18046770549017,0.581945572916219,0.0855264241361763,0.10071884902284
2,"panel_ridge",5,"lambda=10;smooth_ratio=10",48,4.96548666171722,3.99499163608652,3.61460703168078,0.116190998345078,0.585489876246029
2,"panel_ridge",6,"lambda=100;smooth_ratio=10",48,4.84160207473336,3.92389754470882,2.47485786548176,0.159741399873893,0.422200687152457
2,"panel_ridge",7,"lambda=1000;smooth_ratio=10",48,5.12576782247103,4.2296111768239,1.28334257774334,0.0582131066405182,0.117533881848456
2,"panel_ridge",8,"lambda=10000;smooth_ratio=10",48,5.05673783501049,4.18589600869893,0.59585279458712,0.0834088534712165,0.0991671360907661
2,"panel_ridge",9,"lambda=10;smooth_ratio=100",48,5.55861748236834,4.27201845524531,3.19059493497008,-0.107562796753154,0.303596479006424
2,"panel_ridge",10,"lambda=100;smooth_ratio=100",48,5.0930990269474,4.09793140389134,2.19215856678278,0.0701797030568728,0.244379258128833
2,"panel_ridge",11,"lambda=1000;smooth_ratio=100",48,5.19288232834853,4.27880282085562,1.24222112881228,0.0333889749463286,0.0915141835276471
2,"panel_ridge",12,"lambda=10000;smooth_ratio=100",48,5.06358171975284,4.18984161816427,0.592937071734836,0.080926110882656,0.0968597042208934
2,"hierarchical",1,"lambda_global=10;lambda_region=30;smooth_ratio=0",48,3.08047104880249,2.58762475934802,0.846642801672971,0.659851120750931,0.718816741158515
2,"hierarchical",2,"lambda_global=100;lambda_region=300;smooth_ratio=0",48,4.36097228831815,3.57254957004929,1.49984664123464,0.31828722077958,0.457098094102476
2,"hierarchical",3,"lambda_global=1000;lambda_region=3000;smooth_ratio=0",48,5.10187056409949,4.23435672414221,1.1728683059768,0.0669741983182737,0.119344083201155
2,"hierarchical",4,"lambda_global=10;lambda_region=300;smooth_ratio=0",48,2.98412425294545,2.43753901382156,0.273087204862823,0.680795808138647,0.706961027113895
2,"hierarchical",5,"lambda_global=100;lambda_region=3000;smooth_ratio=0",48,4.207519463503,3.47563363297355,1.41659077083522,0.365419023567907,0.489434208224142
2,"hierarchical",6,"lambda_global=1000;lambda_region=30000;smooth_ratio=0",48,5.12327655475987,4.2633091810907,1.17699399233331,0.0591283541465574,0.114326319351667
2,"hierarchical",7,"lambda_global=10;lambda_region=30;smooth_ratio=10",48,4.62750607921476,3.97474551271443,3.38671953965962,0.232410938445404,0.648758094073953
2,"hierarchical",8,"lambda_global=100;lambda_region=300;smooth_ratio=10",48,4.77379177780765,3.89736396133682,2.43802715647494,0.183113487467395,0.462549407264986
2,"hierarchical",9,"lambda_global=1000;lambda_region=3000;smooth_ratio=10",48,5.15554159725873,4.27905078314082,1.29840456614516,0.0472403155728386,0.11004788150944
2,"hierarchical",10,"lambda_global=10;lambda_region=300;smooth_ratio=10",48,4.598966626708,3.99990993818915,2.90143515581546,0.241849724019831,0.545753168671422
2,"hierarchical",11,"lambda_global=100;lambda_region=3000;smooth_ratio=10",48,4.73146490857187,3.89771603638081,2.34456266085537,0.197535131679633,0.439691326029366
2,"hierarchical",12,"lambda_global=1000;lambda_region=30000;smooth_ratio=10",48,5.1815931097178,4.31309432102723,1.30012837777339,0.037587191260366,0.103245086289112
2,"stress_lag",1,"lambda=10;smooth_ratio=0;threshold=0.75;temperature_variable=MAX;precipitation_variable=PCP",48,9.90883058175088,7.49582124974613,-0.879389834680814,-2.51948879911822,0.00565451151091696
2,"stress_lag",2,"lambda=100;smooth_ratio=0;threshold=0.75;temperature_variable=MAX;precipitation_variable=PCP",48,9.1746954944809,7.02715753651512,-1.41513633033021,-2.0172972672231,0.000891269290054425
2,"stress_lag",3,"lambda=1000;smooth_ratio=0;threshold=0.75;temperature_variable=MAX;precipitation_variable=PCP",48,6.6657779716128,5.57900995857902,-0.182929785957013,-0.5927091273282,0.0058661339715247
2,"stress_lag",4,"lambda=10000;smooth_ratio=0;threshold=0.75;temperature_variable=MAX;precipitation_variable=PCP",48,5.23970334622584,4.40676876523812,0.385977883710335,0.0158797229928969,0.0597285987771557
2,"stress_lag",5,"lambda=10;smooth_ratio=10;threshold=0.75;temperature_variable=MAX;precipitation_variable=PCP",48,7.83551245013711,6.68393558354093,1.20847576125793,-1.20074432863502,0.0639200752028413
2,"stress_lag",6,"lambda=100;smooth_ratio=10;threshold=0.75;temperature_variable=MAX;precipitation_variable=PCP",48,6.0942568672437,5.37305905307225,1.03277100668377,-0.331301103760679,0.0690918214904006
2,"stress_lag",7,"lambda=1000;smooth_ratio=10;threshold=0.75;temperature_variable=MAX;precipitation_variable=PCP",48,6.02660169542486,5.23118418489298,0.381215974518777,-0.301906394692469,0.0146896574531577
2,"stress_lag",8,"lambda=10000;smooth_ratio=10;threshold=0.75;temperature_variable=MAX;precipitation_variable=PCP",48,5.1743362906425,4.34057230274144,0.467789270755657,0.0402810210912485,0.070152462325025
2,"stress_lag",9,"lambda=10;smooth_ratio=100;threshold=0.75;temperature_variable=MAX;precipitation_variable=PCP",48,8.00730178685544,6.34346700787461,3.79975685490645,-1.29830242426917,0.166064906757619
2,"stress_lag",10,"lambda=100;smooth_ratio=100;threshold=0.75;temperature_variable=MAX;precipitation_variable=PCP",48,6.65718584479657,5.8077437084983,0.605016267154324,-0.588605798625334,0.0263779298314742
2,"stress_lag",11,"lambda=1000;smooth_ratio=100;threshold=0.75;temperature_variable=MAX;precipitation_variable=PCP",48,6.06616237394437,5.26978644350464,0.37118510418309,-0.319054813948299,0.00767206104752827
2,"stress_lag",12,"lambda=10000;smooth_ratio=100;threshold=0.75;temperature_variable=MAX;precipitation_variable=PCP",48,5.16896064065023,4.32688933221155,0.483207396056126,0.0422741012138126,0.0702557901406224
3,"panel_ridge",1,"lambda=10;smooth_ratio=0",48,3.93461805024764,3.36627801963608,0.206068133633702,0.468279767259017,0.487025421653836
3,"panel_ridge",2,"lambda=100;smooth_ratio=0",48,4.24961784901728,3.42585450613027,1.27727049770604,0.3797342781163,0.510017995400001
3,"panel_ridge",3,"lambda=1000;smooth_ratio=0",48,4.96004757657182,4.06169653863024,1.06896924401192,0.155013616218236,0.196466162103164
3,"panel_ridge",4,"lambda=10000;smooth_ratio=0",48,5.03786732687152,4.21234234533381,0.493866330500995,0.128291103333011,0.139805925185853
3,"panel_ridge",5,"lambda=10;smooth_ratio=10",48,4.99559527657045,3.83938475925894,3.33365950160265,0.142858507686097,0.524802605237285
3,"panel_ridge",6,"lambda=100;smooth_ratio=10",48,4.96013834612006,3.98772694933088,2.46411554488723,0.154982689202741,0.390161031671325
3,"panel_ridge",7,"lambda=1000;smooth_ratio=10",48,5.07936646025359,4.1549747010298,1.27544015407287,0.113870652455851,0.170393836120039
3,"panel_ridge",8,"lambda=10000;smooth_ratio=10",48,5.04992474570982,4.22394862064483,0.51856771125908,0.12411348754693,0.136815691567665
3,"panel_ridge",9,"lambda=10;smooth_ratio=100",48,5.72801731234041,4.43840495808268,2.86989215682126,-0.126903350320658,0.240118415989897
3,"panel_ridge",10,"lambda=100;smooth_ratio=100",48,5.1793568299473,4.12874727183651,2.23160781096272,0.0786392837023386,0.250722071008503
3,"panel_ridge",11,"lambda=1000;smooth_ratio=100",48,5.12965938274862,4.18999057573394,1.24430032009419,0.0962359067132353,0.149453537012886
3,"panel_ridge",12,"lambda=10000;smooth_ratio=100",48,5.05497882442983,4.22692032573539,0.5163492106792,0.12235939621799,0.13511988397838
3,"hierarchical",1,"lambda_global=10;lambda_region=30;smooth_ratio=0",48,2.73918596889068,2.21474399819195,0.663956167703773,0.742296057302699,0.796314242617483
3,"hierarchical",2,"lambda_global=100;lambda_region=300;smooth_ratio=0",48,4.07490417048043,3.25111054755101,1.29369871232437,0.429687584631476,0.607085615701223
3,"hierarchical",3,"lambda_global=1000;lambda_region=3000;smooth_ratio=0",48,4.96934379937563,4.08617350064819,1.07779813226718,0.15184326644248,0.192424338461918
3,"hierarchical",4,"lambda_global=10;lambda_region=300;smooth_ratio=0",48,2.83908300251006,2.3340853479095,0.412867534199615,0.723156580149268,0.752943352615586
3,"hierarchical",5,"lambda_global=100;lambda_region=3000;smooth_ratio=0",48,3.92923476104707,3.12555014123953,1.23612875753329,0.469733756235716,0.634104532889841
3,"hierarchical",6,"lambda_global=1000;lambda_region=30000;smooth_ratio=0",48,4.98719705804861,4.10923170697862,1.08068204442929,0.14573800868756,0.18592686758477
3,"hierarchical",7,"lambda_global=10;lambda_region=30;smooth_ratio=10",48,4.73000619365454,3.97772927755637,3.36248168769072,0.231575072031625,0.626015863357753
3,"hierarchical",8,"lambda_global=100;lambda_region=300;smooth_ratio=10",48,4.92394171755591,4.07706065853751,2.48646891107851,0.16727072314005,0.416696406661865
3,"hierarchical",9,"lambda_global=1000;lambda_region=3000;smooth_ratio=10",48,5.09808708738252,4.19312241835176,1.2864584985827,0.107326738981864,0.164172884282999
3,"hierarchical",10,"lambda_global=10;lambda_region=300;smooth_ratio=10",48,4.84227691464805,4.27481178815355,3.12451283080027,0.194663709858248,0.530126177913885
3,"hierarchical",11,"lambda_global=100;lambda_region=3000;smooth_ratio=10",48,4.9433095000407,4.15819182176224,2.42324167689836,0.160706941714174,0.380095386443754
3,"hierarchical",12,"lambda_global=1000;lambda_region=30000;smooth_ratio=10",48,5.11928143026307,4.22363109135193,1.28552521466104,0.0998890666763601,0.156931019169339
3,"stress_lag",1,"lambda=10;smooth_ratio=0;threshold=0.75;temperature_variable=MAX;precipitation_variable=PCP",48,7.63575824599989,5.37760204444154,4.0956223392703,-1.00254537740337,0.380217758426352
3,"stress_lag",2,"lambda=100;smooth_ratio=0;threshold=0.75;temperature_variable=MAX;precipitation_variable=PCP",48,5.78274279693847,4.87258879233783,-0.0213810667321788,-0.148539084913289,0.0935282452336991
3,"stress_lag",3,"lambda=1000;smooth_ratio=0;threshold=0.75;temperature_variable=MAX;precipitation_variable=PCP",48,6.53567653845692,5.43164210039495,-0.20155683413621,-0.46709800468167,0.0102126029069342
3,"stress_lag",4,"lambda=10000;smooth_ratio=0;threshold=0.75;temperature_variable=MAX;precipitation_variable=PCP",48,5.2455973519667,4.4281941380479,0.307744236247116,0.0549214004235441,0.0905909042300555
3,"stress_lag",5,"lambda=10;smooth_ratio=10;threshold=0.75;temperature_variable=MAX;precipitation_variable=PCP",48,7.4815608914184,6.12781377547774,5.52130814569647,-0.922482769818367,0.426570922429514
3,"stress_lag",6,"lambda=100;smooth_ratio=10;threshold=0.75;temperature_variable=MAX;precipitation_variable=PCP",48,7.36965134728897,6.16412720435284,0.350495801770425,-0.865399734582072,0.00982097044083112
3,"stress_lag",7,"lambda=1000;smooth_ratio=10;threshold=0.75;temperature_variable=MAX;precipitation_variable=PCP",48,7.13715082456694,5.93260735939452,-0.261066684822451,-0.749555706955041,0.00048067922087041
3,"stress_lag",8,"lambda=10000;smooth_ratio=10;threshold=0.75;temperature_variable=MAX;precipitation_variable=PCP",48,5.2998399194762,4.48489719663223,0.31025988447037,0.0352750060753126,0.0800159484779835
3,"stress_lag",9,"lambda=10;smooth_ratio=100;threshold=0.75;temperature_variable=MAX;precipitation_variable=PCP",48,8.024184835631,6.48864349634863,4.78283378767709,-1.21146400161173,0.243561085170186
3,"stress_lag",10,"lambda=100;smooth_ratio=100;threshold=0.75;temperature_variable=MAX;precipitation_variable=PCP",48,9.65252779347999,7.73715344528431,-1.10952423863973,-2.20007493274169,0.00261549047975511
3,"stress_lag",11,"lambda=1000;smooth_ratio=100;threshold=0.75;temperature_variable=MAX;precipitation_variable=PCP",48,6.94395896876386,5.85071281721088,-0.140238611907481,-0.656121968659655,0.000424762561562369
3,"stress_lag",12,"lambda=10000;smooth_ratio=100;threshold=0.75;temperature_variable=MAX;precipitation_variable=PCP",48,5.25975887254846,4.44724077963125,0.351170209710984,0.0498116616573618,0.0866765498096733
4,"panel_ridge",1,"lambda=10;smooth_ratio=0",48,4.23463546750437,3.6363924425736,1.35749516303837,0.00344333360051929,0.226023293208264
4,"panel_ridge",2,"lambda=100;smooth_ratio=0",48,4.10802405176292,3.41013789359019,1.79528975855395,0.0621445798891547,0.249764073153051
4,"panel_ridge",3,"lambda=1000;smooth_ratio=0",48,4.42666420805897,3.64599365272037,1.23972697025676,-0.0889880036165751,0.016491293657254
4,"panel_ridge",4,"lambda=10000;smooth_ratio=0",48,4.33152343433247,3.52324525411815,0.493362537218088,-0.0426805540986361,0.00467775860822196
4,"panel_ridge",5,"lambda=10;smooth_ratio=10",48,4.68612375265363,3.7460327985322,3.28212198999309,-0.220386638684204,0.391546135689774
4,"panel_ridge",6,"lambda=100;smooth_ratio=10",48,4.48077395536622,3.66173007930358,2.57800208788599,-0.115773411199163,0.258615988721937
4,"panel_ridge",7,"lambda=1000;smooth_ratio=10",48,4.46753346962785,3.69529695440843,1.35712578255623,-0.109189033256775,0.0138021646413106
4,"panel_ridge",8,"lambda=10000;smooth_ratio=10",48,4.33439360923737,3.52727224179893,0.506877942982186,-0.0440628239240812,0.00432911692586763
4,"panel_ridge",9,"lambda=10;smooth_ratio=100",48,5.2977630235078,4.12427577461994,2.93842460521469,-0.559749995047566,0.129732617181503
4,"panel_ridge",10,"lambda=100;smooth_ratio=100",48,4.66340835505928,3.80013263447819,2.33896240529759,-0.208583971591489,0.110083108624329
4,"panel_ridge",11,"lambda=1000;smooth_ratio=100",48,4.51423385020029,3.71958815329571,1.32322181374765,-0.132499563752912,0.00355583730074367
4,"panel_ridge",12,"lambda=10000;smooth_ratio=100",48,4.33941141987718,3.52902250805964,0.505093484701011,-0.0464815899574724,0.00356705146616656
4,"hierarchical",1,"lambda_global=10;lambda_region=30;smooth_ratio=0",48,3.31961465923222,2.72245937583295,1.68251270262563,0.387585753833751,0.545443129773126
4,"hierarchical",2,"lambda_global=100;lambda_region=300;smooth_ratio=0",48,4.00107903314394,3.27939870941681,1.84881420156702,0.110339727980694,0.34560469163898
4,"hierarchical",3,"lambda_global=1000;lambda_region=3000;smooth_ratio=0",48,4.45529258636256,3.67088162157098,1.25188226081152,-0.103119083161528,0.0130163996052854
4,"hierarchical",4,"lambda_global=10;lambda_region=300;smooth_ratio=0",48,3.3021372779894,2.72312074264249,1.90905248490509,0.394017356468378,0.596576396157786
4,"hierarchical",5,"lambda_global=100;lambda_region=3000;smooth_ratio=0",48,3.92074470527982,3.225522505538,1.84927928282207,0.145706569541294,0.387363997585354
4,"hierarchical",6,"lambda_global=1000;lambda_region=30000;smooth_ratio=0",48,4.48216891072948,3.69924396657475,1.2573571090455,-0.116468244903084,0.00975482613394989
4,"hierarchical",7,"lambda_global=10;lambda_region=30;smooth_ratio=10",48,4.2794237575803,3.5723281653871,3.28572737173102,-0.017748624494818,0.583262362068359
4,"hierarchical",8,"lambda_global=100;lambda_region=300;smooth_ratio=10",48,4.37581396687899,3.59381984957133,2.56598982925953,-0.0641127274274309,0.336079275105572
4,"hierarchical",9,"lambda_global=1000;lambda_region=3000;smooth_ratio=10",48,4.49932600021389,3.72514105809703,1.36820605404452,-0.125031959436121,0.00973077683247345
4,"hierarchical",10,"lambda_global=10;lambda_region=300;smooth_ratio=10",48,4.05373959653795,3.45341798546205,3.15239710311888,0.0867669261981321,0.64064676816186
4,"hierarchical",11,"lambda_global=100;lambda_region=3000;smooth_ratio=10",48,4.33156509915636,3.5771914007797,2.50645135797866,-0.0427006132354526,0.341311539826926
4,"hierarchical",12,"lambda_global=1000;lambda_region=30000;smooth_ratio=10",48,4.52774782315614,3.75666674833138,1.36989049542298,-0.139290295974258,0.00639873457573376
4,"stress_lag",1,"lambda=10;smooth_ratio=0;threshold=0.75;temperature_variable=MAX;precipitation_variable=PCP",48,7.66554607662947,5.75458098526785,5.08410775400384,-2.2655484699928,0.294191344570818
4,"stress_lag",2,"lambda=100;smooth_ratio=0;threshold=0.75;temperature_variable=MAX;precipitation_variable=PCP",48,4.86223232058541,3.98747809471326,0.789087416286512,-0.313836579150468,0.0621248247321932
4,"stress_lag",3,"lambda=1000;smooth_ratio=0;threshold=0.75;temperature_variable=MAX;precipitation_variable=PCP",48,5.37773725290659,4.50857495604248,0.288732498599111,-0.607196938203924,0.0032816897380166
4,"stress_lag",4,"lambda=10000;smooth_ratio=0;threshold=0.75;temperature_variable=MAX;precipitation_variable=PCP",48,4.4675050480782,3.68749687973929,0.346674931223181,-0.109174920426452,1.13764975743953e-05
4,"stress_lag",5,"lambda=10;smooth_ratio=10;threshold=0.75;temperature_variable=MAX;precipitation_variable=PCP",48,5.90214968049425,4.77256833055046,4.24521447144866,-0.935933235257704,0.282463552574468
4,"stress_lag",6,"lambda=100;smooth_ratio=10;threshold=0.75;temperature_variable=MAX;precipitation_variable=PCP",48,5.78833465256985,4.97472919620135,1.24498951436577,-0.861989386650829,0.00199569407812526
4,"stress_lag",7,"lambda=1000;smooth_ratio=10;threshold=0.75;temperature_variable=MAX;precipitation_variable=PCP",48,5.59093210933087,4.80625556952845,0.356031325284183,-0.737154215913842,0.0179009894320894
4,"stress_lag",8,"lambda=10000;smooth_ratio=10;threshold=0.75;temperature_variable=MAX;precipitation_variable=PCP",48,4.47782631726452,3.70402575421563,0.362935754912011,-0.114305890424134,0.000154675719853642
4,"stress_lag",9,"lambda=10;smooth_ratio=100;threshold=0.75;temperature_variable=MAX;precipitation_variable=PCP",48,7.21464547571161,5.71859814257692,4.07858768827959,-1.89267689828441,0.106186182820684
4,"stress_lag",10,"lambda=100;smooth_ratio=100;threshold=0.75;temperature_variable=MAX;precipitation_variable=PCP",48,6.93159413195033,5.90483792233877,0.276627036587291,-1.67015325174255,0.0135610700680616
4,"stress_lag",11,"lambda=1000;smooth_ratio=100;threshold=0.75;temperature_variable=MAX;precipitation_variable=PCP",48,5.49245752355692,4.74714342516188,0.396971578256381,-0.676499202795321,0.0272294618421286
4,"stress_lag",12,"lambda=10000;smooth_ratio=100;threshold=0.75;temperature_variable=MAX;precipitation_variable=PCP",48,4.45688916906004,3.6756685665364,0.387859709890986,-0.103909844432392,8.78591285679554e-05
