"Method","Candidate","Parameters","N","RMSE","MAE","Bias","R2","Cor_R2"
"trend",1,"none",1372,8.12163401346471,6.11272005587551,-0.475573088468944,0.321056768572977,0.407394309024286
"persistence",1,"none",1372,8.62100569385437,6.78837026239067,1.31183381924198,0.234998129385615,0.390732120203058
"panel_ridge",1,"lambda=10;smooth_ratio=0",1372,8.9067565719614,7.33743549909941,3.23161587798437,0.183444329546804,0.415360182643247
"panel_ridge",2,"lambda=100;smooth_ratio=0",1372,10.7528389721855,8.06054677741251,3.39241878371538,-0.190125929929559,0.185841243590214
"panel_ridge",3,"lambda=1000;smooth_ratio=0",1372,10.0925449104003,7.53465713286227,2.42318286037453,-0.0484507012916375,0.165159797259355
"panel_ridge",4,"lambda=10000;smooth_ratio=0",1372,8.09729897239528,6.24810736510838,1.05150557209239,0.325119339873209,0.336622918516839
"panel_ridge",5,"lambda=10;smooth_ratio=10",1372,8.81720648599768,6.73229859235504,1.95146093237631,0.199781373463358,0.352448159968885
"panel_ridge",6,"lambda=100;smooth_ratio=10",1372,9.03076703787428,6.91317689627635,0.834077204151594,0.160547916128171,0.255620294755734
"panel_ridge",7,"lambda=1000;smooth_ratio=10",1372,8.96254013704287,6.75024340923743,0.526769349933512,0.173184022452038,0.235512572544378
"panel_ridge",8,"lambda=10000;smooth_ratio=10",1372,8.22239992087417,6.31707706875587,0.515709964613122,0.304104824585773,0.307663872064183
"panel_ridge",9,"lambda=10;smooth_ratio=100",1372,7.52071952781866,5.76701997645163,0.357248219350355,0.417809092188088,0.455386787994054
"panel_ridge",10,"lambda=100;smooth_ratio=100",1372,8.06585840335225,6.09919853778328,0.003271774301079,0.330350081066574,0.348393843173308
"panel_ridge",11,"lambda=1000;smooth_ratio=100",1372,8.73276953364801,6.53954096078872,-0.442941617734912,0.215034388915137,0.256055263708535
"panel_ridge",12,"lambda=10000;smooth_ratio=100",1372,8.18217050759357,6.28835669405055,0.152605796023949,0.31089772416488,0.311280349972598
"local_ridge",1,"lambda=10;smooth_ratio=0",1372,7.77841565081408,5.88445848883081,0.172129495762847,0.377228217852547,0.442513212626835
"local_ridge",2,"lambda=100;smooth_ratio=0",1372,7.02435588569166,5.32011219237205,-0.152240923781865,0.492121712171847,0.516811487757583
"local_ridge",3,"lambda=1000;smooth_ratio=0",1372,6.61560876551851,5.04226548236398,-0.0328402553267598,0.549508852509958,0.567314380573432
"local_ridge",4,"lambda=10000;smooth_ratio=0",1372,6.59358322576978,5.02591419527162,0.0146901846922418,0.552503525776479,0.572030620635861
"local_ridge",5,"lambda=10;smooth_ratio=10",1372,7.87134793875553,6.02870633596994,-0.339797148856397,0.362258243924751,0.43725772479117
"local_ridge",6,"lambda=100;smooth_ratio=10",1372,7.04218438405104,5.32548583009257,-0.202414666994125,0.489540351479822,0.515006819646558
"local_ridge",7,"lambda=1000;smooth_ratio=10",1372,6.61076308197193,5.03582121490029,-0.0258361327772504,0.55016854632166,0.567856477958422
"local_ridge",8,"lambda=10000;smooth_ratio=10",1372,6.59298947186668,5.02518136632999,0.0157301226971675,0.552584116498032,0.572099162013666
"local_ridge",9,"lambda=10;smooth_ratio=100",1372,7.99780927287084,6.14398767120739,-0.880530457981706,0.341601671740459,0.435598784540864
"local_ridge",10,"lambda=100;smooth_ratio=100",1372,7.05529552512761,5.33949779339455,-0.277227477430301,0.487637834208571,0.514444612035959
"local_ridge",11,"lambda=1000;smooth_ratio=100",1372,6.61057913020496,5.03618104909051,-0.0304800812743274,0.550193580085069,0.567917225184161
"local_ridge",12,"lambda=10000;smooth_ratio=100",1372,6.59295209403227,5.02521420578703,0.0153426263320185,0.552589189580424,0.572107037532365
"pcr",1,"components=3",1372,8.36398202069598,6.62658802295412,-1.76665978186248,0.279933155268505,0.410217060448862
"pcr",2,"components=5",1372,8.23797322614788,6.53423679509573,1.92119971611592,0.3014662637839,0.404051316207555
"pcr",3,"components=10",1372,9.33921224675873,7.12975161399432,1.67559329801542,0.102225792587241,0.350020441774559
"pcr",4,"components=15",1372,8.4935784358334,6.8676206551579,4.47504605330271,0.257446008860572,0.516374935222039
"pcr",5,"components=20",1372,8.60932224766011,6.86836361955096,4.73491263888585,0.237070231431222,0.50129119440908
"hierarchical",1,"lambda_global=10;lambda_region=30;smooth_ratio=0",1372,11.2049165660828,8.90295913746375,3.84956574999752,-0.29230161581933,0.227714235079633
"hierarchical",2,"lambda_global=100;lambda_region=300;smooth_ratio=0",1372,12.126133201929,9.04653260298691,3.57596353992522,-0.513530936326132,0.112532096947676
"hierarchical",3,"lambda_global=1000;lambda_region=3000;smooth_ratio=0",1372,10.2948837436552,7.67833318301332,2.4817704037759,-0.09091151659004,0.154469302762804
"hierarchical",4,"lambda_global=10;lambda_region=300;smooth_ratio=0",1372,13.1870629508729,10.2389347741732,4.29370723764846,-0.789957799272458,0.100919919965806
"hierarchical",5,"lambda_global=100;lambda_region=3000;smooth_ratio=0",1372,13.2700192086783,9.89966738178781,3.571125216273,-0.812548917678602,0.0742829569880782
"hierarchical",6,"lambda_global=1000;lambda_region=30000;smooth_ratio=0",1372,10.4306209039774,7.77912199578957,2.5133843658774,-0.11986831259519,0.147385471070954
"hierarchical",7,"lambda_global=10;lambda_region=30;smooth_ratio=10",1372,10.2802849804736,7.71546815764309,2.09935657267404,-0.0878197542552344,0.230629639744143
"hierarchical",8,"lambda_global=100;lambda_region=300;smooth_ratio=10",1372,9.98862531950481,7.63366053917192,0.962499569847618,-0.0269707605290428,0.174535432165159
"hierarchical",9,"lambda_global=1000;lambda_region=3000;smooth_ratio=10",1372,9.1126921511752,6.86136247154063,0.546990432881687,0.145248185797821,0.223580799026319
"hierarchical",10,"lambda_global=10;lambda_region=300;smooth_ratio=10",1372,12.7785467391363,9.53437682481211,2.75854792443865,-0.680774942417507,0.0805102863013201
"hierarchical",11,"lambda_global=100;lambda_region=3000;smooth_ratio=10",1372,11.0964409817189,8.5011208718702,1.07957710206356,-0.267401008919599,0.114519038013283
"hierarchical",12,"lambda_global=1000;lambda_region=30000;smooth_ratio=10",1372,9.21899278817991,6.94105168274486,0.560433120104821,0.125190312443378,0.215392380152426
"stress_lag",1,"lambda=10;smooth_ratio=0;threshold=0.75;temperature_variable=MAX;precipitation_variable=PCP",1372,14.4526432355328,11.2425628450104,0.462564362370732,-1.1500135535917,0.318035734615471
"stress_lag",2,"lambda=100;smooth_ratio=0;threshold=0.75;temperature_variable=MAX;precipitation_variable=PCP",1372,14.5896456288092,10.2049112127173,-1.98197818220542,-1.1909684307711,0.228798565757577
"stress_lag",3,"lambda=1000;smooth_ratio=0;threshold=0.75;temperature_variable=MAX;precipitation_variable=PCP",1372,13.2344999286252,9.5236918385252,0.27473675355969,-0.802858762832295,0.186221806246889
"stress_lag",4,"lambda=10000;smooth_ratio=0;threshold=0.75;temperature_variable=MAX;precipitation_variable=PCP",1372,8.21533772030898,6.35331116326707,0.682826602496969,0.305299716782683,0.344404254543161
"stress_lag",5,"lambda=10;smooth_ratio=10;threshold=0.75;temperature_variable=MAX;precipitation_variable=PCP",1372,8.16629030721082,6.5895330361669,1.52422586930529,0.313569988910344,0.474900871172053
"stress_lag",6,"lambda=100;smooth_ratio=10;threshold=0.75;temperature_variable=MAX;precipitation_variable=PCP",1372,8.75263704338608,6.96403898241535,2.1750187265224,0.2114586499839,0.306226819258518
"stress_lag",7,"lambda=1000;smooth_ratio=10;threshold=0.75;temperature_variable=MAX;precipitation_variable=PCP",1372,9.5229567899878,6.54708506099917,-0.842650985010376,0.066551717980216,0.264806575128757
"stress_lag",8,"lambda=10000;smooth_ratio=10;threshold=0.75;temperature_variable=MAX;precipitation_variable=PCP",1372,9.06719736162514,6.36852517936574,-1.16152543652589,0.1537615170719,0.275279231371498
"stress_lag",9,"lambda=10;smooth_ratio=100;threshold=0.75;temperature_variable=MAX;precipitation_variable=PCP",1372,10.7396423342558,8.4498668490074,4.55626953276035,-0.187206510512148,0.253667605828318
"stress_lag",10,"lambda=100;smooth_ratio=100;threshold=0.75;temperature_variable=MAX;precipitation_variable=PCP",1372,10.060410993962,7.87511495154493,2.53988941904996,-0.0417849508842272,0.179295466452177
"stress_lag",11,"lambda=1000;smooth_ratio=100;threshold=0.75;temperature_variable=MAX;precipitation_variable=PCP",1372,8.99601904338369,6.59267143262255,-1.67779117930188,0.166995465588119,0.29922177389305
"stress_lag",12,"lambda=10000;smooth_ratio=100;threshold=0.75;temperature_variable=MAX;precipitation_variable=PCP",1372,8.94255559032074,6.50120324495699,-1.5750591015895,0.176867156987436,0.285006377182615
"anomaly_linear",1,"lambda=10;smooth_ratio=0;threshold=0.75;temperature_variable=MAX;precipitation_variable=PCP;components=linear;regional_effects=TRUE",1372,7.36891538768734,5.96820307438548,2.32079459715666,0.441074694415462,0.531794092799834
"anomaly_linear",2,"lambda=100;smooth_ratio=0;threshold=0.75;temperature_variable=MAX;precipitation_variable=PCP;components=linear;regional_effects=TRUE",1372,6.97187246942554,5.49385556649268,1.52603418090908,0.49968272107339,0.529162985709718
"anomaly_linear",3,"lambda=1000;smooth_ratio=0;threshold=0.75;temperature_variable=MAX;precipitation_variable=PCP;components=linear;regional_effects=TRUE",1372,7.73114684925836,5.93539302911429,0.918894753873611,0.384774286850977,0.393636056042845
"anomaly_linear",4,"lambda=10000;smooth_ratio=0;threshold=0.75;temperature_variable=MAX;precipitation_variable=PCP;components=linear;regional_effects=TRUE",1372,7.79870162913742,6.10368951937645,0.80423610896505,0.37397562517428,0.383193822068281
"anomaly_linear",5,"lambda=10;smooth_ratio=10;threshold=0.75;temperature_variable=MAX;precipitation_variable=PCP;components=linear;regional_effects=TRUE",1372,7.7529915930986,5.99694342081543,1.83681323421207,0.381292672728779,0.445330235159154
"anomaly_linear",6,"lambda=100;smooth_ratio=10;threshold=0.75;temperature_variable=MAX;precipitation_variable=PCP;components=linear;regional_effects=TRUE",1372,7.21041643281187,5.66573085856369,0.560405740729875,0.464860105217005,0.475593727758752
"anomaly_linear",7,"lambda=1000;smooth_ratio=10;threshold=0.75;temperature_variable=MAX;precipitation_variable=PCP;components=linear;regional_effects=TRUE",1372,7.82359454562345,5.95891734255184,0.254820520639104,0.369972793916962,0.370857335726732
"anomaly_linear",8,"lambda=10000;smooth_ratio=10;threshold=0.75;temperature_variable=MAX;precipitation_variable=PCP;components=linear;regional_effects=TRUE",1372,8.06945384907289,6.29182045532588,0.554301235253839,0.329752940268371,0.332950499269677
"anomaly_linear",9,"lambda=10;smooth_ratio=100;threshold=0.75;temperature_variable=MAX;precipitation_variable=PCP;components=linear;regional_effects=TRUE",1372,7.17360410803963,5.53007660436767,0.409699451381143,0.470310402267477,0.489463721297841
"anomaly_linear",10,"lambda=100;smooth_ratio=100;threshold=0.75;temperature_variable=MAX;precipitation_variable=PCP;components=linear;regional_effects=TRUE",1372,6.95743195103092,5.33800992647346,-0.240045199035545,0.501753142946721,0.519373259085172
"anomaly_linear",11,"lambda=1000;smooth_ratio=100;threshold=0.75;temperature_variable=MAX;precipitation_variable=PCP;components=linear;regional_effects=TRUE",1372,8.08178470188451,6.12471178518982,-0.561830242715611,0.327702979363318,0.335609821867455
"anomaly_linear",12,"lambda=10000;smooth_ratio=100;threshold=0.75;temperature_variable=MAX;precipitation_variable=PCP;components=linear;regional_effects=TRUE",1372,8.0632551133221,6.28099020661709,0.280137598795138,0.330782276015429,0.33172511416656
"anomaly_tails",1,"lambda=10;smooth_ratio=0;threshold=0.75;temperature_variable=MAX;precipitation_variable=PCP;components=linear,upper_tail,lower_tail;regional_effects=TRUE",1372,10.3077389769971,8.29589799805236,4.0053581062575,-0.0936376625659305,0.440647259436143
"anomaly_tails",2,"lambda=100;smooth_ratio=0;threshold=0.75;temperature_variable=MAX;precipitation_variable=PCP;components=linear,upper_tail,lower_tail;regional_effects=TRUE",1372,8.80173582083765,6.95017111287744,3.50747330927254,0.202587036129972,0.39973498249938
"anomaly_tails",3,"lambda=1000;smooth_ratio=0;threshold=0.75;temperature_variable=MAX;precipitation_variable=PCP;components=linear,upper_tail,lower_tail;regional_effects=TRUE",1372,10.8388083173383,8.54030508950301,2.97745746470931,-0.20923220513822,0.224252237732236
"anomaly_tails",4,"lambda=10000;smooth_ratio=0;threshold=0.75;temperature_variable=MAX;precipitation_variable=PCP;components=linear,upper_tail,lower_tail;regional_effects=TRUE",1372,7.96705591808593,6.34632117192483,1.56389678302215,0.346655312741478,0.375201345668115
"anomaly_tails",5,"lambda=10;smooth_ratio=10;threshold=0.75;temperature_variable=MAX;precipitation_variable=PCP;components=linear,upper_tail,lower_tail;regional_effects=TRUE",1372,8.03374652350306,6.43740165501898,3.00187066120124,0.335671501615165,0.498600270793841
"anomaly_tails",6,"lambda=100;smooth_ratio=10;threshold=0.75;temperature_variable=MAX;precipitation_variable=PCP;components=linear,upper_tail,lower_tail;regional_effects=TRUE",1372,8.17320544540462,6.5392026101368,1.71613390156103,0.312406971686195,0.364751059670295
"anomaly_tails",7,"lambda=1000;smooth_ratio=10;threshold=0.75;temperature_variable=MAX;precipitation_variable=PCP;components=linear,upper_tail,lower_tail;regional_effects=TRUE",1372,7.64428183121794,6.03853222010324,-0.167209612865596,0.398521630230692,0.403037028767628
"anomaly_tails",8,"lambda=10000;smooth_ratio=10;threshold=0.75;temperature_variable=MAX;precipitation_variable=PCP;components=linear,upper_tail,lower_tail;regional_effects=TRUE",1372,7.66187405713598,6.01078454766517,0.195247042702973,0.395750011044726,0.396922541275054
"anomaly_tails",9,"lambda=10;smooth_ratio=100;threshold=0.75;temperature_variable=MAX;precipitation_variable=PCP;components=linear,upper_tail,lower_tail;regional_effects=TRUE",1372,9.34575016922587,7.48701815263101,3.5128168381247,0.100968377613216,0.347835482974158
"anomaly_tails",10,"lambda=100;smooth_ratio=100;threshold=0.75;temperature_variable=MAX;precipitation_variable=PCP;components=linear,upper_tail,lower_tail;regional_effects=TRUE",1372,8.40235133877512,6.69277709367035,1.00037012277263,0.27331146578981,0.315192621949478
"anomaly_tails",11,"lambda=1000;smooth_ratio=100;threshold=0.75;temperature_variable=MAX;precipitation_variable=PCP;components=linear,upper_tail,lower_tail;regional_effects=TRUE",1372,7.97847007464902,6.27621117627851,-1.4585960033501,0.34478191795036,0.38102435108934
"anomaly_tails",12,"lambda=10000;smooth_ratio=100;threshold=0.75;temperature_variable=MAX;precipitation_variable=PCP;components=linear,upper_tail,lower_tail;regional_effects=TRUE",1372,7.79106387211019,6.09574380132009,-0.272025875687035,0.375201234492915,0.375965386496797
"stress_unsmoothed",1,"lambda=10;smooth_ratio=0;threshold=0.75;temperature_variable=MAX;precipitation_variable=PCP;components=linear,upper_tail,lower_tail,compound_hot_dry;regional_effects=TRUE",1372,14.4526432355328,11.2425628450104,0.462564362370732,-1.1500135535917,0.318035734615471
"stress_unsmoothed",2,"lambda=100;smooth_ratio=0;threshold=0.75;temperature_variable=MAX;precipitation_variable=PCP;components=linear,upper_tail,lower_tail,compound_hot_dry;regional_effects=TRUE",1372,14.5896456288092,10.2049112127173,-1.98197818220542,-1.1909684307711,0.228798565757577
"stress_unsmoothed",3,"lambda=1000;smooth_ratio=0;threshold=0.75;temperature_variable=MAX;precipitation_variable=PCP;components=linear,upper_tail,lower_tail,compound_hot_dry;regional_effects=TRUE",1372,13.2344999286252,9.5236918385252,0.27473675355969,-0.802858762832295,0.186221806246889
"stress_unsmoothed",4,"lambda=10000;smooth_ratio=0;threshold=0.75;temperature_variable=MAX;precipitation_variable=PCP;components=linear,upper_tail,lower_tail,compound_hot_dry;regional_effects=TRUE",1372,8.21533772030898,6.35331116326707,0.682826602496969,0.305299716782683,0.344404254543161
"stress_no_region",1,"lambda=10;smooth_ratio=0;threshold=0.75;temperature_variable=MAX;precipitation_variable=PCP;components=linear,upper_tail,lower_tail,compound_hot_dry;regional_effects=FALSE",1372,21.2074020690838,14.7122457565944,-1.79756576067033,-3.62936659677322,0.153980445798091
"stress_no_region",2,"lambda=100;smooth_ratio=0;threshold=0.75;temperature_variable=MAX;precipitation_variable=PCP;components=linear,upper_tail,lower_tail,compound_hot_dry;regional_effects=FALSE",1372,18.1935256974237,12.3244063743156,-4.01240611707797,-2.40706461708577,0.171697386302109
"stress_no_region",3,"lambda=1000;smooth_ratio=0;threshold=0.75;temperature_variable=MAX;precipitation_variable=PCP;components=linear,upper_tail,lower_tail,compound_hot_dry;regional_effects=FALSE",1372,13.6276667835656,9.78563368458954,0.265534844924145,-0.911567530312462,0.177449247759277
"stress_no_region",4,"lambda=10000;smooth_ratio=0;threshold=0.75;temperature_variable=MAX;precipitation_variable=PCP;components=linear,upper_tail,lower_tail,compound_hot_dry;regional_effects=FALSE",1372,8.2401156275191,6.36917829228678,0.675719735256351,0.30110288939766,0.342403523068021
"stress_no_region",5,"lambda=10;smooth_ratio=10;threshold=0.75;temperature_variable=MAX;precipitation_variable=PCP;components=linear,upper_tail,lower_tail,compound_hot_dry;regional_effects=FALSE",1372,14.097572017228,10.984424424705,-2.53264375250933,-1.04566859033436,0.201197597510841
"stress_no_region",6,"lambda=100;smooth_ratio=10;threshold=0.75;temperature_variable=MAX;precipitation_variable=PCP;components=linear,upper_tail,lower_tail,compound_hot_dry;regional_effects=FALSE",1372,9.7744567969727,7.85414844483921,0.539872195686889,0.0165961685857321,0.228218219936276
"stress_no_region",7,"lambda=1000;smooth_ratio=10;threshold=0.75;temperature_variable=MAX;precipitation_variable=PCP;components=linear,upper_tail,lower_tail,compound_hot_dry;regional_effects=FALSE",1372,9.80699513612271,6.7336462189647,-1.06065446010233,0.0100379346265183,0.257385942293011
"stress_no_region",8,"lambda=10000;smooth_ratio=10;threshold=0.75;temperature_variable=MAX;precipitation_variable=PCP;components=linear,upper_tail,lower_tail,compound_hot_dry;regional_effects=FALSE",1372,9.10963051765889,6.38396936628139,-1.18767097180142,0.145822439190095,0.273561785549576
"stress_no_region",9,"lambda=10;smooth_ratio=100;threshold=0.75;temperature_variable=MAX;precipitation_variable=PCP;components=linear,upper_tail,lower_tail,compound_hot_dry;regional_effects=FALSE",1372,10.8628931734347,8.83416634455208,0.236055015083275,-0.214612232377019,0.182781613180831
"stress_no_region",10,"lambda=100;smooth_ratio=100;threshold=0.75;temperature_variable=MAX;precipitation_variable=PCP;components=linear,upper_tail,lower_tail,compound_hot_dry;regional_effects=FALSE",1372,10.1576134311917,8.04137277309568,1.40826199823312,-0.0620133961446681,0.171383550141606
"stress_no_region",11,"lambda=1000;smooth_ratio=100;threshold=0.75;temperature_variable=MAX;precipitation_variable=PCP;components=linear,upper_tail,lower_tail,compound_hot_dry;regional_effects=FALSE",1372,9.31907548027532,6.73586151645785,-1.93183996591342,0.106093095168801,0.287910084216995
"stress_no_region",12,"lambda=10000;smooth_ratio=100;threshold=0.75;temperature_variable=MAX;precipitation_variable=PCP;components=linear,upper_tail,lower_tail,compound_hot_dry;regional_effects=FALSE",1372,8.98678531265175,6.51915170462102,-1.60525831798322,0.168704619834845,0.283054244217597
"gam",1,"gamma=1",1372,8.30816759592018,6.73871857768585,1.77043426070183,0.289511372566571,0.491904708529865
"gam",2,"gamma=1.4",1372,8.26704119352192,6.70855033960032,1.70020482395378,0.29652796678836,0.493621854871347
"gam",3,"gamma=2",1372,8.18691620449467,6.64566111445783,1.55572717411768,0.310098127305346,0.495945729591159
"random_forest",1,"mtry=4;node=5",1372,8.53303602338504,6.64737336345967,-0.211788765986397,0.250530797410203,0.260405733494561
"random_forest",2,"mtry=8;node=5",1372,8.32906739399473,6.46372306246356,-0.259359398275012,0.285932305189625,0.289304397599939
"random_forest",3,"mtry=16;node=5",1372,8.28777312900786,6.37336203068513,0.012644248906708,0.292995233943774,0.294044703212252
"random_forest",4,"mtry=4;node=15",1372,8.54140395170845,6.64560564430585,-0.260596828910953,0.249060141566595,0.259628792781795
"random_forest",5,"mtry=8;node=15",1372,8.37060824678121,6.49022976166887,-0.177606889590751,0.278791781291445,0.280963859588344
"random_forest",6,"mtry=16;node=15",1372,8.25004253669139,6.35753311450209,0.00865580059826816,0.299417945276466,0.299942777764225
"random_forest",7,"mtry=4;node=30",1372,8.57880856095382,6.65360001607811,-0.122520388018718,0.242468692407084,0.250157130974039
"random_forest",8,"mtry=8;node=30",1372,8.38312242663491,6.49284053633701,-0.0743705487197573,0.276633735999327,0.278961754791886
"random_forest",9,"mtry=16;node=30",1372,8.2780632247043,6.38122834693143,0.00913376419416335,0.294650908404902,0.295246234453129
