"Method","Reference","N","Years","RMSEDifference","Lower","Upper","Confidence","Repetitions","BlockLength","Seed"
"trend","ABSOLUT_v1.2",48,3,-3.56757001508966,-9.33950290593718,2.40508510094853,0.95,2000,1,2718
"persistence","ABSOLUT_v1.2",48,3,-3.91080337718924,-8.44650729826805,1.72443740452094,0.95,2000,1,2718
"panel_ridge","ABSOLUT_v1.2",48,3,-4.80071538420185,-8.14373015633313,-1.44967482078307,0.95,2000,1,2718
"local_ridge","ABSOLUT_v1.2",48,3,-4.57881250777046,-8.76756749658617,0.574266960408748,0.95,2000,1,2718
"pcr","ABSOLUT_v1.2",48,3,-4.30768886434574,-7.85729333673452,-0.563018112276189,0.95,2000,1,2718
"hierarchical","ABSOLUT_v1.2",48,3,-5.13968971642771,-9.2948205280439,-1.28840288151421,0.95,2000,1,2718
"stress_lag","ABSOLUT_v1.2",48,3,-4.99185117590932,-9.29316137061153,0.00711032824939828,0.95,2000,1,2718
"anomaly_linear","ABSOLUT_v1.2",48,3,-4.39109146293639,-7.77782039576645,0.602840401855081,0.95,2000,1,2718
"anomaly_tails","ABSOLUT_v1.2",48,3,-5.18426692693253,-9.62907279061926,-0.193522024659457,0.95,2000,1,2718
"stress_unsmoothed","ABSOLUT_v1.2",48,3,-4.38426842132368,-7.37273887664794,0.40068968930333,0.95,2000,1,2718
"stress_no_region","ABSOLUT_v1.2",48,3,-4.39531821177728,-8.82113719101816,1.21032232151939,0.95,2000,1,2718
"threshold_0.5","ABSOLUT_v1.2",48,3,-4.44581329522365,-8.99232767917412,-0.166263125081889,0.95,2000,1,2718
"threshold_1","ABSOLUT_v1.2",48,3,-3.76226833421755,-7.88772170815096,1.98605020173016,0.95,2000,1,2718
"threshold_1.5","ABSOLUT_v1.2",48,3,-4.22330705946455,-8.83863747297521,0.593850685504964,0.95,2000,1,2718
"stress_robust","ABSOLUT_v1.2",48,3,-5.07405537801054,-8.89309906049787,-0.174446600502192,0.95,2000,1,2718
"gam","ABSOLUT_v1.2",48,3,-5.30316948977517,-8.78446095830355,-1.56091001394471,0.95,2000,1,2718
"random_forest","ABSOLUT_v1.2",48,3,-2.01898786965245,-3.45808999143348,0.479502088734056,0.95,2000,1,2718
"ensemble","ABSOLUT_v1.2",48,3,-4.8817892138889,-9.25959299343585,-0.0489032993496883,0.95,2000,1,2718
