"Method","Calibration","CalibrationYears","HalfWidth","Coverage","MeanWidth","IntervalScore80"
"trend","separate_calibration",3,4.20389079965042,0.651785714285714,8.40778159930083,20.6433706765569
"trend","tuning_reuse",4,7.41313325206252,0.857142857142857,14.826266504125,19.7259849621423
"persistence","separate_calibration",3,5.9,0.723214285714286,11.8,19.3267857142857
"persistence","tuning_reuse",4,8.06,0.875,16.12,19.1967857142857
"panel_ridge","separate_calibration",3,6.51168036451594,0.8125,13.0233607290319,16.4911564819504
"panel_ridge","tuning_reuse",4,7.44841377695823,0.910714285714286,14.8968275539165,17.0886737305342
"local_ridge","separate_calibration",3,4.10180113672804,0.669642857142857,8.20360227345608,20.0748240131535
"local_ridge","tuning_reuse",4,7.08011146828957,0.848214285714286,14.1602229365791,19.0525172453927
"pcr","separate_calibration",3,5.49923783642418,0.741071428571429,10.9984756728484,17.6663211736128
"pcr","tuning_reuse",4,6.0236390454627,0.794642857142857,12.0472780909254,17.4548232889268
"hierarchical","separate_calibration",3,6.76545557847317,0.875,13.5309111569463,16.3322824066872
"hierarchical","tuning_reuse",4,5.17182511863078,0.705357142857143,10.3436502372616,16.4879375025447
"stress_lag","separate_calibration",3,5.37842331511477,0.776785714285714,10.7568466302295,15.7160959853143
"stress_lag","tuning_reuse",4,4.63585691374201,0.6875,9.27171382748402,16.1963704835037
"anomaly_linear","separate_calibration",3,7.20957869875266,0.785714285714286,14.4191573975053,18.2184509151228
"anomaly_linear","tuning_reuse",4,6.91110098149553,0.785714285714286,13.8222019629911,18.2610905890167
"anomaly_tails","separate_calibration",3,5.44532443522393,0.794642857142857,10.8906488704479,15.9146882265604
"anomaly_tails","tuning_reuse",4,7.1014431107856,0.901785714285714,14.2028862215712,16.6953604374844
"stress_unsmoothed","separate_calibration",3,6.89921593051627,0.794642857142857,13.7984318610325,18.1382456558123
"stress_unsmoothed","tuning_reuse",4,7.45535199219476,0.848214285714286,14.9107039843895,18.1650461219184
"stress_no_region","separate_calibration",3,6.0980924430981,0.767857142857143,12.1961848861962,17.4427478941842
"stress_no_region","tuning_reuse",4,5.01171441487683,0.651785714285714,10.0234288297537,18.3951330879446
"threshold_0.5","separate_calibration",3,4.89980979433231,0.767857142857143,9.79961958866463,16.7369204297561
"threshold_0.5","tuning_reuse",4,3.61869921628255,0.571428571428571,7.23739843256511,18.1262361902645
"threshold_1","separate_calibration",3,7.35320260460731,0.785714285714286,14.7064052092146,19.3467641040345
"threshold_1","tuning_reuse",4,7.2290413322896,0.767857142857143,14.4580826645792,19.3745512195918
"threshold_1.5","separate_calibration",3,5.73063465648887,0.758928571428571,11.4612693129777,25.1089356036782
"threshold_1.5","tuning_reuse",4,6.42430418964526,0.767857142857143,12.8486083792905,24.8251811348273
"stress_robust","separate_calibration",3,6.37981995184148,0.839285714285714,12.759639903683,16.1987219028493
"stress_robust","tuning_reuse",4,4.75863412366429,0.705357142857143,9.51726824732858,16.3925542653274
"gam","separate_calibration",3,6.2110311568595,0.839285714285714,12.422062313719,15.2286326767921
"gam","tuning_reuse",4,8.12825494793664,0.955357142857143,16.2565098958733,17.3571231595468
"random_forest","separate_calibration",3,10.8186983527583,0.803571428571429,21.6373967055167,29.0930050486617
"random_forest","tuning_reuse",4,8.40569377622377,0.678571428571429,16.8113875524475,30.6364036769481
