"Method","Parameters","Seconds","Candidates","Fits"
"trend","none",0.42,1,18
"persistence","none",0.19,1,18
"panel_ridge","lambda=100;smooth_ratio=0",0.54,12,62
"local_ridge","lambda=100;smooth_ratio=10",0.68,12,62
"pcr","components=15",0.28,5,34
"hierarchical","lambda_global=10;lambda_region=300;smooth_ratio=10",0.97,12,62
"stress_lag","lambda=100;smooth_ratio=10;threshold=0.75;temperature_variable=MAX;precipitation_variable=PCP",1.14,12,62
"anomaly_linear","lambda=10000;smooth_ratio=0;threshold=0.75;temperature_variable=MAX;precipitation_variable=PCP;components=linear;regional_effects=TRUE",0.55,12,62
"anomaly_tails","lambda=100;smooth_ratio=10;threshold=0.75;temperature_variable=MAX;precipitation_variable=PCP;components=linear,upper_tail,lower_tail;regional_effects=TRUE",0.95,12,62
"stress_unsmoothed","lambda=10000;smooth_ratio=0;threshold=0.75;temperature_variable=MAX;precipitation_variable=PCP;components=linear,upper_tail,lower_tail,compound_hot_dry;regional_effects=TRUE",0.58,4,30
"stress_no_region","lambda=1000;smooth_ratio=10;threshold=0.75;temperature_variable=MAX;precipitation_variable=PCP;components=linear,upper_tail,lower_tail,compound_hot_dry;regional_effects=FALSE",1.12,12,62
"threshold_0.5","lambda=10;smooth_ratio=10;threshold=0.5;temperature_variable=MAX;precipitation_variable=PCP;components=linear,upper_tail,lower_tail,compound_hot_dry;regional_effects=TRUE",1.24,12,62
"threshold_1","lambda=10000;smooth_ratio=100;threshold=1;temperature_variable=MAX;precipitation_variable=PCP;components=linear,upper_tail,lower_tail,compound_hot_dry;regional_effects=TRUE",1.05,12,62
"threshold_1.5","lambda=10;smooth_ratio=10;threshold=1.5;temperature_variable=MAX;precipitation_variable=PCP;components=linear,upper_tail,lower_tail,compound_hot_dry;regional_effects=TRUE",1.04,12,62
"stress_robust","lambda=100;smooth_ratio=10;threshold=0.75;temperature_variable=MAX;precipitation_variable=PCP;components=linear,upper_tail,lower_tail,compound_hot_dry;regional_effects=TRUE",1.38,12,62
"gam","gamma=2",3.33,3,26
"random_forest","mtry=16;node=15",3.67,9,50
