"Method","Calibration","CalibrationYears","HalfWidth","Coverage","MeanWidth","IntervalScore80"
"trend","separate_calibration",3,10.5800459622076,0.749094202898551,21.1600919244151,33.2147160022777
"trend","tuning_reuse",4,9.81348650842543,0.719655797101449,19.6269730168509,33.705604848095
"persistence","separate_calibration",3,9.90000000000001,0.706521739130435,19.8,36.4822916666667
"persistence","tuning_reuse",4,12.1,0.794836956521739,24.2,35.4511322463768
"panel_ridge","separate_calibration",3,8.88035511884846,0.736413043478261,17.7607102376969,30.5666151250157
"panel_ridge","tuning_reuse",4,8.48069294145404,0.713768115942029,16.9613858829081,30.8728074247666
"local_ridge","separate_calibration",3,8.93441024361112,0.687952898550725,17.8688204872222,32.7394660332736
"local_ridge","tuning_reuse",4,8.9951309400022,0.690670289855073,17.9902618800044,32.6723432880514
"pcr","separate_calibration",3,10.3288326378814,0.742753623188406,20.6576652757628,34.9824492687617
"pcr","tuning_reuse",4,10.2428020335018,0.740036231884058,20.4856040670035,35.0329627593037
"hierarchical","separate_calibration",3,11.229547338913,0.834239130434783,22.4590946778259,29.8433328502563
"hierarchical","tuning_reuse",4,11.9947601778555,0.859601449275362,23.989520355711,30.1915062134819
"stress_lag","separate_calibration",3,8.94004355999051,0.679347826086957,17.880087119981,33.8216912348523
"stress_lag","tuning_reuse",4,12.6453941142944,0.833786231884058,25.2907882285888,32.3631072633321
"anomaly_linear","separate_calibration",3,8.81070776621953,0.727355072463768,17.6214155324391,30.2978988015021
"anomaly_linear","tuning_reuse",4,8.6669962138964,0.720108695652174,17.3339924277928,30.4083067075139
"anomaly_tails","separate_calibration",3,8.58298032613837,0.67481884057971,17.1659606522767,33.4499064794297
"anomaly_tails","tuning_reuse",4,11.1425765753817,0.786684782608696,22.2851531507635,31.722624000065
"stress_unsmoothed","separate_calibration",3,9.28865442078778,0.699728260869565,18.5773088415756,33.7539689223122
"stress_unsmoothed","tuning_reuse",4,14.4311322726266,0.891757246376812,28.8622645452533,33.7056723561498
"stress_no_region","separate_calibration",3,8.9251098488031,0.679347826086957,17.8502196976062,33.940940628007
"stress_no_region","tuning_reuse",4,12.6954031066327,0.832880434782609,25.3908062132653,32.4571360199667
"gam","separate_calibration",3,8.78080341714413,0.666666666666667,17.5616068342883,32.7783551402529
"gam","tuning_reuse",4,11.8684653179678,0.824275362318841,23.7369306359357,31.2437801942622
"random_forest","separate_calibration",3,12.7161850666666,0.809782608695652,25.4323701333332,34.3587836632246
"random_forest","tuning_reuse",4,12.1152468,0.779438405797101,24.2304936000001,34.389188430314
