"Method","Candidate","Parameters","N","RMSE","MAE","Bias","R2","Cor_R2"
"trend",1,"none",1397,7.67449883397414,5.99122631145641,-0.853817685695825,0.483587979726022,0.519564468637768
"persistence",1,"none",1397,9.36567892008989,7.40183894058697,0.602122405153901,0.230914145536959,0.361707529042985
"panel_ridge",1,"lambda=10;smooth_ratio=0",1397,12.0360734316242,9.61009104203479,6.56063249697978,-0.270181991507756,0.301744838754235
"panel_ridge",2,"lambda=100;smooth_ratio=0",1397,12.1800327624954,9.68558360991157,4.04579911092859,-0.300748119371115,0.130824568930864
"panel_ridge",3,"lambda=1000;smooth_ratio=0",1397,11.9549846865807,9.30985455046785,1.15999290503193,-0.253124849086229,0.104793770184409
"panel_ridge",4,"lambda=10000;smooth_ratio=0",1397,9.04275449399067,7.04926249841548,0.141254073506049,0.283035299335593,0.292605196653087
"panel_ridge",5,"lambda=10;smooth_ratio=10",1397,7.28691306931235,5.57060535611347,0.139194734022287,0.534431626300094,0.543944371769418
"panel_ridge",6,"lambda=100;smooth_ratio=10",1397,9.72384369293008,7.91583707876861,-1.1511936552456,0.170966210195752,0.279606158263846
"panel_ridge",7,"lambda=1000;smooth_ratio=10",1397,10.5817296984374,8.462449560696,-0.456877859194107,0.0182303079627389,0.172454970657854
"panel_ridge",8,"lambda=10000;smooth_ratio=10",1397,9.05814036646606,7.06284535218648,-0.046392074616225,0.280593452227059,0.287340754495545
"panel_ridge",9,"lambda=10;smooth_ratio=100",1397,6.95042589479495,5.38491318200519,-2.32054620786838,0.576435914922496,0.624567796217155
"panel_ridge",10,"lambda=100;smooth_ratio=100",1397,8.83529610288057,7.11802564203942,-2.09918168940186,0.315555069029801,0.36973888873557
"panel_ridge",11,"lambda=1000;smooth_ratio=100",1397,9.9584355504872,7.89983857171323,-1.68771199912896,0.130482098267056,0.220685480323781
"panel_ridge",12,"lambda=10000;smooth_ratio=100",1397,8.90283949114879,6.8862970964603,-0.451615996382117,0.305050285508933,0.309469459516363
"local_ridge",1,"lambda=10;smooth_ratio=0",1397,7.65241715883559,5.99332903267592,-0.857301198750188,0.486555427519038,0.528165618139064
"local_ridge",2,"lambda=100;smooth_ratio=0",1397,6.97056916982979,5.5101139982707,-1.29658776579173,0.573977265225689,0.60480356889641
"local_ridge",3,"lambda=1000;smooth_ratio=0",1397,7.1315356169993,5.72027609917045,-1.70248078175338,0.554074400576231,0.615591347234258
"local_ridge",4,"lambda=10000;smooth_ratio=0",1397,7.27448123908905,5.83951461890495,-1.79101546666098,0.536018836064241,0.610547375715212
"local_ridge",5,"lambda=10;smooth_ratio=10",1397,7.65455038380367,5.94572313238456,-1.46534227451948,0.486269127014616,0.53273378962541
"local_ridge",6,"lambda=100;smooth_ratio=10",1397,6.99345754902143,5.52633129706748,-1.35463724432188,0.57117491761961,0.602842660955329
"local_ridge",7,"lambda=1000;smooth_ratio=10",1397,7.13552951879362,5.72267014697239,-1.70732529056245,0.553574793800692,0.61538433778846
"local_ridge",8,"lambda=10000;smooth_ratio=10",1397,7.27512493437683,5.83989881012198,-1.79155210688141,0.535936720049953,0.610515571779255
"local_ridge",9,"lambda=10;smooth_ratio=100",1397,7.663729838357,5.92602624824347,-1.79214064549865,0.485036240280296,0.538386969126088
"local_ridge",10,"lambda=100;smooth_ratio=100",1397,6.98751557855021,5.51750049819561,-1.39183198628154,0.57190330797034,0.604400853641913
"local_ridge",11,"lambda=1000;smooth_ratio=100",1397,7.13348965678048,5.72060128956141,-1.70931590909589,0.553829999991761,0.615648023478656
"local_ridge",12,"lambda=10000;smooth_ratio=100",1397,7.27491569943298,5.8397051518378,-1.79172206574554,0.535963412885859,0.610541902042487
"pcr",1,"components=3",1397,8.24017888524973,6.55794468174838,-0.861229497205486,0.404653817185183,0.451733399517392
"pcr",2,"components=5",1397,8.0405128572249,6.46402023325198,-1.00644707587107,0.433155685271226,0.478402648014178
"pcr",3,"components=10",1397,10.0339237514101,7.83408669310321,-3.16431667930779,0.117249673997925,0.349518006631591
"pcr",4,"components=15",1397,9.41433863394843,7.45761857369869,0.988283270211457,0.222901760000525,0.371596211344543
"pcr",5,"components=20",1397,10.1698341581718,7.94336705673464,0.421807009107309,0.09317384988468,0.29621197127714
"hierarchical",1,"lambda_global=10;lambda_region=30;smooth_ratio=0",1397,13.0598169700449,11.2346811066601,6.42856810089021,-0.495445101845812,0.176101799363156
"hierarchical",2,"lambda_global=100;lambda_region=300;smooth_ratio=0",1397,13.8776332611812,10.7571076774827,3.83328678104194,-0.688601250045277,0.0626070114902493
"hierarchical",3,"lambda_global=1000;lambda_region=3000;smooth_ratio=0",1397,12.2601063077782,9.54723274638501,1.20828338404966,-0.317907002806321,0.0953842866897926
"hierarchical",4,"lambda_global=10;lambda_region=300;smooth_ratio=0",1397,15.3074748136845,12.6468176720474,5.82823441220619,-1.05448701516457,0.0417216058253779
"hierarchical",5,"lambda_global=100;lambda_region=3000;smooth_ratio=0",1397,15.5326483974695,11.8259170721521,3.55926881931324,-1.11537475287521,0.0297710891368465
"hierarchical",6,"lambda_global=1000;lambda_region=30000;smooth_ratio=0",1397,12.4555955512609,9.70042514252388,1.22832849308195,-0.360270529515992,0.0893631738399754
"hierarchical",7,"lambda_global=10;lambda_region=30;smooth_ratio=10",1397,9.15533668195939,7.02159303229283,0.549301562001649,0.265071763902705,0.36256823758929
"hierarchical",8,"lambda_global=100;lambda_region=300;smooth_ratio=10",1397,11.4986590473098,9.38386439336053,-0.665374479032196,-0.159286255873215,0.157174487872954
"hierarchical",9,"lambda_global=1000;lambda_region=3000;smooth_ratio=10",1397,10.9015376413846,8.74123323317384,-0.379325930360747,-0.0420098181682542,0.154520925931473
"hierarchical",10,"lambda_global=10;lambda_region=300;smooth_ratio=10",1397,13.2750679843377,10.2237195810211,1.78674774603073,-0.545146994350732,0.0948028961857893
"hierarchical",11,"lambda_global=100;lambda_region=3000;smooth_ratio=10",1397,13.4817756496554,10.9873783649659,-0.185878946768555,-0.593640966215904,0.0841498030283079
"hierarchical",12,"lambda_global=1000;lambda_region=30000;smooth_ratio=10",1397,11.1247710850447,8.93744320643356,-0.329788816695613,-0.0851217292302242,0.143164251540573
"stress_lag",1,"lambda=10;smooth_ratio=0;threshold=0.75;temperature_variable=MAX;precipitation_variable=PCP",1397,25.8812791472757,20.1965534762341,-0.993680801583971,-4.87310503117321,0.0908310321012323
"stress_lag",2,"lambda=100;smooth_ratio=0;threshold=0.75;temperature_variable=MAX;precipitation_variable=PCP",1397,31.6971691974948,24.0088416236322,-4.31997500086284,-7.8092158164851,0.0555586720743705
"stress_lag",3,"lambda=1000;smooth_ratio=0;threshold=0.75;temperature_variable=MAX;precipitation_variable=PCP",1397,23.8059909253527,18.2833806168152,0.0356381662331766,-3.96899799051304,0.0528068199540347
"stress_lag",4,"lambda=10000;smooth_ratio=0;threshold=0.75;temperature_variable=MAX;precipitation_variable=PCP",1397,11.4901216001093,8.86433101528237,-0.310504187744481,-0.157565416790704,0.184804525236302
"stress_lag",5,"lambda=10;smooth_ratio=10;threshold=0.75;temperature_variable=MAX;precipitation_variable=PCP",1397,16.0719217012069,12.3736307874346,-2.42320439246583,-1.26481070752407,0.188764574622024
"stress_lag",6,"lambda=100;smooth_ratio=10;threshold=0.75;temperature_variable=MAX;precipitation_variable=PCP",1397,19.2795826414935,15.7138979687078,-3.38951629781819,-2.25905395220496,0.106090935567276
"stress_lag",7,"lambda=1000;smooth_ratio=10;threshold=0.75;temperature_variable=MAX;precipitation_variable=PCP",1397,21.2148384361921,15.6742809222896,-6.38501266253513,-2.94616964086673,0.0990188424293033
"stress_lag",8,"lambda=10000;smooth_ratio=10;threshold=0.75;temperature_variable=MAX;precipitation_variable=PCP",1397,11.9889727229759,8.59305768441422,-3.79483102156011,-0.260260248685538,0.214813839244719
"stress_lag",9,"lambda=10;smooth_ratio=100;threshold=0.75;temperature_variable=MAX;precipitation_variable=PCP",1397,13.2172611773047,10.5167293367263,0.926873226283568,-0.531719486411276,0.226951328027015
"stress_lag",10,"lambda=100;smooth_ratio=100;threshold=0.75;temperature_variable=MAX;precipitation_variable=PCP",1397,19.5538681276143,15.6348409137375,-5.41532438789556,-2.35244496927718,0.10797625394727
"stress_lag",11,"lambda=1000;smooth_ratio=100;threshold=0.75;temperature_variable=MAX;precipitation_variable=PCP",1397,19.9156853898403,14.5372119929088,-8.81015107801886,-2.47765749916838,0.127588454152609
"stress_lag",12,"lambda=10000;smooth_ratio=100;threshold=0.75;temperature_variable=MAX;precipitation_variable=PCP",1397,11.1574775294962,8.27323201167218,-4.44233695048293,-0.091511549510467,0.264089116265509
"anomaly_linear",1,"lambda=10;smooth_ratio=0;threshold=0.75;temperature_variable=MAX;precipitation_variable=PCP;components=linear;regional_effects=TRUE",1397,12.5225855342656,9.48232346650801,4.01760862728185,-0.374941774567561,0.259991143160618
"anomaly_linear",2,"lambda=100;smooth_ratio=0;threshold=0.75;temperature_variable=MAX;precipitation_variable=PCP;components=linear;regional_effects=TRUE",1397,10.3848577170068,8.18080349098432,2.83267571732529,0.0544219222805455,0.270075744647448
"anomaly_linear",3,"lambda=1000;smooth_ratio=0;threshold=0.75;temperature_variable=MAX;precipitation_variable=PCP;components=linear;regional_effects=TRUE",1397,8.84695380981483,6.91644984738267,0.127525731016668,0.313747699520468,0.3339814219222
"anomaly_linear",4,"lambda=10000;smooth_ratio=0;threshold=0.75;temperature_variable=MAX;precipitation_variable=PCP;components=linear;regional_effects=TRUE",1397,8.48343259823941,6.52320440955015,-0.201678140023933,0.368985235434566,0.369719652553933
"anomaly_linear",5,"lambda=10;smooth_ratio=10;threshold=0.75;temperature_variable=MAX;precipitation_variable=PCP;components=linear;regional_effects=TRUE",1397,7.02028035212037,5.50286623218591,0.168401614409231,0.567879166214895,0.572689362352544
"anomaly_linear",6,"lambda=100;smooth_ratio=10;threshold=0.75;temperature_variable=MAX;precipitation_variable=PCP;components=linear;regional_effects=TRUE",1397,7.08925279721684,5.38590772644349,-1.70332351394202,0.559346503869528,0.599128764418659
"anomaly_linear",7,"lambda=1000;smooth_ratio=10;threshold=0.75;temperature_variable=MAX;precipitation_variable=PCP;components=linear;regional_effects=TRUE",1397,8.31335020694897,6.21466492365447,-1.68218821039165,0.394033737144911,0.42015074434706
"anomaly_linear",8,"lambda=10000;smooth_ratio=10;threshold=0.75;temperature_variable=MAX;precipitation_variable=PCP;components=linear;regional_effects=TRUE",1397,8.57250703338321,6.57021235220829,-0.346074758678987,0.355664597595526,0.35694797882456
"anomaly_linear",9,"lambda=10;smooth_ratio=100;threshold=0.75;temperature_variable=MAX;precipitation_variable=PCP;components=linear;regional_effects=TRUE",1397,7.20890500898742,5.70789851495021,-1.90631530950689,0.544346301761884,0.583650426407748
"anomaly_linear",10,"lambda=100;smooth_ratio=100;threshold=0.75;temperature_variable=MAX;precipitation_variable=PCP;components=linear;regional_effects=TRUE",1397,7.97497488880973,6.16334976848763,-2.569306511908,0.44235868560788,0.500337055418457
"anomaly_linear",11,"lambda=1000;smooth_ratio=100;threshold=0.75;temperature_variable=MAX;precipitation_variable=PCP;components=linear;regional_effects=TRUE",1397,8.63840142154941,6.44289412638655,-2.42125337053581,0.345720886034378,0.40055049223648
"anomaly_linear",12,"lambda=10000;smooth_ratio=100;threshold=0.75;temperature_variable=MAX;precipitation_variable=PCP;components=linear;regional_effects=TRUE",1397,8.58022733058033,6.55705211016023,-0.523253635595176,0.354503513503853,0.357044277559865
"anomaly_tails",1,"lambda=10;smooth_ratio=0;threshold=0.75;temperature_variable=MAX;precipitation_variable=PCP;components=linear,upper_tail,lower_tail;regional_effects=TRUE",1397,19.9186630042989,16.6767014820992,5.40560801518404,-2.47869747315385,0.100528968179876
"anomaly_tails",2,"lambda=100;smooth_ratio=0;threshold=0.75;temperature_variable=MAX;precipitation_variable=PCP;components=linear,upper_tail,lower_tail;regional_effects=TRUE",1397,26.1551427941094,21.0930106396749,2.05424379650394,-4.99805556251273,0.0479325242534149
"anomaly_tails",3,"lambda=1000;smooth_ratio=0;threshold=0.75;temperature_variable=MAX;precipitation_variable=PCP;components=linear,upper_tail,lower_tail;regional_effects=TRUE",1397,20.8746911405079,16.7248039787199,0.89151159544429,-2.82064257198445,0.0661572451876805
"anomaly_tails",4,"lambda=10000;smooth_ratio=0;threshold=0.75;temperature_variable=MAX;precipitation_variable=PCP;components=linear,upper_tail,lower_tail;regional_effects=TRUE",1397,9.36906080892526,7.42898248777627,-0.395910636271998,0.230358620949226,0.298441102246079
"anomaly_tails",5,"lambda=10;smooth_ratio=10;threshold=0.75;temperature_variable=MAX;precipitation_variable=PCP;components=linear,upper_tail,lower_tail;regional_effects=TRUE",1397,13.7475126054525,11.0213551227219,0.67824711059875,-0.657084087121377,0.201874974848952
"anomaly_tails",6,"lambda=100;smooth_ratio=10;threshold=0.75;temperature_variable=MAX;precipitation_variable=PCP;components=linear,upper_tail,lower_tail;regional_effects=TRUE",1397,20.0222712208526,16.2575198876021,-4.6965967244336,-2.51498093447933,0.108904860658504
"anomaly_tails",7,"lambda=1000;smooth_ratio=10;threshold=0.75;temperature_variable=MAX;precipitation_variable=PCP;components=linear,upper_tail,lower_tail;regional_effects=TRUE",1397,15.9704616302176,12.1956500784915,-6.50638404488422,-1.23630602113442,0.183520393222602
"anomaly_tails",8,"lambda=10000;smooth_ratio=10;threshold=0.75;temperature_variable=MAX;precipitation_variable=PCP;components=linear,upper_tail,lower_tail;regional_effects=TRUE",1397,8.86459450383194,6.8755096629974,-2.56148559510121,0.311008217282734,0.382456698373144
"anomaly_tails",9,"lambda=10;smooth_ratio=100;threshold=0.75;temperature_variable=MAX;precipitation_variable=PCP;components=linear,upper_tail,lower_tail;regional_effects=TRUE",1397,14.0904870590838,11.6502670279143,-0.865410482586117,-0.740797701242486,0.215679802661778
"anomaly_tails",10,"lambda=100;smooth_ratio=100;threshold=0.75;temperature_variable=MAX;precipitation_variable=PCP;components=linear,upper_tail,lower_tail;regional_effects=TRUE",1397,19.1650708134402,15.0873718713017,-7.0432046445021,-2.22045437107186,0.132979253419245
"anomaly_tails",11,"lambda=1000;smooth_ratio=100;threshold=0.75;temperature_variable=MAX;precipitation_variable=PCP;components=linear,upper_tail,lower_tail;regional_effects=TRUE",1397,14.9892030459937,11.7193737124142,-8.38579446520706,-0.969941724987821,0.237606466251058
"anomaly_tails",12,"lambda=10000;smooth_ratio=100;threshold=0.75;temperature_variable=MAX;precipitation_variable=PCP;components=linear,upper_tail,lower_tail;regional_effects=TRUE",1397,8.92596069185792,7.01301131631484,-2.94806839118212,0.30143594724889,0.38642361740157
"stress_unsmoothed",1,"lambda=10;smooth_ratio=0;threshold=0.75;temperature_variable=MAX;precipitation_variable=PCP;components=linear,upper_tail,lower_tail,compound_hot_dry;regional_effects=TRUE",1397,25.8812791472757,20.1965534762341,-0.993680801583971,-4.87310503117321,0.0908310321012323
"stress_unsmoothed",2,"lambda=100;smooth_ratio=0;threshold=0.75;temperature_variable=MAX;precipitation_variable=PCP;components=linear,upper_tail,lower_tail,compound_hot_dry;regional_effects=TRUE",1397,31.6971691974948,24.0088416236322,-4.31997500086284,-7.8092158164851,0.0555586720743705
"stress_unsmoothed",3,"lambda=1000;smooth_ratio=0;threshold=0.75;temperature_variable=MAX;precipitation_variable=PCP;components=linear,upper_tail,lower_tail,compound_hot_dry;regional_effects=TRUE",1397,23.8059909253527,18.2833806168152,0.0356381662331766,-3.96899799051304,0.0528068199540347
"stress_unsmoothed",4,"lambda=10000;smooth_ratio=0;threshold=0.75;temperature_variable=MAX;precipitation_variable=PCP;components=linear,upper_tail,lower_tail,compound_hot_dry;regional_effects=TRUE",1397,11.4901216001093,8.86433101528237,-0.310504187744481,-0.157565416790704,0.184804525236302
"stress_no_region",1,"lambda=10;smooth_ratio=0;threshold=0.75;temperature_variable=MAX;precipitation_variable=PCP;components=linear,upper_tail,lower_tail,compound_hot_dry;regional_effects=FALSE",1397,50.3833479411875,37.2358762901932,-9.92288414452493,-21.2571903029491,0.0409147122543784
"stress_no_region",2,"lambda=100;smooth_ratio=0;threshold=0.75;temperature_variable=MAX;precipitation_variable=PCP;components=linear,upper_tail,lower_tail,compound_hot_dry;regional_effects=FALSE",1397,42.2769411507846,31.3592347125178,-9.21772145821434,-14.6712416875772,0.0426853506592643
"stress_no_region",3,"lambda=1000;smooth_ratio=0;threshold=0.75;temperature_variable=MAX;precipitation_variable=PCP;components=linear,upper_tail,lower_tail,compound_hot_dry;regional_effects=FALSE",1397,24.9054395503808,19.200907965878,-0.285247985436336,-4.4385699094197,0.0495769415497436
"stress_no_region",4,"lambda=10000;smooth_ratio=0;threshold=0.75;temperature_variable=MAX;precipitation_variable=PCP;components=linear,upper_tail,lower_tail,compound_hot_dry;regional_effects=FALSE",1397,11.5537627647593,8.91401630291941,-0.320858952096065,-0.170423910587629,0.182936134569523
"stress_no_region",5,"lambda=10;smooth_ratio=10;threshold=0.75;temperature_variable=MAX;precipitation_variable=PCP;components=linear,upper_tail,lower_tail,compound_hot_dry;regional_effects=FALSE",1397,38.7304519656041,28.5904983020841,-13.222009957247,-12.1522914385781,0.0536734641539673
"stress_no_region",6,"lambda=100;smooth_ratio=10;threshold=0.75;temperature_variable=MAX;precipitation_variable=PCP;components=linear,upper_tail,lower_tail,compound_hot_dry;regional_effects=FALSE",1397,28.7503070419134,22.5704852515446,-8.42657808852044,-6.24738391847453,0.0685865950787366
"stress_no_region",7,"lambda=1000;smooth_ratio=10;threshold=0.75;temperature_variable=MAX;precipitation_variable=PCP;components=linear,upper_tail,lower_tail,compound_hot_dry;regional_effects=FALSE",1397,22.6354250843088,16.600383336391,-7.0234622622729,-3.49235019005532,0.0939596498200043
"stress_no_region",8,"lambda=10000;smooth_ratio=10;threshold=0.75;temperature_variable=MAX;precipitation_variable=PCP;components=linear,upper_tail,lower_tail,compound_hot_dry;regional_effects=FALSE",1397,12.061410750174,8.63881716287091,-3.82283107671867,-0.275535378620565,0.213068872441591
"stress_no_region",9,"lambda=10;smooth_ratio=100;threshold=0.75;temperature_variable=MAX;precipitation_variable=PCP;components=linear,upper_tail,lower_tail,compound_hot_dry;regional_effects=FALSE",1397,32.7161112064156,25.3417981532365,-10.3104112291298,-8.38468381615523,0.0596985642644058
"stress_no_region",10,"lambda=100;smooth_ratio=100;threshold=0.75;temperature_variable=MAX;precipitation_variable=PCP;components=linear,upper_tail,lower_tail,compound_hot_dry;regional_effects=FALSE",1397,28.8890666101019,21.4520461246838,-11.2144928458405,-6.3175098246323,0.0770058381631653
"stress_no_region",11,"lambda=1000;smooth_ratio=100;threshold=0.75;temperature_variable=MAX;precipitation_variable=PCP;components=linear,upper_tail,lower_tail,compound_hot_dry;regional_effects=FALSE",1397,21.2919089193084,15.358487363638,-9.50904765194786,-2.97489346432395,0.120852824870393
"stress_no_region",12,"lambda=10000;smooth_ratio=100;threshold=0.75;temperature_variable=MAX;precipitation_variable=PCP;components=linear,upper_tail,lower_tail,compound_hot_dry;regional_effects=FALSE",1397,11.2209702100273,8.3141685939894,-4.47258331903474,-0.103969595075813,0.261940121093717
"gam",1,"gamma=1",1397,9.55153762045275,7.80557356097827,-2.22541083719748,0.200086779100411,0.488542131609777
"gam",2,"gamma=1.4",1397,9.5032395066713,7.76515607430525,-2.22669306089998,0.208155976454077,0.490452953343697
"gam",3,"gamma=2",1397,9.44801421031164,7.72162604432173,-2.17099859707443,0.217332375577681,0.48987657426816
"random_forest",1,"mtry=4;node=5",1397,9.82839994857184,7.86611791438797,-2.09151860424719,0.15304188081489,0.191874475533429
"random_forest",2,"mtry=8;node=5",1397,9.54962578805584,7.64828866530661,-1.80506649751849,0.200406967748378,0.231960923362222
"random_forest",3,"mtry=16;node=5",1397,9.63450634466871,7.69132674168456,-1.50688274096874,0.186129648537603,0.227006889730828
"random_forest",4,"mtry=4;node=15",1397,9.83796805320802,7.87048641300972,-1.99855772402234,0.151392023558183,0.186918305702362
"random_forest",5,"mtry=8;node=15",1397,9.59525780181046,7.6690574792298,-1.81270778515526,0.192747146086143,0.225121614299065
"random_forest",6,"mtry=16;node=15",1397,9.62154648547126,7.67546930258274,-1.60480802720646,0.188317731808042,0.229461255859236
"random_forest",7,"mtry=4;node=30",1397,9.83725488192333,7.86916628713004,-1.93316965365495,0.151515053212555,0.184678756287904
"random_forest",8,"mtry=8;node=30",1397,9.63750551006071,7.70091337672608,-1.72286942414754,0.185622863523774,0.215383699364401
"random_forest",9,"mtry=16;node=30",1397,9.58444532646581,7.64965127213039,-1.61038542764994,0.194565436732103,0.232611182056677
