RS,Region,barley,basic.and.mixed.cereals,basic.cereals,cereals.grand.total,mixed.cereals,oats,permanent.meadows,permanent.pastures,potatoes,rape.and.turnip.rape,rye,sugar.beets,triticale,wheat
1001,DOLNOŚLĄSKIE,74020.2381,455793.0476,434765.1429,537915.4762,21028.04762,20475.19048,117511.3333,41763.42857,29256.90476,100995.2857,37654.52381,23139.80952,30734.14286,271881.0476
1002,KUJAWSKO-POMORSKIE,113594.7143,594434.7619,510356.4762,642346.381,84078.47619,13435.52381,85777.61905,24025.28571,28205.38095,82321.2381,78647.19048,44574.42857,103774.1905,200904.8095
1003,ŁÓDZKIE,54868.09524,598708.9524,473343.6667,617409.6667,125365.381,41330.33333,138087.381,30706.14286,66680.66667,14624.66667,167275.9048,8361,107455.7619,102413.619
1004,LUBELSKIE,124521.1905,811695.9524,688079.2381,849719.4286,123616.9048,71416,218320.2857,31511.33333,52548,47986.14286,88483.61905,38757.95238,108423.619,295234.9048
1005,LUBUSKIE,31005.90476,197401.5714,180920.8571,218387.9048,16480.7619,10972.90476,85281.57143,22930.95238,9347.714286,26834.14286,45126,2259.904762,35571.33333,58244.7619
1006,MAŁOPOLSKIE,41927.80952,227518.5714,194677.619,243692.7619,32841,21299.38095,191312.2381,39907.7619,45660.38095,5236.52381,9618.714286,1450.619048,17929.52381,103902.2857
1007,MAZOWIECKIE,62088.80952,950674.0476,749290.7143,991996.9524,201383.4286,99714.90476,411840.2381,118954.4762,88600.09524,30729.95238,263315.0476,19000.33333,173087.7619,151084.1905
1008,OPOLSKIE,64797.85714,294711.4762,266113.9048,339288.9524,28597.66667,6981.809524,46274.2381,7697.714286,12505.57143,65662.04762,16172.38095,17455.66667,25030.42857,153131.5714
1009,PODKARPACKIE,24354.33333,239851.7619,207439.8571,259506.381,32411.95238,27669.09524,173898.8571,49624.52381,47252.95238,15252,22458.95238,5219.714286,19852.71429,113104.8571
1010,PODLASKIE,22742.52381,473045.5714,284738.4286,486728.381,188307.0952,48169.04762,283935,104471.8095,31278.19048,6946.714286,87536.28571,2684.047619,75737.28571,50553.38095
1011,POMORSKIE,50405.61905,404631.8571,355310,417597.1429,49321.85714,30813.33333,99949.14286,39205.14286,27296.42857,56666.19048,70438.04762,11398.04762,58113.2381,145539.7143
1012,ŚLĄSKIE,34347.7619,200690.5238,174740.4286,217344.0476,25950.19048,13595.19048,82708,16873.85714,18139.90476,16898.38095,30005.47619,2168.238095,31415.80952,65376.2381
1013,ŚWIĘTOKRZYSKIE,54574.2381,258086.5238,223617.4286,265961,34469.14286,17380.95238,100963.1905,15004.57143,31958.47619,6216.333333,34310.90476,6692.333333,37557.47619,79793.80952
1014,WARMIŃSKO-MAZURSKIE,50387.19048,422038.1429,351241.8571,435738.9048,70796.28571,24740.42857,180531.1429,142117.9524,15840.7619,59352.19048,45878.71429,3881.095238,80571.2381,149664.3333
1015,WIELKOPOLSKIE,160307.6667,1016228.19,845014,1099767.81,171214.0952,42518.90476,215556.3333,33987.09524,54236.90476,94797.90476,216681.8571,48492.04762,211963.0952,213542.4762
1016,ZACHODNIOPOMORSKIE,71133.42857,444662.3333,423137.7143,462180.0476,21524.61905,34711.28571,124533.0952,40788.57143,20102.80952,91271.19048,82259.85714,12194.38095,53117.85714,181915.2857
1,POLAND,1035077.381,7590173.285,6362787.333,8085581.239,1227386.905,525224.2857,2556479.667,759570.619,578911.1428,721790.9048,1295863.476,247729.619,1170335.476,2336287.286
