File,SHA256
crop_areas.csv,83ebba0b768cfa7d2178ba4fa4c0183b9ae01eda1cb6afa7b95d09d105c6b15a
crop_seasons.csv,f97661625ecbfccf8a7810d5b4c412d8b86fa96e92eaba65b29e6735e5e53edd
weather/pl_1001.dat,c60cde20d2c9559064cb3a3682d95133f94b9ff5d01dd351d08889c339d5c297
weather/pl_1002.dat,77aeca5101b53fb9dbef73b63fb22f32e59d6b227c3465b4afc9e28df8323762
weather/pl_1003.dat,d4f681c49820161826bf0f5ab48fff7145983ae236f833dafd9e2c9f89cdf0d2
weather/pl_1004.dat,3dd7ca4d25b6042685aaeb0cd03735e4485ae4d0ce0d0f67185cb447aa2abc91
weather/pl_1005.dat,e5ed97488557efc9d22fa3b43f4e7568dc76c93481abc5d0c3b4a65aba6680ac
weather/pl_1006.dat,69de8b5330150ce6d33ddfdd6159d805f690169890189a93821b3ec2e4c220a5
weather/pl_1007.dat,72190e767dcab8f06e2423ca9720ff09fe30dcc5f4ad1ca79459821ed6f0763d
weather/pl_1008.dat,fb9c8dc08b4188f748a164ef7841e4c614c43bbcd23675c7a35d9b0896a31938
weather/pl_1009.dat,062e3902a2828757afe38ffb044523f974f49339d636bea1d37e98bdf123e3c9
weather/pl_1010.dat,e33e2b1ebb8fb1b094d5c7420d5f29388957d37124c06fe4f832f5480f6fff50
weather/pl_1011.dat,f42b7ddbe36c0945032c125e064f36f3432b755118353fee01217da73d95e8b5
weather/pl_1012.dat,624286d39ce4bb85d7b376131649a9f90caed9182770008726b7bb834f75f2b5
weather/pl_1013.dat,8a42f60601d185bb0faf851a1cf5d72829eb85a75f6160dac8219179f723038a
weather/pl_1014.dat,1b74731587c598f7d86e945ba69e1853579d3d718dee1a546944d549eec5e735
weather/pl_1015.dat,d2490634abe0f0e7e3103442fd0def9acd3e1a157ccd06bf946ed5a8bbce309c
weather/pl_1016.dat,71a9bbf4aa61d716e14e2398194421af0b5dc7c584ac8f2546aa865d2c7924a1
yield.csv,9f3d5b589e0188c54db88cc4701ed2efe59924918d4775e33d92e3a24cd8cbc5
