Year,RS,Region,barley,basic.and.mixed.cereals,basic.cereals,cereals.grand.total,mixed.cereals,oats,permanent.meadows,permanent.pastures,potatoes,rape.and.turnip.rape,rye,sugar.beets,triticale,wheat
1999,1001,DOLNOŚLĄSKIE,35.1,36.5,36.9,37.6,31.3,30,34.5,136,183,22.7,27.5,356,35,40
2000,1001,DOLNOŚLĄSKIE,31.5,34.7,35.2,37.1,27.1,27,31.3,137,233,23.2,25.4,409,31.3,38.9
2001,1001,DOLNOŚLĄSKIE,33.1,36,36.5,38.7,28,26.8,33.9,141,181,23.1,26.8,398,32.1,40
2002,1001,DOLNOŚLĄSKIE,34.3,39,39.5,43.6,30.4,29.7,33.3,119,216,21.8,28.9,413,34.5,43.3
2003,1001,DOLNOŚLĄSKIE,31.1,33.4,34,36.8,24.3,24.6,25,96,180,19.3,24.3,366,29.3,37.2
2004,1001,DOLNOŚLĄSKIE,40.1,44,44.7,46.5,33.2,32.7,35.3,115,221,34.4,35,425,37.5,48.7
2005,1001,DOLNOŚLĄSKIE,39.1,41.5,42.1,43.9,32.7,31.1,31.6,128,216,29.1,30.8,509,37.8,46.4
2006,1001,DOLNOŚLĄSKIE,26.9,31.1,31.7,32.2,22.9,23.7,32.3,108,167,28.5,24.6,428,28.5,35.5
2007,1001,DOLNOŚLĄSKIE,34.3,38.3,38.9,40.9,29.2,27.3,42.6,145,234,25.8,30,535,34.8,43.4
2008,1001,DOLNOŚLĄSKIE,35.3,39.2,40,41.5,24.8,25.9,38.8,141,209,26.4,29.2,461,33.2,45.5
2009,1001,DOLNOŚLĄSKIE,35.9,40.2,40.6,41.8,30.9,30.2,40.6,166,204,30.1,29.7,537,38.4,45
2010,1001,DOLNOŚLĄSKIE,39.1,44.9,45.3,46.5,30.1,29.7,41.6,153,207,20.7,31.8,539,36.6,51.3
2011,1001,DOLNOŚLĄSKIE,39.3,42.9,43.3,45.6,30.1,30.2,42.8,137,259,26,31,635,36.3,48.1
2012,1001,DOLNOŚLĄSKIE,40.5,41.4,41.7,46.8,33.4,31.3,45.4,155,278,23,32.9,608,36.9,44.8
2013,1001,DOLNOŚLĄSKIE,40,44,44.3,46.9,34.2,30.6,44.8,171,245,27.6,33.5,551,38.5,48.6
2014,1001,DOLNOŚLĄSKIE,46.4,49.9,50.1,53,37.4,34.6,53,172.1,293,33,36.8,752,44,54
2015,1001,DOLNOŚLĄSKIE,42.9,47.3,47.6,47,31.9,31.7,43,130,209,28.7,34.5,503,38.9,51.9
2016,1001,DOLNOŚLĄSKIE,44.6,48.8,49.1,51.2,33.8,34.4,48.5,160,273,30.1,36.2,579,43.5,52.7
2017,1001,DOLNOŚLĄSKIE,45.3,49.1,49.7,52,35,34.9,49.7,153.1,350.4,31.1,37.1,713.7,45,53.8
2018,1001,DOLNOŚLĄSKIE,38,41.2,41.9,44.2,28.7,29.3,37.5,136.5,283.7,28,30.9,569.8,37.6,45
2019,1001,DOLNOŚLĄSKIE,39.5,42.9,43.6,44.6,28.1,30.2,37.6,137.8,211.9,26.7,33.4,562.2,40.3,47.1
1999,1002,KUJAWSKO-POMORSKIE,31.2,31.8,32.1,31.9,30.2,27.7,51.9,189,159,20,25.3,308,34.6,37.2
2000,1002,KUJAWSKO-POMORSKIE,23.2,24.8,25.5,25,21.2,17.6,40.7,166,202,22.3,19,411,27.9,31.1
2001,1002,KUJAWSKO-POMORSKIE,33.4,33.5,34.2,34,29.9,27.7,51.2,190,176,27.7,26.4,379,35.5,38.3
2002,1002,KUJAWSKO-POMORSKIE,33.2,34.8,35.7,35.6,30.2,27.9,51.6,209,204,25.2,26.1,455,36.8,41.9
2003,1002,KUJAWSKO-POMORSKIE,27.2,29.1,29.9,30.1,25.4,20.8,44,169,198,20.1,21.5,444,31,34.8
2004,1002,KUJAWSKO-POMORSKIE,36,37.7,38.6,38.7,33.4,30.4,53.6,206,223,33.4,30,469,37.6,45.4
2005,1002,KUJAWSKO-POMORSKIE,29.3,31.7,32.8,32.4,25.7,23.1,41.1,186,170,30.8,23.6,373,33.3,39.7
2006,1002,KUJAWSKO-POMORSKIE,27.9,29.9,31.1,30.3,24.6,21.3,40.2,153,159,26.4,23.4,469,31.9,37.1
2007,1002,KUJAWSKO-POMORSKIE,34.5,35.5,36.5,36.5,30.4,27.6,56.5,197,226,27.7,25.5,556,36.9,43
2008,1002,KUJAWSKO-POMORSKIE,25.4,31.9,33.2,32.8,23.6,19.6,42.8,182,183,29.1,23.5,522,35.9,41.6
2009,1002,KUJAWSKO-POMORSKIE,33.8,37.1,38,38,30.7,30.1,51.6,195,202,30.8,27.2,566,38.7,44.6
2010,1002,KUJAWSKO-POMORSKIE,32.9,36.6,37.5,37.6,30,26.8,50.7,190,229,28.5,24.9,479,37.9,44.7
2011,1002,KUJAWSKO-POMORSKIE,32.1,35.7,36.6,37.8,29.7,25.6,52.6,191,235,19.3,24.6,561,37,43.4
2012,1002,KUJAWSKO-POMORSKIE,36.5,36.2,36.7,40.5,34,31.3,53.4,192,242,23.8,28.4,601,35.5,41.3
2013,1002,KUJAWSKO-POMORSKIE,37.9,40.7,41.6,44.2,33.6,30.6,54,192,234,32,30.1,605,41.4,48.6
2014,1002,KUJAWSKO-POMORSKIE,40.2,44.7,45.6,46.5,35,32.3,49.7,206.4,272,34.9,32.5,619,43.9,52.4
2015,1002,KUJAWSKO-POMORSKIE,32,38.4,39.3,39.6,29.2,27.1,42.3,178,250,28.6,27,472,38.8,45.4
2016,1002,KUJAWSKO-POMORSKIE,36,38.5,39,42.6,33.6,29.3,50,184,304,24.9,29.5,622,39.6,43
2017,1002,KUJAWSKO-POMORSKIE,40.1,43.2,44,46.5,36.3,33,54,213.3,289.8,31,31.5,709.7,43.9,50.2
2018,1002,KUJAWSKO-POMORSKIE,30,33,33.8,36.1,26.7,23.1,45.1,160,213.7,22.2,24.6,596.4,33.9,38.3
2019,1002,KUJAWSKO-POMORSKIE,33.9,38.3,39.3,40.4,30.9,28,42.1,172.7,198.8,26.6,29.4,566.3,40.1,44.8
1999,1003,ŁÓDZKIE,27.9,24.4,23.7,24.5,27.9,25.4,49.7,180,137,20.2,20.2,275,28.3,28.9
2000,1003,ŁÓDZKIE,22.1,20.4,20.3,20.5,20.8,18.2,44.9,175,189,19.4,17.6,382,23.6,25.4
2001,1003,ŁÓDZKIE,27,25.9,26.1,26.1,25.5,24.3,54.8,194,139,22.1,23.6,270,29.6,29.5
2002,1003,ŁÓDZKIE,28.2,26.8,26.6,27.2,27.1,24.7,52.5,180,176,22.3,23.4,365,30.2,31.2
2003,1003,ŁÓDZKIE,24.2,22.6,22.7,23.1,22.3,19.9,41,152,156,20,19.4,400,26,27.4
2004,1003,ŁÓDZKIE,31.1,30.3,30.5,30.8,29.5,27.8,51.1,177,192,30.5,27,425,33.4,36.5
2005,1003,ŁÓDZKIE,28.3,26.9,27,27.2,26.6,23.1,44.6,138,160,22.9,22.3,361,30.9,33.2
2006,1003,ŁÓDZKIE,23.7,22.7,23,22.9,21.6,19,43.4,148,142,21.1,19.1,399,26.1,27.9
2007,1003,ŁÓDZKIE,31.3,29.6,29.6,29.9,29.4,26.1,64.4,206,228,22.1,23.6,549,33.6,36.4
2008,1003,ŁÓDZKIE,26.9,27.6,28.4,28,25,21.8,51,193,186,25.8,23.2,438,33.6,34.1
2009,1003,ŁÓDZKIE,32.2,31.1,31.6,31.4,29.6,26.8,63.5,201,210,27.5,25.6,549,35.3,37.9
2010,1003,ŁÓDZKIE,31.9,30.8,31,31.3,30,28.5,58,195,210,23.7,23,421,34.6,38.5
2011,1003,ŁÓDZKIE,32.3,31.2,31.4,31.9,30.5,25.8,62.9,211,261,19.5,23.4,493,35,38.6
2012,1003,ŁÓDZKIE,31.8,29.6,29.3,31,30.6,27.7,59.3,203,266,18.1,24.9,506,30.2,33.6
2013,1003,ŁÓDZKIE,30.2,29.8,30.1,31,28.1,25.8,57.3,209,191,27,24.1,516,33.9,36.6
2014,1003,ŁÓDZKIE,36.3,36,36.5,37.3,33.9,30.6,69.7,222,291,33.2,28.7,686,39.8,43.9
2015,1003,ŁÓDZKIE,30.4,30.3,30.9,30.5,27.2,24.1,49.2,160,188,27.2,24.5,511,33.1,36.3
2016,1003,ŁÓDZKIE,31,31.1,31.3,33.4,30.2,27.6,61.7,198,296,23.9,25.2,552,34,35.2
2017,1003,ŁÓDZKIE,34.1,35.2,35.6,36.3,32.9,30.3,66,202.7,272.4,29.1,28,719.3,38.6,42.6
2018,1003,ŁÓDZKIE,28.1,28.7,29.1,30.1,26.9,24.2,59.7,196.9,251.8,24.3,23.1,669.9,31.8,34.9
2019,1003,ŁÓDZKIE,28.2,28.6,29.4,29.4,24.6,23.2,48.7,162.4,228.2,26.7,24,588.9,32.9,34.6
1999,1004,LUBELSKIE,28.6,28,28.2,27.8,27.2,24.9,48.1,178,160,27.6,23.3,374,27.3,31.5
2000,1004,LUBELSKIE,26.2,24.6,25,24.5,22.7,17.6,39.6,156,182,23.5,18.7,387,22.2,29.9
2001,1004,LUBELSKIE,28.3,27.3,27.5,27.4,26.1,23.9,44.5,169,164,22.6,23,362,26.8,30.2
2002,1004,LUBELSKIE,31.1,29.7,30,29.9,27.8,23.4,41.9,153,189,22.5,22.6,433,28.6,34.9
2003,1004,LUBELSKIE,30.1,28.2,28.6,28.5,26.6,23.2,39,134,178,23.3,22.7,462,27.2,31.9
2004,1004,LUBELSKIE,31.3,31,31.4,31.3,29.4,28,47.7,148,193,33.1,25.8,455,29.9,35.3
2005,1004,LUBELSKIE,30.1,29.4,29.9,29.6,26.9,23.8,42.6,162,174,20.4,23.8,385,28.9,33.9
2006,1004,LUBELSKIE,22.4,21.6,22.1,21.5,19,16.5,35.4,124,155,23.1,17.2,411,18.9,26.3
2007,1004,LUBELSKIE,29.8,28.5,28.9,28.5,26.3,22.9,47,166,200,20.1,22.2,489,26,33.5
2008,1004,LUBELSKIE,33.4,33,33.6,33.3,30,27,48,169,202,20.3,26.8,455,32.8,38
2009,1004,LUBELSKIE,31.1,30.2,30.6,30.3,28,25.4,37.3,160,189,21,24.4,559,27.4,35
2010,1004,LUBELSKIE,30.5,31.5,31.1,31.5,33.7,24.1,45.7,165,266,22.1,23.6,479,26.5,37.2
2011,1004,LUBELSKIE,31.2,30.8,31.4,31.1,27.3,24.6,42.8,179,234,24.1,24,545,28.4,36.2
2012,1004,LUBELSKIE,32.8,31.9,32.3,32.5,30.2,28.2,44.2,164,230,24.2,25.3,524,28.8,36.1
2013,1004,LUBELSKIE,32.3,31.5,32.2,32.8,27.6,27,43.3,180,224,24.5,24.6,559,29.1,36.6
2014,1004,LUBELSKIE,35.6,38.7,39.5,39.7,33.5,30.2,45.6,186.5,282,29.5,30.4,610,38,45.6
2015,1004,LUBELSKIE,34.2,37.2,38,37,30.9,29.6,39.8,161,214,24.8,29.5,518,34.5,44.1
2016,1004,LUBELSKIE,38.1,40.7,41.7,41.1,31,29.3,48.4,195,300,25.4,30.8,619,35.9,49.4
2017,1004,LUBELSKIE,40.3,43.4,44.5,43.9,33.8,32,49,171.5,289,32.7,31.7,588.4,40.5,52.4
2018,1004,LUBELSKIE,36.9,38.1,38.9,38.7,29.6,25.1,47.8,166,279.9,29.9,26.2,586.6,33.2,47.1
2019,1004,LUBELSKIE,37.6,38.6,39.6,39.5,28.1,25.3,47.8,166.3,195.1,26.1,26.4,534.4,33,47.5
1999,1005,LUBUSKIE,30,29.4,29.6,30.1,28.3,27,26,103,169,18.8,24.2,293,33,34.6
2000,1005,LUBUSKIE,20.8,22.2,22.5,23.1,19.8,17.2,22,95,201,16,18.7,317,25.4,27.2
2001,1005,LUBUSKIE,30.4,30.4,30.7,31.3,27.6,26.2,23.3,111,198,23.7,25.5,295,32.7,35.7
2002,1005,LUBUSKIE,25.5,28.6,28.3,29.8,31.1,23.5,21.9,71,213,16.3,23.5,490,28.8,34.5
2003,1005,LUBUSKIE,17.5,19,19.4,20.9,16.6,15,16,71,168,16.6,16.7,364,20.8,23.3
2004,1005,LUBUSKIE,35.3,35.9,36.4,37.6,31.5,30.7,25.2,95,202,29.7,30,399,38.5,42.4
2005,1005,LUBUSKIE,31.1,31.1,31.4,32.9,27.4,26.8,28.6,93,189,27.5,24.3,365,34.1,37.2
2006,1005,LUBUSKIE,19.6,20.4,21,20.6,15.4,14.5,25.6,77,108,24.3,17.7,304,22.8,25.1
2007,1005,LUBUSKIE,27.9,28.6,28.9,30.5,25.7,22.8,41.9,142,204,29.1,23.9,442,31.3,34.4
2008,1005,LUBUSKIE,19.7,24.4,25.3,25.3,15.3,13.3,38.6,122,177,26.1,21.2,409,28.4,32.8
2009,1005,LUBUSKIE,35.4,36.2,36.9,37.1,30.2,27.3,40.8,103,191,35.3,28.1,467,41.1,44.6
2010,1005,LUBUSKIE,35,35.8,36.3,36.4,27.2,27.2,37.5,89,202,23.1,27.2,535,37.1,45.5
2011,1005,LUBUSKIE,23.8,26.5,27,28,21.5,19.1,35.1,100,222,20.2,20.8,374,28.1,34.1
2012,1005,LUBUSKIE,34.3,36.2,36.7,37.5,31.2,29,38,165,249,28.7,31.6,651,37.5,43.2
2013,1005,LUBUSKIE,40.1,42.7,43.2,43,32.8,29.9,40.8,176,232,30.7,33.9,652,44.5,53
2014,1005,LUBUSKIE,44.1,46.2,46.6,47.1,35.8,33.2,44.6,207.2,313,36,37,768,47.8,54.5
2015,1005,LUBUSKIE,34.2,37.4,37.8,36.4,28.4,25.8,42,140,191,29.6,29.9,582,38.7,43.8
2016,1005,LUBUSKIE,35.8,39.7,40,41.4,30.3,28.8,45.7,177,316,27.3,32.1,708,42.3,45.8
2017,1005,LUBUSKIE,39.2,42,42.4,45,30.7,32.2,49.5,187.3,316.6,26.4,33.9,749.6,44.3,48.3
2018,1005,LUBUSKIE,22.2,26.7,27.3,27.7,19.5,17.7,35.3,146.4,199.7,20.8,23,564.4,30.3,31.1
2019,1005,LUBUSKIE,30.9,31.3,31.9,32,21.3,21.1,39.3,154,187.9,24.1,27.1,582.4,33.1,35.4
1999,1006,MAŁOPOLSKIE,30.1,28.7,28.7,29.1,28.5,24.3,53.5,209,152,22.2,25.8,380,27.1,29.9
2000,1006,MAŁOPOLSKIE,29,27.4,27.6,28.1,26.1,22.9,46.5,208,178,26.5,24.2,393,25.4,29
2001,1006,MAŁOPOLSKIE,27.3,26.6,26.7,27.2,25.6,22.9,49.6,195,124,20.8,24,295,25.2,28
2002,1006,MAŁOPOLSKIE,31.5,29.8,29.9,31,28.9,24.4,48.1,187,184,24.1,26.2,438,27.3,31.5
2003,1006,MAŁOPOLSKIE,30.8,28.6,28.6,29.8,28.6,24.3,39,170,179,20.7,24.9,425,26.5,29.4
2004,1006,MAŁOPOLSKIE,33.9,31.9,32.2,33.3,30.3,25.5,46,168,170,33.1,26.9,438,27.8,34
2005,1006,MAŁOPOLSKIE,33.2,31.8,32.1,33.3,29.9,24.7,47.6,157,178,29,26.3,491,28.5,34.4
2006,1006,MAŁOPOLSKIE,26.6,24.5,24.6,25.6,24,20.9,40.4,141,150,27.6,20.2,471,22.6,25
2007,1006,MAŁOPOLSKIE,32.5,31.3,31.5,32.7,30.1,25.3,44.6,142,177,30.5,26.8,625,28.6,33.3
2008,1006,MAŁOPOLSKIE,33.9,32.3,32.9,34,29.6,24.9,45.4,147,173,29.3,27.7,629,29.4,34.9
2009,1006,MAŁOPOLSKIE,31.9,30.5,31,31.8,27.6,24.2,42.7,146,161,31.8,26.1,584,28.1,32.7
2010,1006,MAŁOPOLSKIE,30.6,29.5,29.9,30.9,27.1,23.9,42.9,153,146,20.7,26,283,26.3,32
2011,1006,MAŁOPOLSKIE,34.2,32.7,33.2,34.9,29.8,25.8,46.8,166,203,25.7,27.3,631,30,35.2
2012,1006,MAŁOPOLSKIE,35.6,33.8,34.3,36.8,30.8,26.4,45.3,159,219,30.8,29.2,656,31,36.1
2013,1006,MAŁOPOLSKIE,31.5,31,31.5,34.6,27.5,24.7,42.7,154,169,28.6,27.4,480,28.6,33.7
2014,1006,MAŁOPOLSKIE,37.9,35.8,36.2,39.6,32.1,26.8,47.6,171.6,250,34.1,29.4,834,32.4,39
2015,1006,MAŁOPOLSKIE,33.7,32.7,33.3,35.2,28.4,24.7,40.7,128,210,25.9,27.4,677,29.8,35.8
2016,1006,MAŁOPOLSKIE,36.7,35.8,36.3,40.3,31.2,26.7,54.7,156,240,30.8,29.2,692,31.3,39.4
2017,1006,MAŁOPOLSKIE,37.7,36.7,37.6,40.6,31.1,27.4,49.5,162.6,220.1,30.5,31.1,685,32.4,41.1
2018,1006,MAŁOPOLSKIE,34.9,34.3,35.3,38.5,28.3,25.8,45.1,148.6,245.1,30.2,28.8,624.9,31.8,38
2019,1006,MAŁOPOLSKIE,34.4,34.7,35.4,38.7,28.2,26,40.4,142.7,205.1,28.9,28.8,635.9,31.5,38.5
1999,1007,MAZOWIECKIE,26,24.3,23.9,24.4,26.1,23.6,50.8,168,143,27.3,21.1,274,26.9,29.3
2000,1007,MAZOWIECKIE,23.6,19.8,19.9,20,19.6,17,41.8,145,187,24.4,16.7,317,23.7,26.8
2001,1007,MAZOWIECKIE,28.2,25.7,25.5,25.9,26.4,23.1,54.4,170,168,26.5,22.9,310,28.6,31
2002,1007,MAZOWIECKIE,27.9,25.8,25.7,26.3,26,22.7,49.8,155,183,21.7,21.9,439,29.1,32.5
2003,1007,MAZOWIECKIE,27.2,25.3,25.3,25.8,25.3,22,46,143,173,17.9,21.6,362,28.6,32.6
2004,1007,MAZOWIECKIE,29.9,28.1,28.2,28.9,27.8,24.1,53.5,152,188,14.6,24.3,373,31.6,36.1
2005,1007,MAZOWIECKIE,28.6,26.4,26.5,27,26.3,22.7,47.7,144,160,18.8,22.3,409,30.1,33.7
2006,1007,MAZOWIECKIE,23.3,20.9,21.1,21.3,20.5,17.3,42.7,129,135,25.6,17.8,433,23.5,27.3
2007,1007,MAZOWIECKIE,28.1,25.4,25.3,26,25.7,21.5,57.8,163,201,31.8,20.1,432,28.7,33.1
2008,1007,MAZOWIECKIE,27.4,27.1,27.5,27.6,25.5,22.7,55.4,159,191,26.7,23.1,382,31.6,35.3
2009,1007,MAZOWIECKIE,26.9,27.3,27.5,27.8,26.4,23.5,55.7,226,166,25.8,22.1,479,31.8,34.9
2010,1007,MAZOWIECKIE,29,27.3,27.4,28.3,26.8,23.4,54.9,163,219,18.7,22.8,449,29.3,34.6
2011,1007,MAZOWIECKIE,28.3,25.9,25.8,26.9,26.1,22,55.7,171,209,22.2,20,400,29.7,32.2
2012,1007,MAZOWIECKIE,31.2,28.3,28.6,29.4,27.2,25.3,61.3,165,221,25.2,22.6,578,30.3,35.2
2013,1007,MAZOWIECKIE,32,28.4,28.9,30,26.6,23.6,59.1,157,204,24.9,22.6,615,30.9,36.6
2014,1007,MAZOWIECKIE,33.3,32.1,32.4,33.7,30.5,27,55,160,246,31.8,26.6,626,33.6,38.9
2015,1007,MAZOWIECKIE,26.7,27.1,27.5,28.2,25.2,22.7,40.9,111,180,23,22.5,562,28.9,32.4
2016,1007,MAZOWIECKIE,31,29.2,29.6,30.9,27.4,25.2,60.5,153,286,21.4,24.3,685,30.5,34.7
2017,1007,MAZOWIECKIE,32,30.8,31.1,32.8,29.4,25.4,60.4,168.1,280.5,25.1,26.2,640.6,32.5,36.8
2018,1007,MAZOWIECKIE,27.7,26.6,26.9,28.9,25.2,22.1,51.4,141.1,260.5,34.6,22.5,608.2,28.4,32
2019,1007,MAZOWIECKIE,29.5,28.8,29.3,30.3,26.5,23,47.4,124.9,215.4,28.8,24.5,533.4,31,34.9
1999,1008,OPOLSKIE,37.1,38.5,39.1,39.7,33.9,32.7,47,217,167,23.4,30.6,385,36.5,42
2000,1008,OPOLSKIE,34.8,38.3,39.5,40.6,29.4,28,44.5,230,219,28.2,28,475,33.5,44.1
2001,1008,OPOLSKIE,40.8,41.9,42.9,44.5,34.2,32.4,46.4,205,185,23.3,31.9,412,38,46.3
2002,1008,OPOLSKIE,36.5,42.6,43.7,46.2,33.8,35,48.2,206,225,25.3,34.9,433,38.1,48.8
2003,1008,OPOLSKIE,36.1,37.7,38.7,40.1,30.8,31.7,39,153,188,21.4,29.1,397,33.2,42.3
2004,1008,OPOLSKIE,45.4,48.7,50.4,50.6,35.9,36.7,54.2,163,212,36.3,37.6,427,40.5,56
2005,1008,OPOLSKIE,43.1,46.2,47.6,48.6,34.9,35.2,40.4,128,213,25,33.8,465,41.7,52.7
2006,1008,OPOLSKIE,32.3,36.2,36.9,36.9,30.9,27.5,38,134,169,28.9,24.9,479,30,42.1
2007,1008,OPOLSKIE,41.3,45.2,46.5,47.6,35,34.4,52.7,161,227,30.8,33.8,576,40.9,52.2
2008,1008,OPOLSKIE,43.9,49.8,51.4,51.8,35.1,34.9,47.6,149,233,29.5,39.6,601,43.9,58.3
2009,1008,OPOLSKIE,44.9,47.1,48.3,49,36.2,34.5,51.1,145,215,35.6,36.1,603,45.2,52.4
2010,1008,OPOLSKIE,44,48.5,49.6,50.9,35.8,32.9,56.4,167,251,24.3,37.7,499,44.7,54.8
2011,1008,OPOLSKIE,45.8,50.8,52.5,56,34,36.7,70.3,205,302,29.1,36.4,677,45.6,58.1
2012,1008,OPOLSKIE,46.5,51.1,53.1,57.5,35.8,38.6,57.3,237,309,30.5,37.1,593,41.9,59.7
2013,1008,OPOLSKIE,42.3,48.6,50.2,51.9,38,39.3,56,198,255,33.7,38.1,557,42.5,56.4
2014,1008,OPOLSKIE,52.1,57.9,59.1,61.7,40.5,40.1,71.4,205.6,376,39.4,40.7,880,47,65.7
2015,1008,OPOLSKIE,43.8,51.1,52.1,50.4,33.3,32.6,43.7,133,233,31.4,40.8,506,44,58.4
2016,1008,OPOLSKIE,52.4,54.8,55.6,59.5,38.1,36.5,53.8,215,353,31.7,40.2,700,49.5,59.6
2017,1008,OPOLSKIE,51.3,55.6,56.7,58.5,39.1,38.5,54.7,188.4,358.4,31.4,41,695.6,48.1,62.9
2018,1008,OPOLSKIE,44.3,48.2,49.6,50.9,31.7,32,42.3,157.4,331.9,32,35.1,650.4,40.2,55.7
2019,1008,OPOLSKIE,44,50,51.6,51.7,28.7,30.1,42.9,160.3,246.6,28.3,36.9,636.1,40.1,60.2
1999,1009,PODKARPACKIE,27.8,27.2,27.2,27.7,27.8,25,48.9,179,168,21.5,22.5,389,26.7,29.4
2000,1009,PODKARPACKIE,25.6,25.4,25.4,26,25.4,22.3,42,154,188,18.7,20.5,307,24.8,27.9
2001,1009,PODKARPACKIE,25.8,26.4,26.4,27,25.8,24.3,44.6,150,156,20.5,23,256,26.2,28.3
2002,1009,PODKARPACKIE,31.8,30.1,30.2,31.1,29.3,26.4,44,147,203,18.9,26.1,434,27.6,32.4
2003,1009,PODKARPACKIE,29.8,28.1,28.1,29.3,28.1,25.4,37,121,189,17.6,23.5,485,25.8,30
2004,1009,PODKARPACKIE,32,31,31.4,32.1,29.1,26.2,42.6,142,181,23.9,25.8,414,28.6,34.3
2005,1009,PODKARPACKIE,28.6,28.8,28.9,29.7,28.4,25.6,37.3,122,164,20.7,24.3,348,27.9,30.7
2006,1009,PODKARPACKIE,25,24.6,25,25.4,22.7,22,34.2,94,157,21.7,19.2,487,21.2,27.4
2007,1009,PODKARPACKIE,30.6,30.2,30.4,31,29,26.3,40.7,137,199,19.5,24.9,472,28.3,33
2008,1009,PODKARPACKIE,31.8,31.9,32.1,32.8,30.7,27.4,43.8,127,182,24,25.8,485,29.5,34.9
2009,1009,PODKARPACKIE,30.4,30.4,30.6,31.2,29,26.2,41.9,119,178,25.1,24.6,462,28.5,33.1
2010,1009,PODKARPACKIE,31.8,30.8,31.7,31.5,26.5,22,35,138,188,21.8,25,381,21.8,37.7
2011,1009,PODKARPACKIE,30.1,30.2,30.6,31.9,28.4,26.2,43.2,143,198,22.4,24.4,487,28.2,32.9
2012,1009,PODKARPACKIE,31.9,32.4,32.8,35.1,29.9,27.5,39.3,128,219,21.6,25.8,575,30,35.2
2013,1009,PODKARPACKIE,29.2,29.9,30.5,33.4,26.5,25.3,35.7,110,189,20.8,24.8,563,27.6,33.4
2014,1009,PODKARPACKIE,34.9,34.1,34.3,37.7,32,28.3,30.7,120.4,290,28.5,27.4,739,31.5,37.6
2015,1009,PODKARPACKIE,32,32.3,32.5,34.6,29.9,26.6,28.2,113,225,24,26,529,29.6,35.5
2016,1009,PODKARPACKIE,34,33.1,33.3,37.9,30.8,28.1,32.9,124,252,24.9,27.1,780,30.7,35.5
2017,1009,PODKARPACKIE,35.4,34.9,35.4,39.1,31.8,28.9,33.5,139,265,24.2,28,676.9,31.8,38.5
2018,1009,PODKARPACKIE,31.1,32.7,33.3,39,28.5,26,43.5,140.1,243,26,25.3,643,30.4,37.3
2019,1009,PODKARPACKIE,31.9,33,33.6,36.8,28.2,27,42.4,137.9,219,25.4,26.1,638.3,30.4,36.9
1999,1010,PODLASKIE,24,23.6,23.2,23.5,24.2,20.8,50.6,210,161,16.4,21,304,27.9,26.7
2000,1010,PODLASKIE,14.4,14.8,15.8,14.9,13.5,11.3,36.7,170,194,22.9,14.2,326,22.9,18.3
2001,1010,PODLASKIE,26.9,26,25.8,26,26.3,23.5,53.8,224,177,24,22.4,412,30.6,28.7
2002,1010,PODLASKIE,26.4,24.1,24.2,24.2,24,20.2,43.3,169,185,19.4,21.6,372,27.4,28.8
2003,1010,PODLASKIE,25.2,24.1,24.1,24.3,24,21.6,44,191,169,16.7,21.1,360,27.7,27.2
2004,1010,PODLASKIE,28.3,26.9,27.2,26.9,26.4,24.7,56.2,237,186,29.7,24.2,365,30.7,30.7
2005,1010,PODLASKIE,28.4,26.8,26.8,26.8,26.8,24.2,52.7,224,172,28.4,23.4,414,30.6,30.4
2006,1010,PODLASKIE,21.4,21.4,22.3,21.4,20.2,18.4,44,193,147,19.2,20.1,493,26,24.5
2007,1010,PODLASKIE,28,25.8,25.7,25.9,25.9,24.1,57.8,221,196,23.1,21.1,501,30,29.5
2008,1010,PODLASKIE,26.8,26.7,27.1,26.9,26.1,24.2,56.6,234,190,26,23.5,471,31,31
2009,1010,PODLASKIE,28.4,27,27.1,27,26.7,25.9,53.3,241,161,28.8,22.8,424,30.1,30.8
2010,1010,PODLASKIE,33.5,29.1,29,29.1,29.2,27.2,54,231,203,23.9,23.9,472,31.7,33.4
2011,1010,PODLASKIE,26.7,26.1,25.9,26.3,26.3,24.6,55.6,231,202,26.4,21.1,451,28.7,30.4
2012,1010,PODLASKIE,29.5,28.9,29.1,29.2,28.5,27.8,57.4,232,210,28,24.7,443,31.7,32.6
2013,1010,PODLASKIE,29.6,28.6,28.6,30,28.5,26.8,57.6,237,190,31.6,23.6,0,30.9,33
2014,1010,PODLASKIE,31.7,31.2,31.9,32.7,30.3,29.3,57.7,229.4,224,32.2,26.2,602,34.3,36.1
2015,1010,PODLASKIE,26.8,26.6,27.9,27,24.5,25.8,41.7,157,163,28.7,23.8,617,28.1,32.6
2016,1010,PODLASKIE,28.5,27.6,27.8,29.1,27.2,25.7,58.8,212,220,25.7,23.5,663,28.4,32.1
2017,1010,PODLASKIE,31,29.9,30.4,31.2,29.1,27.5,60.9,223.5,260.2,32.9,25.4,392.8,32.4,34.4
2018,1010,PODLASKIE,24.7,23.3,24.2,24.4,22,19.6,48.9,193.4,269.9,26.6,20.5,578.8,27,28.7
2019,1010,PODLASKIE,27.5,26.3,26.9,28.4,25.1,21.6,50.9,195.7,196.1,31,23.5,285.8,30.1,30
1999,1011,POMORSKIE,28.9,29.7,30.1,29.6,26.6,25.7,40.7,175,180,18.9,22.7,372,30.8,37.1
2000,1011,POMORSKIE,23.5,26.9,27.7,26.8,21.2,20,34.3,153,208,23.1,19.1,352,27.3,37.3
2001,1011,POMORSKIE,29.2,29.8,30.3,29.7,26.2,26.2,36.4,138,160,19.5,23,273,30.8,36.7
2002,1011,POMORSKIE,36.7,34.4,35.3,34.4,28.3,22.7,35,154,246,19.7,29.6,507,28.8,43.6
2003,1011,POMORSKIE,26.6,29.7,30.8,29.4,21.9,21,35,128,210,17.9,21,461,28,40.9
2004,1011,POMORSKIE,32.1,35.5,36.7,35.3,26.9,26.5,34.3,153,218,27.3,26,423,34.2,47.1
2005,1011,POMORSKIE,29.6,32.6,33.9,32.3,24.4,23.2,32.9,150,183,25.5,23,415,31.7,45
2006,1011,POMORSKIE,27.5,30,31.3,29.6,22.2,19.5,32.4,125,178,28.2,20.4,469,29,42.5
2007,1011,POMORSKIE,32.2,35.2,36.3,34.8,28.2,28.1,46.1,206,217,28.2,26.5,487,34,45.9
2008,1011,POMORSKIE,26.8,32,33.8,31.8,20.8,19.4,40.6,194,218,30.4,25.2,473,31.1,46.3
2009,1011,POMORSKIE,34.8,36.2,37.6,35.9,28.1,27.8,41.9,183,228,31.4,27.1,462,33.8,48.3
2010,1011,POMORSKIE,36.6,37.3,38.5,36.7,29.3,28.3,43.5,189,246,22.8,28.9,514,35.2,47.5
2011,1011,POMORSKIE,32.2,35.5,36.6,35.1,28.1,27.6,38,194,248,23.1,25.5,542,32.1,48.1
2012,1011,POMORSKIE,34.8,37.2,38.4,36.8,29.6,29.1,44,185,255,29.2,29.6,556,34,48.2
2013,1011,POMORSKIE,37.4,40.1,41.6,40,29.6,30.1,46.6,205,237,24,30.5,581,35.3,52.9
2014,1011,POMORSKIE,40.6,45.1,46.6,44.5,32.7,33.6,48.2,189.4,297,36.7,33.7,666,39.6,57.6
2015,1011,POMORSKIE,36.8,42.6,43.9,42.1,29.9,30.3,45.6,158,260,29.1,30.8,568,37.3,55.3
2016,1011,POMORSKIE,36,39,40,38.7,30.3,31.2,45.1,173,299,27.8,29.6,736,34.3,48.3
2017,1011,POMORSKIE,38.6,43.2,44.3,42.8,32.1,33.1,44,182.2,290.7,32.4,32.4,687.7,37.6,54.4
2018,1011,POMORSKIE,28.7,34.9,36.1,34.9,23.7,21.4,31,123.4,258.3,25.5,25.3,755.9,30.8,45.6
2019,1011,POMORSKIE,33,40.5,42.1,40.4,26.9,25.7,36.7,164.5,286.1,29.6,29.8,742.1,37.5,52.9
1999,1012,ŚLĄSKIE,31.9,30.8,30.7,31.5,31.4,27.9,41.1,226,166,23.6,24.5,420,30.8,35.3
2000,1012,ŚLĄSKIE,28.9,28.7,29,29.8,27.7,26,39.4,220,197,24.6,23.2,496,28.6,32.9
2001,1012,ŚLĄSKIE,30.6,30.7,30.8,32.2,29.9,26.6,38.5,237,153,24.5,25.6,370,31.6,35
2002,1012,ŚLĄSKIE,31.6,32.1,32.5,34.3,30.1,27.9,37.9,221,204,23,27.1,506,32.6,37
2003,1012,ŚLĄSKIE,32.2,31.5,31.7,33.8,30.4,28.3,35,213,195,20.1,25.5,477,31,36.5
2004,1012,ŚLĄSKIE,35.7,35.7,36.2,37.8,33.1,30.8,39.2,223,196,31.8,28.8,372,34.8,42.6
2005,1012,ŚLĄSKIE,33.1,33,33.3,34.7,31.3,27.4,37.9,234,204,26.8,28.8,390,33.2,37
2006,1012,ŚLĄSKIE,25.5,24.8,25.2,26.6,23.2,22.5,39.5,181,151,26,18.2,498,22.4,29.6
2007,1012,ŚLĄSKIE,31.3,32.7,33.2,34.8,30.7,28.8,49.9,197,212,24.1,26.6,558,33.2,38.7
2008,1012,ŚLĄSKIE,33.6,34.9,35.4,37.4,31.6,29.7,49.4,212,205,27,28.3,594,35.3,41.3
2009,1012,ŚLĄSKIE,31.1,32.6,33,34.9,30,29,47.5,234,209,27.9,26.5,627,32.8,38
2010,1012,ŚLĄSKIE,28.4,30.2,30.6,32.1,27.1,26.3,49,190,172,18,23.5,452,31.1,35.7
2011,1012,ŚLĄSKIE,35.2,35.6,36.1,38.1,32.2,30.6,47.8,180,224,25.2,26.9,535,34.8,42.2
2012,1012,ŚLĄSKIE,35.5,35.4,35.7,38.6,32.8,31.9,44.6,212,219,26.7,28.2,588,34.5,40.4
2013,1012,ŚLĄSKIE,32.8,34.3,34.7,37.2,30.3,29.3,47.2,203,181,28.3,26.1,561,33.7,41.2
2014,1012,ŚLĄSKIE,38.7,40.8,41.2,44,35.8,34.3,50.6,244.5,300,32.9,30.7,938,38.9,48.4
2015,1012,ŚLĄSKIE,33.2,35.9,36.4,37.3,30.3,30.1,33.4,162,163,28.7,26.6,585,33.2,43.5
2016,1012,ŚLĄSKIE,37.7,39.9,40.3,43.8,34.6,34,51.1,236,282,30,31.1,619,36.5,47.3
2017,1012,ŚLĄSKIE,39.6,41.2,41.6,44,36.2,35.3,50.4,241.2,221,29.2,30.5,721.4,38.8,48.2
2018,1012,ŚLĄSKIE,34.7,35.9,36.5,37.5,30.7,31,49,209.1,236.1,22.3,26.7,694.6,33.8,43
2019,1012,ŚLĄSKIE,33.4,35.4,36.1,38,28.9,29.5,38.8,193.6,161.9,27,26.3,701.4,33.8,42.9
1999,1013,ŚWIĘTOKRZYSKIE,27.9,26.6,26.6,26.6,27.3,23.9,47.1,122,150,21.6,21.9,369,25.8,30.2
2000,1013,ŚWIĘTOKRZYSKIE,22.3,22,22,22,21.9,18.2,43.1,107,175,19.7,18.2,378,21.7,25.7
2001,1013,ŚWIĘTOKRZYSKIE,23.9,23.8,23.8,23.9,23.9,19.2,42.9,136,135,21.2,20.3,267,24.8,27.3
2002,1013,ŚWIĘTOKRZYSKIE,27.8,27.4,27.6,27.5,26.3,22.9,46.9,133,168,21.4,23.6,436,27,31.3
2003,1013,ŚWIĘTOKRZYSKIE,26.9,25.5,25.4,25.6,26.3,20.6,38,131,170,18.5,20.3,396,24.7,28.2
2004,1013,ŚWIĘTOKRZYSKIE,29.3,28.1,28.1,28.2,27.6,22,44.5,127,175,26.9,23,440,27.4,31.8
2005,1013,ŚWIĘTOKRZYSKIE,28.7,27.1,27.3,27.2,26.2,20.9,43.1,123,170,29.1,22.7,417,27.2,30
2006,1013,ŚWIĘTOKRZYSKIE,21.1,19.9,20,20.1,19.7,15.8,34.5,104,150,21.3,16.4,407,20,21.9
2007,1013,ŚWIĘTOKRZYSKIE,29,28.2,28.4,28.2,26.8,23.3,48.3,138,176,23.7,23.4,506,28.3,32
2008,1013,ŚWIĘTOKRZYSKIE,32.4,31,31.3,31,29.1,24.9,50,154,181,24.9,24.3,419,31.8,35.7
2009,1013,ŚWIĘTOKRZYSKIE,28.5,28.5,29,28.6,25.6,23.2,46.8,219,173,23,23.1,475,29.6,32.8
2010,1013,ŚWIĘTOKRZYSKIE,24.7,25.7,25.9,25.9,24.7,21.3,44.4,152,164,24,21.9,516,27.7,28
2011,1013,ŚWIĘTOKRZYSKIE,28.9,28.4,28.4,28.7,28.5,22.6,50.3,161,200,20.4,22.7,655,28.1,31.3
2012,1013,ŚWIĘTOKRZYSKIE,29.8,28.8,29,29.1,28,23.2,52.2,165,199,24.2,22.9,584,28.4,31.4
2013,1013,ŚWIĘTOKRZYSKIE,29.7,28.4,28.8,29.1,25.9,23.5,48.6,149,168,24.3,22.5,527,28.4,31.2
2014,1013,ŚWIĘTOKRZYSKIE,34.5,33.2,33.6,33.6,29.6,25.5,36.8,162.7,278,30.6,25.9,737,32.1,37.4
2015,1013,ŚWIĘTOKRZYSKIE,31.7,30.8,31.4,30.9,26.2,22.9,31.6,131,220,25.5,23.7,554,30.2,34.5
2016,1013,ŚWIĘTOKRZYSKIE,30.9,29.8,30.3,30.2,25,22.1,36.6,152,260,25,22.8,729,29.4,33.1
2017,1013,ŚWIĘTOKRZYSKIE,33.1,32.2,32.7,32.6,27.1,24,63.1,153.5,223,30,25.4,616.6,31.5,36
2018,1013,ŚWIĘTOKRZYSKIE,29.7,29.9,30.4,30.3,25.7,23.3,58.6,151.6,242,17.6,24.1,615.4,29.1,33.9
2019,1013,ŚWIĘTOKRZYSKIE,28.4,29.2,29.7,29.3,24.7,22.4,37.8,137.2,205,22.7,23.4,609,28.5,33.1
1999,1014,WARMIŃSKO-MAZURSKIE,27.1,29.1,29.4,28.9,27.5,25.7,43.8,185,160,15.9,23.3,376,30.6,34.3
2000,1014,WARMIŃSKO-MAZURSKIE,21.1,25.1,26.7,24.9,18.5,20.1,34.7,147,206,17.2,18.7,337,27.7,33.6
2001,1014,WARMIŃSKO-MAZURSKIE,26.4,28.5,29.2,28.4,25.5,24.3,45,182,177,16.6,22.4,305,26.6,34.7
2002,1014,WARMIŃSKO-MAZURSKIE,28.1,30.8,32,30.8,26.4,25,38,136,193,19.6,24,466,29.2,38.7
2003,1014,WARMIŃSKO-MAZURSKIE,28.9,32.6,34,32.8,26.8,26.8,40,158,203,18,24.9,512,30.2,40.9
2004,1014,WARMIŃSKO-MAZURSKIE,29.5,33.6,35.2,33.6,27.1,27.8,44.7,187,197,24.1,24.8,378,30.9,43.3
2005,1014,WARMIŃSKO-MAZURSKIE,24,27.8,30,27.9,20.1,21.4,41.1,171,179,21.7,21,475,26,38.7
2006,1014,WARMIŃSKO-MAZURSKIE,23.8,27.2,28.7,27.1,22.4,21.7,39.9,159,152,23.5,22.8,494,25.3,36.4
2007,1014,WARMIŃSKO-MAZURSKIE,27.8,32.7,34.1,32.7,27.2,27.1,54,196,197,22.9,26.1,508,35.5,40.8
2008,1014,WARMIŃSKO-MAZURSKIE,26.8,33.7,35.8,33.8,23.7,24.1,51.1,186,203,25,29.2,506,36.4,43.2
2009,1014,WARMIŃSKO-MAZURSKIE,31,35.3,36.3,35.4,29.6,28.3,54.2,228,175,26.1,29.3,487,37,41.9
2010,1014,WARMIŃSKO-MAZURSKIE,44.8,41.7,41.7,41,41.7,26.1,58.1,192,233,20.9,34.8,518,36.6,49
2011,1014,WARMIŃSKO-MAZURSKIE,31.1,35.4,36.4,35.5,30.2,29,56.4,201,211,21.1,26.8,496,35.8,42
2012,1014,WARMIŃSKO-MAZURSKIE,33.7,38.3,39.2,38.4,33.3,31.3,59,208,207,26,30.4,525,39.1,44
2013,1014,WARMIŃSKO-MAZURSKIE,35.6,39.4,40.3,39.8,34.3,31.8,51.9,203,211,27.3,32.1,625,40.7,45.5
2014,1014,WARMIŃSKO-MAZURSKIE,37.4,41.8,42.8,42,34.7,32.6,59.9,183.2,251,30.3,33.1,555,41.4,48.2
2015,1014,WARMIŃSKO-MAZURSKIE,31.4,39.7,41.1,39.5,27.9,27.5,48.2,157,192,25.6,29.3,568,37.3,49.1
2016,1014,WARMIŃSKO-MAZURSKIE,33.1,37,37.8,37.1,30.7,30.6,56.9,205,267,23.5,30.6,606,37.1,42.1
2017,1014,WARMIŃSKO-MAZURSKIE,31.6,39.3,40.3,39.4,31.1,30.4,55.4,187.6,247.4,28.2,32.6,563.5,39.9,46.5
2018,1014,WARMIŃSKO-MAZURSKIE,27,32.1,33,32.6,24.5,25.4,46.3,159.7,188.8,22.3,26.5,654.6,31.9,38
2019,1014,WARMIŃSKO-MAZURSKIE,31.7,38.7,40,39.2,29.4,30.2,50,178.4,214.9,28.1,32.2,609.4,39.1,46.1
1999,1015,WIELKOPOLSKIE,35.3,33.2,33.1,33.5,33.4,29.6,50.4,195,169,21.1,25.5,332,38.4,40.2
2000,1015,WIELKOPOLSKIE,28.1,27.3,27.8,27.8,24.9,21.4,47,186,212,22.8,21,429,33.5,34.6
2001,1015,WIELKOPOLSKIE,37.3,34.9,35.3,35.6,33.1,28.8,52,197,196,28.5,27.7,390,40.2,41.9
2002,1015,WIELKOPOLSKIE,35.5,34.4,34.8,35.4,32.9,27.8,53,170,198,21.2,26.4,471,38.2,41.8
2003,1015,WIELKOPOLSKIE,25.9,25.9,26.6,27,22.9,19.6,40,137,182,16.8,20.2,377,29.8,32.7
2004,1015,WIELKOPOLSKIE,40.6,38.6,40.1,39.5,32.5,31.3,51.4,165,215,34,31.1,426,43.3,48.5
2005,1015,WIELKOPOLSKIE,35.7,34.5,35.3,35.4,31.3,26.4,51.6,145,180,30.5,25.4,437,39.1,43.8
2006,1015,WIELKOPOLSKIE,28.7,27.7,28.7,28,23.9,20,44.9,148,153,29.1,21.2,431,32.1,34.6
2007,1015,WIELKOPOLSKIE,36.1,34.3,34.8,35.5,32,26.4,63.6,199,225,28.5,24.9,510,37.4,43.4
2008,1015,WIELKOPOLSKIE,27.6,28.9,30.6,29.7,20.5,18,49.4,154,165,28.6,23,438,34.9,39
2009,1015,WIELKOPOLSKIE,39.8,38.9,39.8,39.9,33.9,29.9,60.8,283,226,34.2,30,579,43.6,47
2010,1015,WIELKOPOLSKIE,37.2,37.3,38.2,38.2,31.6,27.2,56.1,174,231,24.4,31.4,490,40,45.8
2011,1015,WIELKOPOLSKIE,32.6,32.9,33.6,34.9,28.7,23.7,55.2,181,253,20.2,24.3,607,36.8,41.1
2012,1015,WIELKOPOLSKIE,38.6,36,36.3,41,34.9,31.5,58.2,201,273,23.6,29.6,607,39,40.7
2013,1015,WIELKOPOLSKIE,39.2,39.1,40,42.8,34.2,30.1,59.1,201,249,32.7,31.4,590,43.5,48.9
2014,1015,WIELKOPOLSKIE,43.6,43.4,44.2,46.3,38.1,33.2,59.5,200.7,277,36,33.5,699,46.9,52.1
2015,1015,WIELKOPOLSKIE,37.3,38.2,39.3,39.5,30.2,25.8,50.2,153,202,31.6,28.5,527,40.5,47.5
2016,1015,WIELKOPOLSKIE,38,38.6,39.4,43.5,33.2,28.4,56.7,176,290,27.1,29.8,694,41.7,46.3
2017,1015,WIELKOPOLSKIE,42.1,41.9,42.8,45.3,36.7,32.6,61.9,189,308.3,28.3,33.4,741.2,45.2,50.5
2018,1015,WIELKOPOLSKIE,28.4,30,31.2,33.2,23,21,43.9,152.5,249.3,23.1,22.8,571.4,33.4,38.6
2019,1015,WIELKOPOLSKIE,32.8,32.8,34.3,34.8,24.4,22.3,43.9,141.4,192.4,25.3,26,567.2,36.9,41.3
1999,1016,ZACHODNIOPOMORSKIE,31.6,33.3,33.7,33.3,28.8,28.3,24.9,122,193,19.4,26.5,330,32.8,39.9
2000,1016,ZACHODNIOPOMORSKIE,22.8,26.5,26.9,26.5,20.3,20.3,21.9,114,218,19.5,20.6,378,27.6,32.9
2001,1016,ZACHODNIOPOMORSKIE,32,32.6,33.1,32.6,27.4,25.5,24.2,107,188,26,25.7,389,32.2,38.5
2002,1016,ZACHODNIOPOMORSKIE,32.4,35,35.4,35,28.1,27.8,22.1,107,219,20.8,27.9,428,35,41.3
2003,1016,ZACHODNIOPOMORSKIE,23.5,26.5,26.8,26.8,21.7,21.3,20,64,192,17.3,23.3,366,26,30.7
2004,1016,ZACHODNIOPOMORSKIE,36.7,40,40.7,39.9,30.5,32.1,24.9,106,230,30.7,34.2,399,39.2,47.3
2005,1016,ZACHODNIOPOMORSKIE,32.3,35.1,35.7,34.9,26.3,26.9,26.9,77,203,25.3,27.1,435,35.5,42.5
2006,1016,ZACHODNIOPOMORSKIE,28.3,29.8,30.4,29.3,21.6,21.3,25.9,78,155,24.9,24.4,392,30.4,35.9
2007,1016,ZACHODNIOPOMORSKIE,33.5,33.6,33.8,33.4,29.1,28.7,33.8,123,204,27.4,26.2,474,32.1,39.5
2008,1016,ZACHODNIOPOMORSKIE,25.5,31.1,31.7,30.8,18.3,16.9,30.7,121,215,27.3,29.3,400,31.2,40.2
2009,1016,ZACHODNIOPOMORSKIE,39.5,41.7,42.2,41.2,31.7,32.2,36.5,215,227,33,35.9,460,40.2,50.1
2010,1016,ZACHODNIOPOMORSKIE,42.6,44.5,44.9,43.7,32.8,33.8,36.4,149,232,25.7,33.6,459,41.1,54.4
2011,1016,ZACHODNIOPOMORSKIE,32.5,35.5,35.8,35.3,28.1,27.2,38.9,177,254,17.2,29.8,659,33.7,41.9
2012,1016,ZACHODNIOPOMORSKIE,37.2,40.2,40.4,40,30.8,30.7,40.2,176,260,28.9,36,608,40.1,45.7
2013,1016,ZACHODNIOPOMORSKIE,42.2,45.4,45.8,44.5,33.3,32.8,41.2,170,243,32.5,40.4,630,44.2,53.5
2014,1016,ZACHODNIOPOMORSKIE,49.7,51.4,51.8,50.2,36.1,35.9,43.7,184,309,37.5,42.4,726,47.9,59.6
2015,1016,ZACHODNIOPOMORSKIE,45.5,48.8,49.1,47.6,33.3,33.6,43.5,180,306,30.1,40.7,578,42.9,57.5
2016,1016,ZACHODNIOPOMORSKIE,41.2,43.3,43.5,42.7,32.7,34.2,42.5,171,340,24.5,38.5,798,41.7,48.2
2017,1016,ZACHODNIOPOMORSKIE,44.2,44.6,44.8,43.6,30.7,29.9,42.2,157.3,300.8,25.9,35.2,629,41.2,52
2018,1016,ZACHODNIOPOMORSKIE,30,32.6,33,32.5,22.5,21.3,31.8,138.6,261.1,22,31,532.1,32.7,37.2
2019,1016,ZACHODNIOPOMORSKIE,40.3,41.6,42,41.2,32.6,29.5,38.1,154,240,27.4,36.5,582.3,41.4,47
