Method,Year,N,RMSE,MAE,Bias,R2,Cor_R2
trend,2012,16,2.8250277075999,2.32692381022346,1.34795888356365,0.83658862928036,0.881770476664409
trend,2013,16,3.90679307132096,2.60820761371552,-0.995899821949382,0.784919679716809,0.799663111621767
trend,2014,16,6.22208632423989,5.52144632175222,-5.52144632175222,0.484914916817679,0.89826566750414
trend,2015,16,2.93706735853936,2.49664523659009,0.18690517052821,0.882411516142381,0.883271973316756
trend,2016,16,4.79737259090772,4.1451933836692,2.25636728429328,0.598936131263082,0.74008002711042
trend,2017,16,3.08671857804823,2.26301129415947,-0.831398222599558,0.838397916672358,0.873057227496211
trend,2018,16,9.5634963386144,7.70713865898018,7.55509945632865,-1.06355128745548,0.507709433976334
persistence,2012,16,3.23535160376736,2.3625,-0.775,0.785671552019247,0.815285222384431
persistence,2013,16,4.66456053664222,3.55625,-2.59375,0.693393523485333,0.791826502265426
persistence,2014,16,5.55860818910633,5.08125,-5.08125,0.588907991376855,0.93246131758248
persistence,2015,16,5.08944987203922,4.325,4.2125,0.646915494517665,0.893300726290613
persistence,2016,16,4.04637183165364,3.05625,0.681249999999999,0.714676056932457,0.783139746623006
persistence,2017,16,3.97971418571736,3.49375,-3.49375,0.731368677700187,0.938713060655381
persistence,2018,16,8.88284864218681,7.7625,7.7625,-0.780272156807445,0.68523997890814
panel_ridge,2012,16,3.13374512519784,2.20743640352993,0.35218474891093,0.798922168808327,0.822523518305828
panel_ridge,2013,16,4.79095348098952,3.92125271440775,-0.683614233825651,0.676552525239988,0.75668445767795
panel_ridge,2014,16,5.67086803460001,4.57851158785613,-4.39451704745185,0.572135759854504,0.926324405413406
panel_ridge,2015,16,3.78049760803656,3.21853868956924,2.12985753874505,0.805179383840171,0.922040865792285
panel_ridge,2016,16,5.33825606268212,4.60288460060591,3.87111117331172,0.503401453982148,0.767605437583441
panel_ridge,2017,16,2.70359536394009,1.97952570607503,-1.41176985555826,0.87602438547106,0.937113815274862
panel_ridge,2018,16,7.52157354144998,6.34501341464158,6.29069103957219,-0.27643671526623,0.631289162182899
local_ridge,2012,16,2.71962278601295,2.22554077819693,-0.49166883256586,0.848555260700953,0.853670317349702
local_ridge,2013,16,4.02269118659554,2.89186372220089,-2.18673272007355,0.771969339684017,0.851199810210528
local_ridge,2014,16,5.96413325046499,5.17581763779857,-5.08051797278736,0.526738054829037,0.873636929371745
local_ridge,2015,16,3.21591478399607,2.47569181857339,-0.187002242662865,0.859023721541024,0.864102040288681
local_ridge,2016,16,4.62987517791497,3.84414570674123,1.51980915843534,0.626453041359234,0.723579373749647
local_ridge,2017,16,4.8707299941769,4.19665298692252,-3.94265063570438,0.597615730511304,0.862728877913536
local_ridge,2018,16,6.01441619506856,5.03443677716879,4.32637748870079,0.183852168539734,0.69910999671253
pcr,2012,16,2.7757752615599,2.37111580881501,0.338830283945544,0.842236892771141,0.861443167430859
pcr,2013,16,4.66874474484925,3.6864495869271,0.290600855800883,0.692843211951496,0.697079327980403
pcr,2014,16,5.7698394703178,4.49257168834684,-4.49257168834684,0.557070741626385,0.833432805827311
pcr,2015,16,3.63018142549478,3.11284985075276,2.14959195990426,0.820363891637955,0.884330483201209
pcr,2016,16,4.31612100971839,3.36776291213357,1.17594875663421,0.675366103550939,0.748397872350116
pcr,2017,16,3.56463457944402,2.42197219706136,-1.26170426000411,0.784482314166999,0.842655796943754
pcr,2018,16,6.95864262159319,5.78931745798469,4.33678495622849,-0.0925238865696298,0.553304186630539
hierarchical,2012,16,2.88753990086,2.35623194619245,-1.27946199377578,0.829276683891854,0.867213753300618
hierarchical,2013,16,4.5121831851492,3.48144227353195,-2.00869083829238,0.71309818055263,0.838999390168165
hierarchical,2014,16,4.93205545595967,3.93205111367858,-3.60994198987333,0.676359539131087,0.934285372010385
hierarchical,2015,16,3.38391367390064,2.99670281125497,1.31244029657428,0.843909839203091,0.924495021520472
hierarchical,2016,16,3.67691168056599,3.14195091515941,2.218863813084,0.76440122054549,0.850217189324639
hierarchical,2017,16,4.73922856624888,3.83930004894637,-3.79006536703051,0.619049811493351,0.881130516877744
hierarchical,2018,16,5.08434708617049,4.48820353167849,3.99516671935099,0.41675334600239,0.787298446710582
stress_lag,2012,16,3.46622535611399,2.68640903037659,-0.525708751271639,0.753991315129389,0.766502685124025
stress_lag,2013,16,4.52982684128985,3.52403476949772,-1.45645805030861,0.71085009193714,0.793988377393747
stress_lag,2014,16,5.62243901688578,4.67681126794134,-4.55163481606031,0.579412447033482,0.93408958100107
stress_lag,2015,16,2.89804237706129,2.57678323481956,0.657038328682884,0.885515566160415,0.927597388854088
stress_lag,2016,16,4.37433708473116,3.73064189058693,2.49726730889013,0.666549684365173,0.775237603163815
stress_lag,2017,16,2.60323412116587,2.06009159749097,-1.17881995780962,0.885057843843125,0.931269383091915
stress_lag,2018,16,4.9063970508102,3.46738231831974,2.93441239287605,0.456865666892499,0.677708289855509
ensemble,2012,16,2.62998314326677,1.9221485046615,-0.181077706390188,0.858374068482114,0.859901013285434
ensemble,2013,16,4.11910979907622,2.96924573495879,-1.41837575026588,0.76090714705216,0.818037282271417
ensemble,2014,16,5.38730135246128,4.65756935406492,-4.65756935406492,0.613855860602998,0.946529223516777
ensemble,2015,16,3.00825464690609,2.69504957980548,1.34605972653265,0.876642326580068,0.919052656220329
ensemble,2016,16,4.08088545524131,3.4887523129544,2.12430792975109,0.709787944275623,0.795019528678878
ensemble,2017,16,3.05571363999236,2.46483944930742,-2.26387700750202,0.841628077337998,0.932516999122611
ensemble,2018,16,6.61063346933603,5.43183233983511,5.15038994327524,0.0140201680117159,0.670634580044435
