Term,Variable,CalendarMonth,AgriculturalPosition,Method,StandardizedEstimate,OriginalScaleEstimate
SLR_m08,SLR,8,1,panel_ridge,-0.127897513549381,-0.0030022246607733
SLR_m09,SLR,9,2,panel_ridge,-0.155217229768455,-0.0033803282862824
SLR_m10,SLR,10,3,panel_ridge,-0.153886534064316,-0.0050937842276774
SLR_m11,SLR,11,4,panel_ridge,-0.106324215079264,-0.0062511857047994
SLR_m12,SLR,12,5,panel_ridge,-0.0222452086316269,-0.0016252383844089
SLR_m01,SLR,1,6,panel_ridge,0.0409476475536569,0.0025937791987036
SLR_m02,SLR,2,7,panel_ridge,0.0654080606361937,0.0033041367738176
SLR_m03,SLR,3,8,panel_ridge,0.0608408693911039,0.0018360831848323
SLR_m04,SLR,4,9,panel_ridge,-0.0198724833351541,-0.000415315290099
SLR_m05,SLR,5,10,panel_ridge,-0.0911545501060353,-0.0016251850635851
SLR_m06,SLR,6,11,panel_ridge,-0.0438753650674182,-0.0008527830623231
SLR_m07,SLR,7,12,panel_ridge,0.059587054672837,0.0009599701167818
PCP_m08,PCP,8,1,panel_ridge,-0.183837823006579,-0.0047511418086296
PCP_m09,PCP,9,2,panel_ridge,-0.113807631655012,-0.0031981009933792
PCP_m10,PCP,10,3,panel_ridge,-0.0636739926019341,-0.0019401742770427
PCP_m11,PCP,11,4,panel_ridge,-0.0280390959016178,-0.0012077499812675
PCP_m12,PCP,12,5,panel_ridge,-0.02391534148855,-0.0011414994695799
PCP_m01,PCP,1,6,panel_ridge,-0.0215217023272541,-0.001024646476324
PCP_m02,PCP,2,7,panel_ridge,-0.0439261252992245,-0.0023387025782122
PCP_m03,PCP,3,8,panel_ridge,-0.0975105179698751,-0.0052690872061381
PCP_m04,PCP,4,9,panel_ridge,-0.145242192928702,-0.0064072379826185
PCP_m05,PCP,5,10,panel_ridge,-0.177222439212214,-0.0045864971746027
PCP_m06,PCP,6,11,panel_ridge,-0.248207457246465,-0.0065572874948878
PCP_m07,PCP,7,12,panel_ridge,-0.347897942941329,-0.0073415568043871
MAX_m08,MAX,8,1,panel_ridge,0.0447962202588394,0.0239597265430579
MAX_m09,MAX,9,2,panel_ridge,-0.0163709485345431,-0.0077109551043591
MAX_m10,MAX,10,3,panel_ridge,-0.0371918935884263,-0.0163719402326891
MAX_m11,MAX,11,4,panel_ridge,0.0040593079973996,0.0018245114553379
MAX_m12,MAX,12,5,panel_ridge,0.0696019360623763,0.0254872247560387
MAX_m01,MAX,1,6,panel_ridge,0.140143491498011,0.0500734816511956
MAX_m02,MAX,2,7,panel_ridge,0.174238755482909,0.0578323388803494
MAX_m03,MAX,3,8,panel_ridge,0.102144671904381,0.0377670419571902
MAX_m04,MAX,4,9,panel_ridge,-0.0770432538343142,-0.0354208055506632
MAX_m05,MAX,5,10,panel_ridge,-0.238084856401856,-0.126627667402017
MAX_m06,MAX,6,11,panel_ridge,-0.292988139101153,-0.172030100376032
MAX_m07,MAX,7,12,panel_ridge,-0.283467069358578,-0.141941722935707
MIN_m08,MIN,8,1,panel_ridge,0.23098485227991,0.245990043858302
MIN_m09,MIN,9,2,panel_ridge,0.141546481211396,0.13019266793999
MIN_m10,MIN,10,3,panel_ridge,0.089384658832802,0.0523028263103972
MIN_m11,MIN,11,4,panel_ridge,0.0899883765424399,0.0489346959703784
MIN_m12,MIN,12,5,panel_ridge,0.107071342480678,0.0348158021603269
MIN_m01,MIN,1,6,panel_ridge,0.15585232209041,0.0492681986367114
MIN_m02,MIN,2,7,panel_ridge,0.199174790142942,0.0660156927376885
MIN_m03,MIN,3,8,panel_ridge,0.163839777018781,0.0731753291124577
MIN_m04,MIN,4,9,panel_ridge,0.0586508372383022,0.047686075929371
MIN_m05,MIN,5,10,panel_ridge,-0.0211621631224242,-0.0171732336232902
MIN_m06,MIN,6,11,panel_ridge,-0.0521453073430851,-0.0465746541511898
MIN_m07,MIN,7,12,panel_ridge,-0.0364089660618372,-0.0386706389306941
HMD_m08,HMD,8,1,panel_ridge,-0.0962124213171813,-0.0214366468412826
HMD_m09,HMD,9,2,panel_ridge,-0.0149664242401554,-0.0043033955541279
HMD_m10,HMD,10,3,panel_ridge,0.0416537378555071,0.0193229102654015
HMD_m11,HMD,11,4,panel_ridge,0.0357549609890028,0.0264309154917685
HMD_m12,HMD,12,5,panel_ridge,-0.0022481387997582,-0.0012886751281483
HMD_m01,HMD,1,6,panel_ridge,-0.0359227511568897,-0.0194213902248592
HMD_m02,HMD,2,7,panel_ridge,-0.0263812967190729,-0.0096922151569436
HMD_m03,HMD,3,8,panel_ridge,0.0334866620571315,0.0107784734845924
HMD_m04,HMD,4,9,panel_ridge,0.170240142059435,0.0373408895528837
HMD_m05,HMD,5,10,panel_ridge,0.309811167924509,0.0744656150690261
HMD_m06,HMD,6,11,panel_ridge,0.332062486654913,0.0743267931501231
HMD_m07,HMD,7,12,panel_ridge,0.296324000469989,0.0622242711400173
DIF_m08,DIF,8,1,panel_ridge,-0.0851453231695529,-0.0573210072347041
DIF_m09,DIF,9,2,panel_ridge,-0.0907536719030562,-0.0516290813111378
DIF_m10,DIF,10,3,panel_ridge,-0.0695256386565901,-0.045950067017173
DIF_m11,DIF,11,4,panel_ridge,-0.0051630635869282,-0.004588781043271
DIF_m12,DIF,12,5,panel_ridge,0.0790000634665511,0.0854364088930923
DIF_m01,DIF,1,6,panel_ridge,0.0992704678541631,0.103102519723369
DIF_m02,DIF,2,7,panel_ridge,0.0584261358041201,0.0479347547174289
DIF_m03,DIF,3,8,panel_ridge,-0.0253886099468737,-0.0203155649287417
DIF_m04,DIF,4,9,panel_ridge,-0.178843109454848,-0.119299820871829
DIF_m05,DIF,5,10,panel_ridge,-0.314748440061655,-0.229752907580362
DIF_m06,DIF,6,11,panel_ridge,-0.33877192493396,-0.288869774723156
DIF_m07,DIF,7,12,panel_ridge,-0.310202274373129,-0.209359404133081
TAS_m08,TAS,8,1,panel_ridge,0.12966411673079,0.101361712723468
TAS_m09,TAS,9,2,panel_ridge,0.0492706287539093,0.0342296755010219
TAS_m10,TAS,10,3,panel_ridge,0.0109702136576572,0.0058885970817943
TAS_m11,TAS,11,4,panel_ridge,0.0340276142220047,0.0173334315344107
TAS_m12,TAS,12,5,panel_ridge,0.0784976394210659,0.0273430510347535
TAS_m01,TAS,1,6,panel_ridge,0.13988332022188,0.0474450269334111
TAS_m02,TAS,2,7,panel_ridge,0.176204644481278,0.0596837268799256
TAS_m03,TAS,3,8,panel_ridge,0.113604337384434,0.0472624371392844
TAS_m04,TAS,4,9,panel_ridge,-0.0433618483916427,-0.0271063956163566
TAS_m05,TAS,5,10,panel_ridge,-0.176880706316468,-0.123327203562696
TAS_m06,TAS,6,11,panel_ridge,-0.220482491516387,-0.167540179334271
TAS_m07,TAS,7,12,panel_ridge,-0.202740771908151,-0.147536332920718
SLR_m08,SLR,8,1,hierarchical,-0.010149136252274,-0.0002382375254727
SLR_m09,SLR,9,2,hierarchical,-0.0632573411780302,-0.0013776214149556
SLR_m10,SLR,10,3,hierarchical,-0.0739038038213098,-0.0024462831173585
SLR_m11,SLR,11,4,hierarchical,-0.149855813772323,-0.0088105660609511
SLR_m12,SLR,12,5,hierarchical,0.0392618178669051,0.0028684744879509
SLR_m01,SLR,1,6,hierarchical,0.0321509274483909,0.0020365616052885
SLR_m02,SLR,2,7,hierarchical,-0.100247771717365,-0.005064090661042
SLR_m03,SLR,3,8,hierarchical,0.168312976734157,0.0050794248909246
SLR_m04,SLR,4,9,hierarchical,0.0286277003505456,0.0005982906854384
SLR_m05,SLR,5,10,hierarchical,-0.231189767250559,-0.0041218584936493
SLR_m06,SLR,6,11,hierarchical,-0.10969827642599,-0.0021321493726236
SLR_m07,SLR,7,12,hierarchical,0.047297331133039,0.0007619779957331
PCP_m08,PCP,8,1,hierarchical,-0.136991833333063,-0.0035404445948331
PCP_m09,PCP,9,2,hierarchical,-0.0383044475267821,-0.0010763908351734
PCP_m10,PCP,10,3,hierarchical,-0.0670153942150067,-0.0020419882389766
PCP_m11,PCP,11,4,hierarchical,0.0051810024055721,0.0002231653823729
PCP_m12,PCP,12,5,hierarchical,-0.058370275840837,-0.0027860626177321
PCP_m01,PCP,1,6,hierarchical,-0.0174819481557643,-0.0008323141127363
PCP_m02,PCP,2,7,hierarchical,0.0856317561917492,0.0045591822091811
PCP_m03,PCP,3,8,hierarchical,-0.0105723678903041,-0.0005712894316344
PCP_m04,PCP,4,9,hierarchical,-0.100653661821312,-0.0044402521891675
PCP_m05,PCP,5,10,hierarchical,0.029525145685653,0.000764107512959
PCP_m06,PCP,6,11,hierarchical,0.0422911116366808,0.0011172709335833
PCP_m07,PCP,7,12,hierarchical,-0.129723028173284,-0.00273749528991
MAX_m08,MAX,8,1,hierarchical,0.081786140187421,0.0437441717756563
MAX_m09,MAX,9,2,hierarchical,-0.0473206250581284,-0.0222887033432133
MAX_m10,MAX,10,3,hierarchical,-0.0661772482980067,-0.029131346897485
MAX_m11,MAX,11,4,hierarchical,0.0518933981253517,0.0233241969805618
MAX_m12,MAX,12,5,hierarchical,0.0825696849560383,0.0302358272997443
MAX_m01,MAX,1,6,hierarchical,0.0548335377221106,0.0195921060311046
MAX_m02,MAX,2,7,hierarchical,0.153058137392383,0.0508021883279556
MAX_m03,MAX,3,8,hierarchical,0.258548268828935,0.0955958165489239
MAX_m04,MAX,4,9,hierarchical,-0.0949543424818354,-0.0436554679852081
MAX_m05,MAX,5,10,hierarchical,-0.222858694032856,-0.118529489914338
MAX_m06,MAX,6,11,hierarchical,-0.21761018426836,-0.127771390191356
MAX_m07,MAX,7,12,hierarchical,-0.0585620351314556,-0.029324027598653
MIN_m08,MIN,8,1,hierarchical,0.166221617375904,0.177019672696749
MIN_m09,MIN,9,2,hierarchical,0.0201765263836753,0.0185581144594415
MIN_m10,MIN,10,3,hierarchical,-0.0052783232269073,-0.0030885750032729
MIN_m11,MIN,11,4,hierarchical,0.138046491084132,0.0750681735856593
MIN_m12,MIN,12,5,hierarchical,0.0407151372060306,0.0132391182276578
MIN_m01,MIN,1,6,hierarchical,0.0543023351665019,0.0171661108383647
MIN_m02,MIN,2,7,hierarchical,0.187821895457925,0.0622528209070137
MIN_m03,MIN,3,8,hierarchical,0.24344043153463,0.108727160284058
MIN_m04,MIN,4,9,hierarchical,-0.078109999762161,-0.0635073522372344
MIN_m05,MIN,5,10,hierarchical,-0.0617134166101031,-0.0500808407441919
MIN_m06,MIN,6,11,hierarchical,-0.117689671911392,-0.105116951950749
MIN_m07,MIN,7,12,hierarchical,-0.0323043278181418,-0.0343110264332264
HMD_m08,HMD,8,1,hierarchical,-0.0375277502107897,-0.0083613853284545
HMD_m09,HMD,9,2,hierarchical,-0.0443402100697577,-0.0127494356582074
HMD_m10,HMD,10,3,hierarchical,0.150423413337547,0.0697804871154566
HMD_m11,HMD,11,4,hierarchical,0.111400302577357,0.0823497467689916
HMD_m12,HMD,12,5,hierarchical,0.0047424383844992,0.0027184542135642
HMD_m01,HMD,1,6,hierarchical,-0.025079794079712,-0.0135592194888943
HMD_m02,HMD,2,7,hierarchical,-0.0211314685920327,-0.007763482680823
HMD_m03,HMD,3,8,hierarchical,-0.151703080851444,-0.048829221368752
HMD_m04,HMD,4,9,hierarchical,-0.043270007733675,-0.0094909494328986
HMD_m05,HMD,5,10,hierarchical,0.26922927342166,0.0647114291400108
HMD_m06,HMD,6,11,hierarchical,0.127251450181612,0.0284831698725758
HMD_m07,HMD,7,12,hierarchical,0.0672381922424243,0.0141191651652292
DIF_m08,DIF,8,1,hierarchical,-0.0023422214994888,-0.0015768158545845
DIF_m09,DIF,9,2,hierarchical,-0.0689265052008594,-0.0392117703546924
DIF_m10,DIF,10,3,hierarchical,-0.0941177185255259,-0.0622031750777943
DIF_m11,DIF,11,4,hierarchical,-0.121154943334428,-0.10767899676447
DIF_m12,DIF,12,5,hierarchical,0.110541480551425,0.119547589174255
DIF_m01,DIF,1,6,hierarchical,-0.0197343136257462,-0.0204961002381367
DIF_m02,DIF,2,7,hierarchical,-0.0869348428712163,-0.0713242509037558
DIF_m03,DIF,3,8,hierarchical,0.123264473278467,0.0986342858287995
DIF_m04,DIF,4,9,hierarchical,-0.0731011507522789,-0.0487631545708121
DIF_m05,DIF,5,10,hierarchical,-0.247940829818833,-0.180986207739761
DIF_m06,DIF,6,11,hierarchical,-0.201948392326801,-0.172200770794447
DIF_m07,DIF,7,12,hierarchical,-0.0584255300374943,-0.0394321227319436
TAS_m08,TAS,8,1,hierarchical,0.121123004821197,0.0946849099691907
TAS_m09,TAS,9,2,hierarchical,-0.0274173877779118,-0.0190476214827914
TAS_m10,TAS,10,3,hierarchical,-0.0416956885097155,-0.0223814337025551
TAS_m11,TAS,11,4,hierarchical,0.0935933548303396,0.0476758081669565
TAS_m12,TAS,12,5,hierarchical,0.0608795624168381,0.0212061533877201
TAS_m01,TAS,1,6,hierarchical,0.0548212251276607,0.0185940289276721
TAS_m02,TAS,2,7,hierarchical,0.174149342597034,0.0589875586451091
TAS_m03,TAS,3,8,hierarchical,0.25905290892852,0.107772925804333
TAS_m04,TAS,4,9,hierarchical,-0.0937071111217378,-0.0585782691547179
TAS_m05,TAS,5,10,hierarchical,-0.173569362675262,-0.121018422917201
TAS_m06,TAS,6,11,hierarchical,-0.190091585941002,-0.144446745768585
TAS_m07,TAS,7,12,hierarchical,-0.0528628637796656,-0.0384687943936243
