Term,Variable,CalendarMonth,AgriculturalPosition,SourceTerm,Component,Coefficient,BasisCenter,BasisScale
linear__SLR_m08,linear__SLR,8,1,SLR_m08,linear,-0.0171624633492688,8.4296718910748e-17,0.976205949800723
linear__SLR_m09,linear__SLR,9,2,SLR_m09,linear,-0.0351229033796906,3.1040708198260006e-17,0.976205949800723
linear__SLR_m10,linear__SLR,10,3,SLR_m10,linear,-0.0446195472210535,-1.03487097363741e-16,0.976205949800723
linear__SLR_m11,linear__SLR,11,4,SLR_m11,linear,-0.0402365904628005,1.60892891891418e-16,0.976205949800723
linear__SLR_m12,linear__SLR,12,5,SLR_m12,linear,-0.0202230534805132,6.64019620538747e-17,0.976205949800723
linear__SLR_m01,linear__SLR,1,6,SLR_m01,linear,-0.0089732309508535,-2.83735708539456e-17,0.976205949800723
linear__SLR_m02,linear__SLR,2,7,SLR_m02,linear,-0.0139770235344102,-1.93139775006568e-16,0.976205949800723
linear__SLR_m03,linear__SLR,3,8,SLR_m03,linear,-0.0149520374075213,1.68138072909052e-16,0.976205949800723
linear__SLR_m04,linear__SLR,4,9,SLR_m04,linear,-0.0391386708682475,1.03340730070456e-16,0.976205949800723
linear__SLR_m05,linear__SLR,5,10,SLR_m05,linear,-0.0511510514204741,-2.55839186641404e-16,0.976205949800723
linear__SLR_m06,linear__SLR,6,11,SLR_m06,linear,-0.013477113169385,-1.92088098899257e-16,0.976205949800723
linear__SLR_m07,linear__SLR,7,12,SLR_m07,linear,0.0302772500824596,1.31513723522492e-16,0.976205949800723
linear__PCP_m08,linear__PCP,8,1,PCP_m08,linear,-0.0425982012199611,-4.25224092048815e-17,0.976205949800723
linear__PCP_m09,linear__PCP,9,2,PCP_m09,linear,-0.0326069928349329,1.5899824859499902e-17,0.976205949800723
linear__PCP_m10,linear__PCP,10,3,PCP_m10,linear,-0.0320636439342488,6.8304736866586795e-18,0.976205949800723
linear__PCP_m11,linear__PCP,11,4,PCP_m11,linear,-0.0223245065603756,1.3276055602084999e-17,0.976205949800723
linear__PCP_m12,linear__PCP,12,5,PCP_m12,linear,-0.0180872851834442,-2.97938756999017e-17,0.976205949800723
linear__PCP_m01,linear__PCP,1,6,PCP_m01,linear,-0.0013923724906372,1.3498317047444499e-18,0.976205949800723
linear__PCP_m02,linear__PCP,2,7,PCP_m02,linear,0.0096218806953388,-2.81025203108243e-17,0.976205949800723
linear__PCP_m03,linear__PCP,3,8,PCP_m03,linear,0.0072686643744649,4.15412062387821e-17,0.976205949800723
linear__PCP_m04,linear__PCP,4,9,PCP_m04,linear,-0.0124392461740333,1.1351596745923201e-17,0.976205949800723
linear__PCP_m05,linear__PCP,5,10,PCP_m05,linear,-0.0404872003297707,2.82326245715225e-17,0.976205949800723
linear__PCP_m06,linear__PCP,6,11,PCP_m06,linear,-0.0815151410156496,2.7657997420105202e-17,0.976205949800723
linear__PCP_m07,linear__PCP,7,12,PCP_m07,linear,-0.119261943951197,-3.1386212937445e-17,0.976205949800723
linear__MAX_m08,linear__MAX,8,1,MAX_m08,linear,0.0360566277531178,2.0972806824559599e-16,0.976205949800723
linear__MAX_m09,linear__MAX,9,2,MAX_m09,linear,0.0002103292567377,-9.20487644440193e-17,0.976205949800723
linear__MAX_m10,linear__MAX,10,3,MAX_m10,linear,-0.0176181008269477,-1.1757088358432799e-16,0.976205949800723
linear__MAX_m11,linear__MAX,11,4,MAX_m11,linear,-0.0093229524371514,3.74537640485117e-17,0.976205949800723
linear__MAX_m12,linear__MAX,12,5,MAX_m12,linear,0.0045833970171157,8.52182907573606e-18,0.976205949800723
linear__MAX_m01,linear__MAX,1,6,MAX_m01,linear,0.0268145568832799,-1.5178830414797099e-18,0.976205949800723
linear__MAX_m02,linear__MAX,2,7,MAX_m02,linear,0.0478887034433198,-3.6537613212761495e-18,0.976205949800723
linear__MAX_m03,linear__MAX,3,8,MAX_m03,linear,0.0264879003405294,2.74845250725075e-18,0.976205949800723
linear__MAX_m04,linear__MAX,4,9,MAX_m04,linear,-0.0383671200253718,-2.2193618470778302e-17,0.976205949800723
linear__MAX_m05,linear__MAX,5,10,MAX_m05,linear,-0.0976298165600902,-1.61199179005145e-16,0.976205949800723
linear__MAX_m06,linear__MAX,6,11,MAX_m06,linear,-0.116806878006659,3.73399228204008e-17,0.976205949800723
linear__MAX_m07,linear__MAX,7,12,MAX_m07,linear,-0.117162926893082,5.42846475236336e-17,0.976205949800723
linear__MIN_m08,linear__MIN,8,1,MIN_m08,linear,-0.0772134769671899,-1.20335599124166e-16,0.976205949800723
linear__MIN_m09,linear__MIN,9,2,MIN_m09,linear,-0.0725263427525471,1.49847582259222e-16,0.976205949800723
linear__MIN_m10,linear__MIN,10,3,MIN_m10,linear,-0.0554503907463565,-1.9705374484924e-17,0.976205949800723
linear__MIN_m11,linear__MIN,11,4,MIN_m11,linear,-0.0198000268002023,-2.20743562318049e-17,0.976205949800723
linear__MIN_m12,linear__MIN,12,5,MIN_m12,linear,0.0065385895319326,-1.05980762360458e-17,0.976205949800723
linear__MIN_m01,linear__MIN,1,6,MIN_m01,linear,0.0349144350894098,1.6295558652457102e-17,0.976205949800723
linear__MIN_m02,linear__MIN,2,7,MIN_m02,linear,0.0581441893404699,-2.35813972515597e-17,0.976205949800723
linear__MIN_m03,linear__MIN,3,8,MIN_m03,linear,0.0382707275129059,6.9931040125315e-18,0.976205949800723
linear__MIN_m04,linear__MIN,4,9,MIN_m04,linear,-0.0120627511720622,-1.7878493824286e-17,0.976205949800723
linear__MIN_m05,linear__MIN,5,10,MIN_m05,linear,-0.0485622770867161,-1.01400008181707e-16,0.976205949800723
linear__MIN_m06,linear__MIN,6,11,MIN_m06,linear,-0.0579022988024363,6.66133814775094e-17,0.976205949800723
linear__MIN_m07,linear__MIN,7,12,MIN_m07,linear,-0.0386462682161563,-4.10018156579706e-17,0.976205949800723
linear__HMD_m08,linear__HMD,8,1,HMD_m08,linear,-0.0038639620970077,-3.52582546492286e-17,0.976205949800723
linear__HMD_m09,linear__HMD,9,2,HMD_m09,linear,0.0104892491257977,-3.69149155687865e-16,0.976205949800723
linear__HMD_m10,linear__HMD,10,3,HMD_m10,linear,0.021917478783311,9.217670030037259e-16,0.976205949800723
linear__HMD_m11,linear__HMD,11,4,HMD_m11,linear,0.0191979403807553,-1.3175062169718001e-15,0.976205949800723
linear__HMD_m12,linear__HMD,12,5,HMD_m12,linear,0.0119316540032896,2.78405499608975e-16,0.976205949800723
linear__HMD_m01,linear__HMD,1,6,HMD_m01,linear,0.001341102992369,6.90520232139724e-16,0.976205949800723
linear__HMD_m02,linear__HMD,2,7,HMD_m02,linear,0.0012823628800391,-7.83444489838026e-17,0.976205949800723
linear__HMD_m03,linear__HMD,3,8,HMD_m03,linear,0.0192180603493216,5.609878880874501e-16,0.976205949800723
linear__HMD_m04,linear__HMD,4,9,HMD_m04,linear,0.0719365264889078,1.44911751868981e-16,0.976205949800723
linear__HMD_m05,linear__HMD,5,10,HMD_m05,linear,0.135700087547089,-8.47683468557792e-17,0.976205949800723
linear__HMD_m06,linear__HMD,6,11,HMD_m06,linear,0.161947221423833,4.48100757888259e-17,0.976205949800723
linear__HMD_m07,linear__HMD,7,12,HMD_m07,linear,0.179349934746733,1.15532583500055e-16,0.976205949800723
linear__DIF_m08,linear__DIF,8,1,DIF_m08,linear,0.106814238518086,5.536207343254109e-18,0.976205949800723
linear__DIF_m09,linear__DIF,9,2,DIF_m09,linear,0.0608648556755789,-2.5408277912197802e-17,0.976205949800723
linear__DIF_m10,linear__DIF,10,3,DIF_m10,linear,0.0290412912260148,-8.14127411319365e-17,0.976205949800723
linear__DIF_m11,linear__DIF,11,4,DIF_m11,linear,0.0152451093596832,3.2564012250602103e-17,0.976205949800723
linear__DIF_m12,linear__DIF,12,5,DIF_m12,linear,0.0203542481693547,2.11018268830854e-16,0.976205949800723
linear__DIF_m01,linear__DIF,1,6,DIF_m01,linear,0.0160761702607826,1.42247325030098e-17,0.976205949800723
linear__DIF_m02,linear__DIF,2,7,DIF_m02,linear,0.0038014936216677,-1.5818001476795202e-17,0.976205949800723
linear__DIF_m03,linear__DIF,3,8,DIF_m03,linear,-0.0089698112716124,1.35010275528757e-17,0.976205949800723
linear__DIF_m04,linear__DIF,4,9,DIF_m04,linear,-0.0465640997443377,-7.93093889173146e-17,0.976205949800723
linear__DIF_m05,linear__DIF,5,10,DIF_m05,linear,-0.0824314148476854,1.38452617426399e-16,0.976205949800723
linear__DIF_m06,linear__DIF,6,11,DIF_m06,linear,-0.0853420696868142,4.72170046117437e-17,0.976205949800723
linear__DIF_m07,linear__DIF,7,12,DIF_m07,linear,-0.0864500280525838,-1.30158470806885e-17,0.976205949800723
linear__TAS_m08,linear__TAS,8,1,TAS_m08,linear,-0.0030464350701694,-4.04841091206087e-17,0.976205949800723
linear__TAS_m09,linear__TAS,9,2,TAS_m09,linear,-0.0269806135333531,-1.89626959967715e-17,0.976205949800723
linear__TAS_m10,linear__TAS,10,3,TAS_m10,linear,-0.0333415914848007,1.25653610780208e-16,0.976205949800723
linear__TAS_m11,linear__TAS,11,4,TAS_m11,linear,-0.0142969944339438,-1.7976072019809702e-17,0.976205949800723
linear__TAS_m12,linear__TAS,12,5,TAS_m12,linear,0.0047829447448191,8.673617379884041e-20,0.976205949800723
linear__TAS_m01,linear__TAS,1,6,TAS_m01,linear,0.0296192048900687,1.40810757151555e-17,0.976205949800723
linear__TAS_m02,linear__TAS,2,7,TAS_m02,linear,0.0503129081817568,-5.14996031930615e-19,0.976205949800723
linear__TAS_m03,linear__TAS,3,8,TAS_m03,linear,0.0256706572610201,3.40005801291454e-17,0.976205949800723
linear__TAS_m04,linear__TAS,4,9,TAS_m04,linear,-0.0386942553693432,-5.29090660172926e-18,0.976205949800723
linear__TAS_m05,linear__TAS,5,10,TAS_m05,linear,-0.0935884110095758,1.37845464209807e-16,0.976205949800723
linear__TAS_m06,linear__TAS,6,11,TAS_m06,linear,-0.110843768882579,-4.81027977866644e-16,0.976205949800723
linear__TAS_m07,linear__TAS,7,12,TAS_m07,linear,-0.103878213440203,-9.31763347034042e-17,0.976205949800723
upper_tail__SLR_m08,upper_tail__SLR,8,1,SLR_m08,upper_tail,-0.0308857170563013,0.173965171692007,0.474489987915824
upper_tail__SLR_m09,upper_tail__SLR,9,2,SLR_m09,upper_tail,-0.0689311011265303,0.179576579460658,0.298193346590597
upper_tail__SLR_m10,upper_tail__SLR,10,3,SLR_m10,upper_tail,-0.0999201155762119,0.194496687171538,0.393356142891722
upper_tail__SLR_m11,upper_tail__SLR,11,4,SLR_m11,upper_tail,-0.115802329809626,0.172374022378324,0.465894178512748
upper_tail__SLR_m12,upper_tail__SLR,12,5,SLR_m12,upper_tail,-0.114453720570855,0.184936521619722,0.365238418752688
upper_tail__SLR_m01,upper_tail__SLR,1,6,SLR_m01,upper_tail,-0.0926954387002054,0.21071298647449,0.488066896866805
upper_tail__SLR_m02,upper_tail__SLR,2,7,SLR_m02,upper_tail,-0.0828293473132289,0.188755376332288,0.404393452810813
upper_tail__SLR_m03,upper_tail__SLR,3,8,SLR_m03,upper_tail,-0.0769480176970984,0.18061916460719,0.341346338038508
upper_tail__SLR_m04,upper_tail__SLR,4,9,SLR_m04,upper_tail,-0.0952390794989133,0.179588921378128,0.451162034648975
upper_tail__SLR_m05,upper_tail__SLR,5,10,SLR_m05,upper_tail,-0.12441699923235,0.142616253386478,0.291211815260324
upper_tail__SLR_m06,upper_tail__SLR,6,11,SLR_m06,upper_tail,-0.116882135504878,0.17359690234222,0.309014306642114
upper_tail__SLR_m07,upper_tail__SLR,7,12,SLR_m07,upper_tail,-0.110998054760416,0.172055699613983,0.362035668000422
upper_tail__PCP_m08,upper_tail__PCP,8,1,PCP_m08,upper_tail,-0.0940548214831104,0.209541906709259,0.568891787332177
upper_tail__PCP_m09,upper_tail__PCP,9,2,PCP_m09,upper_tail,-0.106361864900126,0.227260011123053,0.564686190193847
upper_tail__PCP_m10,upper_tail__PCP,10,3,PCP_m10,upper_tail,-0.108954812478998,0.232138538511973,0.469322217080553
upper_tail__PCP_m11,upper_tail__PCP,11,4,PCP_m11,upper_tail,-0.0752985605779563,0.189962918843883,0.47604289515389
upper_tail__PCP_m12,upper_tail__PCP,12,5,PCP_m12,upper_tail,-0.0385769363765195,0.195418189446561,0.524383817950189
upper_tail__PCP_m01,upper_tail__PCP,1,6,PCP_m01,upper_tail,-0.0139491591443415,0.207689425600948,0.523021260542932
upper_tail__PCP_m02,upper_tail__PCP,2,7,PCP_m02,upper_tail,-0.0129307958181703,0.194547907703745,0.445643093581713
upper_tail__PCP_m03,upper_tail__PCP,3,8,PCP_m03,upper_tail,-0.0371043676805884,0.205107262796896,0.473042802444918
upper_tail__PCP_m04,upper_tail__PCP,4,9,PCP_m04,upper_tail,-0.0792633424192699,0.202438244197546,0.549931346540443
upper_tail__PCP_m05,upper_tail__PCP,5,10,PCP_m05,upper_tail,-0.127276492566554,0.190331638205102,0.620428463423044
upper_tail__PCP_m06,upper_tail__PCP,6,11,PCP_m06,upper_tail,-0.176529236792022,0.214427546821387,0.505708894172579
upper_tail__PCP_m07,upper_tail__PCP,7,12,PCP_m07,upper_tail,-0.215451766200572,0.206281274522664,0.49812907248977
upper_tail__MAX_m08,upper_tail__MAX,8,1,MAX_m08,upper_tail,-0.0408133806641322,0.186494702675065,0.540060176398123
upper_tail__MAX_m09,upper_tail__MAX,9,2,MAX_m09,upper_tail,-0.0123328807759951,0.202448111621102,0.360229183189233
upper_tail__MAX_m10,upper_tail__MAX,10,3,MAX_m10,upper_tail,0.0109839622368554,0.207703454805593,0.354115407453762
upper_tail__MAX_m11,upper_tail__MAX,11,4,MAX_m11,upper_tail,0.034727785320971,0.14812069636754,0.276532199148389
upper_tail__MAX_m12,upper_tail__MAX,12,5,MAX_m12,upper_tail,0.0655703861026184,0.156851612590973,0.340194058797767
upper_tail__MAX_m01,upper_tail__MAX,1,6,MAX_m01,upper_tail,0.0929191215672352,0.17617379975848,0.34564452205626
upper_tail__MAX_m02,upper_tail__MAX,2,7,MAX_m02,upper_tail,0.0944367122745216,0.222354948985197,0.402882167103093
upper_tail__MAX_m03,upper_tail__MAX,3,8,MAX_m03,upper_tail,0.0610948639157373,0.177611487986875,0.324078985365756
upper_tail__MAX_m04,upper_tail__MAX,4,9,MAX_m04,upper_tail,0.0006908511774086,0.231550218876919,0.507775572424173
upper_tail__MAX_m05,upper_tail__MAX,5,10,MAX_m05,upper_tail,-0.0389399764133552,0.200303861965847,0.389169528513636
upper_tail__MAX_m06,upper_tail__MAX,6,11,MAX_m06,upper_tail,-0.0306876608245456,0.196314878303071,0.30343500234148
upper_tail__MAX_m07,upper_tail__MAX,7,12,MAX_m07,upper_tail,0.0063012270980911,0.165258715289263,0.428858175684395
upper_tail__MIN_m08,upper_tail__MIN,8,1,MIN_m08,upper_tail,-0.146182937707499,0.187719029156114,0.422760037312926
upper_tail__MIN_m09,upper_tail__MIN,9,2,MIN_m09,upper_tail,-0.161523854936802,0.206644641760858,0.39768059781054
upper_tail__MIN_m10,upper_tail__MIN,10,3,MIN_m10,upper_tail,-0.17174283408525,0.189956132825688,0.375946693688156
upper_tail__MIN_m11,upper_tail__MIN,11,4,MIN_m11,upper_tail,-0.158579591342118,0.144380782157638,0.232405666842308
upper_tail__MIN_m12,upper_tail__MIN,12,5,MIN_m12,upper_tail,-0.115895469172762,0.132951518417732,0.255165367542711
upper_tail__MIN_m01,upper_tail__MIN,1,6,MIN_m01,upper_tail,-0.0679964513442358,0.158320884239118,0.293075087623867
upper_tail__MIN_m02,upper_tail__MIN,2,7,MIN_m02,upper_tail,-0.0460605217325954,0.183643914320217,0.325284751893023
upper_tail__MIN_m03,upper_tail__MIN,3,8,MIN_m03,upper_tail,-0.0566250054525132,0.131411652313795,0.241954232927236
upper_tail__MIN_m04,upper_tail__MIN,4,9,MIN_m04,upper_tail,-0.0935880668981666,0.220479659977046,0.491729029517668
upper_tail__MIN_m05,upper_tail__MIN,5,10,MIN_m05,upper_tail,-0.103932649489564,0.21625904699641,0.447982904477719
upper_tail__MIN_m06,upper_tail__MIN,6,11,MIN_m06,upper_tail,-0.0725316443225315,0.208648904620867,0.367628811529923
upper_tail__MIN_m07,upper_tail__MIN,7,12,MIN_m07,upper_tail,-0.0021139088175702,0.185037229523992,0.384425962830888
upper_tail__HMD_m08,upper_tail__HMD,8,1,HMD_m08,upper_tail,0.227470401082019,0.114287924888113,0.251837788387378
upper_tail__HMD_m09,upper_tail__HMD,9,2,HMD_m09,upper_tail,0.190066970699503,0.216542934454299,0.423939840943535
upper_tail__HMD_m10,upper_tail__HMD,10,3,HMD_m10,upper_tail,0.160325730910297,0.180198087675293,0.359944781464917
upper_tail__HMD_m11,upper_tail__HMD,11,4,HMD_m11,upper_tail,0.119895023621356,0.176879072772128,0.361368168932663
upper_tail__HMD_m12,upper_tail__HMD,12,5,HMD_m12,upper_tail,0.0646921560636328,0.193264690036481,0.353331596505229
upper_tail__HMD_m01,upper_tail__HMD,1,6,HMD_m01,upper_tail,0.0163121335658,0.195231049947949,0.436516634944239
upper_tail__HMD_m02,upper_tail__HMD,2,7,HMD_m02,upper_tail,-0.0310390325991227,0.234166865524926,0.457575290724535
upper_tail__HMD_m03,upper_tail__HMD,3,8,HMD_m03,upper_tail,-0.0815617231500486,0.216983860160912,0.41658740762647
upper_tail__HMD_m04,upper_tail__HMD,4,9,HMD_m04,upper_tail,-0.117776165066938,0.186761946205316,0.35461067213067
upper_tail__HMD_m05,upper_tail__HMD,5,10,HMD_m05,upper_tail,-0.150168799667265,0.189647622518007,0.551017399219541
upper_tail__HMD_m06,upper_tail__HMD,6,11,HMD_m06,upper_tail,-0.201814082388539,0.215013956057429,0.421047656558359
upper_tail__HMD_m07,upper_tail__HMD,7,12,HMD_m07,upper_tail,-0.249220981553574,0.150939246200175,0.3465029295826
upper_tail__DIF_m08,upper_tail__DIF,8,1,DIF_m08,upper_tail,-8.80902162753088e-05,0.181659742443409,0.475850992805231
upper_tail__DIF_m09,upper_tail__DIF,9,2,DIF_m09,upper_tail,-0.0206124690808386,0.191174056607855,0.329980641730947
upper_tail__DIF_m10,upper_tail__DIF,10,3,DIF_m10,upper_tail,-0.0392800018311608,0.184385272736189,0.388055872697885
upper_tail__DIF_m11,upper_tail__DIF,11,4,DIF_m11,upper_tail,-0.0467533285973846,0.197402392804462,0.469368304151772
upper_tail__DIF_m12,upper_tail__DIF,12,5,DIF_m12,upper_tail,-0.0297065437975367,0.213626807816519,0.491209445584053
upper_tail__DIF_m01,upper_tail__DIF,1,6,DIF_m01,upper_tail,-0.0036966248420901,0.198895342155847,0.542673759958962
upper_tail__DIF_m02,upper_tail__DIF,2,7,DIF_m02,upper_tail,0.024910340912786,0.195784662945793,0.406884863345023
upper_tail__DIF_m03,upper_tail__DIF,3,8,DIF_m03,upper_tail,0.0336784346595902,0.193927169712679,0.363607028861457
upper_tail__DIF_m04,upper_tail__DIF,4,9,DIF_m04,upper_tail,0.001673891678295,0.208126895879011,0.482433842142833
upper_tail__DIF_m05,upper_tail__DIF,5,10,DIF_m05,upper_tail,-0.0581551954897674,0.144717718155274,0.303563756793647
upper_tail__DIF_m06,upper_tail__DIF,6,11,DIF_m06,upper_tail,-0.11510711959515,0.191986893080078,0.379088110238889
upper_tail__DIF_m07,upper_tail__DIF,7,12,DIF_m07,upper_tail,-0.190495883328578,0.178834598279198,0.450479136730481
upper_tail__TAS_m08,upper_tail__TAS,8,1,TAS_m08,upper_tail,-0.11513909961344,0.188268869445599,0.520620717935114
upper_tail__TAS_m09,upper_tail__TAS,9,2,TAS_m09,upper_tail,-0.098844147055358,0.21303500673875,0.376562859691582
upper_tail__TAS_m10,upper_tail__TAS,10,3,TAS_m10,upper_tail,-0.0865059411987137,0.201706718773678,0.360938177704195
upper_tail__TAS_m11,upper_tail__TAS,11,4,TAS_m11,upper_tail,-0.0619236988934854,0.145717151863212,0.251993099024356
upper_tail__TAS_m12,upper_tail__TAS,12,5,TAS_m12,upper_tail,-0.0185089693662808,0.143809158956549,0.294763930923936
upper_tail__TAS_m01,upper_tail__TAS,1,6,TAS_m01,upper_tail,0.0258674207462282,0.166991090212486,0.318129902058063
upper_tail__TAS_m02,upper_tail__TAS,2,7,TAS_m02,upper_tail,0.0442848091670449,0.208311287579417,0.364668705917337
upper_tail__TAS_m03,upper_tail__TAS,3,8,TAS_m03,upper_tail,0.0281317622787712,0.155315452317077,0.290242267902546
upper_tail__TAS_m04,upper_tail__TAS,4,9,TAS_m04,upper_tail,-0.0154689288968527,0.227809346602484,0.522351379440656
upper_tail__TAS_m05,upper_tail__TAS,5,10,TAS_m05,upper_tail,-0.0361525723220719,0.212483004875405,0.444146058539394
upper_tail__TAS_m06,upper_tail__TAS,6,11,TAS_m06,upper_tail,-0.0079826644631372,0.196011404089896,0.330982195225696
upper_tail__TAS_m07,upper_tail__TAS,7,12,TAS_m07,upper_tail,0.0634861969792544,0.17208241439135,0.408775590885283
lower_tail__SLR_m08,lower_tail__SLR,8,1,SLR_m08,lower_tail,0.0802722739343911,0.173399998324887,0.396882652650324
lower_tail__SLR_m09,lower_tail__SLR,9,2,SLR_m09,lower_tail,0.0595920538707179,0.216570565720218,0.430252500725411
lower_tail__SLR_m10,lower_tail__SLR,10,3,SLR_m10,lower_tail,0.0412595257268953,0.192391710586051,0.381206640695601
lower_tail__SLR_m11,lower_tail__SLR,11,4,SLR_m11,lower_tail,0.0097641092379652,0.177844021404253,0.369427966723079
lower_tail__SLR_m12,lower_tail__SLR,12,5,SLR_m12,lower_tail,-0.02553254583356,0.199571739005498,0.415100777687744
lower_tail__SLR_m01,lower_tail__SLR,1,6,SLR_m01,lower_tail,-0.0305904978033135,0.161204355205432,0.304664999268414
lower_tail__SLR_m02,lower_tail__SLR,2,7,SLR_m02,lower_tail,-0.0286319171052404,0.190062091439384,0.390403851600324
lower_tail__SLR_m03,lower_tail__SLR,3,8,SLR_m03,lower_tail,-0.0459950728389806,0.213674678788719,0.413730073420489
lower_tail__SLR_m04,lower_tail__SLR,4,9,SLR_m04,lower_tail,-0.0533039773746307,0.189848110407087,0.37173106481055
lower_tail__SLR_m05,lower_tail__SLR,5,10,SLR_m05,lower_tail,-0.082637085552562,0.193766962193636,0.546568057303565
lower_tail__SLR_m06,lower_tail__SLR,6,11,SLR_m06,lower_tail,-0.14448703889879,0.218583689387978,0.445520468819494
lower_tail__SLR_m07,lower_tail__SLR,7,12,SLR_m07,lower_tail,-0.211158563507634,0.190185030067581,0.46461679389384
lower_tail__PCP_m08,lower_tail__PCP,8,1,PCP_m08,lower_tail,-0.048190023903457,0.125389648955669,0.256137756361008
lower_tail__PCP_m09,lower_tail__PCP,9,2,PCP_m09,lower_tail,-0.0587021874696116,0.116790714479967,0.217108757323042
lower_tail__PCP_m10,lower_tail__PCP,10,3,PCP_m10,lower_tail,-0.0403423097321127,0.154282036643066,0.256185295363478
lower_tail__PCP_m11,lower_tail__PCP,11,4,PCP_m11,lower_tail,0.0058623261818244,0.162558121038086,0.361416282263
lower_tail__PCP_m12,lower_tail__PCP,12,5,PCP_m12,lower_tail,0.0570928951499807,0.150435713834427,0.312008378012429
lower_tail__PCP_m01,lower_tail__PCP,1,6,PCP_m01,lower_tail,0.0816382365031395,0.146232016296347,0.289479580954217
lower_tail__PCP_m02,lower_tail__PCP,2,7,PCP_m02,lower_tail,0.068214067925674,0.183481528339833,0.35350493718653
lower_tail__PCP_m03,lower_tail__PCP,3,8,PCP_m03,lower_tail,0.0240758454196503,0.170364583130646,0.313331858892974
lower_tail__PCP_m04,lower_tail__PCP,4,9,PCP_m04,lower_tail,-0.028786234611919,0.138018181347446,0.278663661974882
lower_tail__PCP_m05,lower_tail__PCP,5,10,PCP_m05,lower_tail,-0.0875573421934441,0.108145625984397,0.203274234456754
lower_tail__PCP_m06,lower_tail__PCP,6,11,PCP_m06,lower_tail,-0.151468680379229,0.147307577522453,0.27852878515585
lower_tail__PCP_m07,lower_tail__PCP,7,12,PCP_m07,lower_tail,-0.227613031418391,0.157601135199949,0.301032875268551
lower_tail__MAX_m08,lower_tail__MAX,8,1,MAX_m08,lower_tail,-0.042108800027111,0.146071546343148,0.332730929751171
lower_tail__MAX_m09,lower_tail__MAX,9,2,MAX_m09,lower_tail,0.01037500346036,0.209146840078666,0.338111755946639
lower_tail__MAX_m10,lower_tail__MAX,10,3,MAX_m10,lower_tail,0.0356408540383477,0.20704380585194,0.351274998955561
lower_tail__MAX_m11,lower_tail__MAX,11,4,MAX_m11,lower_tail,0.0235897225329655,0.203112967010458,0.523085812909976
lower_tail__MAX_m12,lower_tail__MAX,12,5,MAX_m12,lower_tail,0.0082126617326572,0.212737930593966,0.460538370619406
lower_tail__MAX_m01,lower_tail__MAX,1,6,MAX_m01,lower_tail,-0.0082129140184312,0.200285329250746,0.445197490726752
lower_tail__MAX_m02,lower_tail__MAX,2,7,MAX_m02,lower_tail,-0.0211621963274264,0.181241990988099,0.321969146726513
lower_tail__MAX_m03,lower_tail__MAX,3,8,MAX_m03,lower_tail,0.008451022109418,0.213817253396002,0.458454699806999
lower_tail__MAX_m04,lower_tail__MAX,4,9,MAX_m04,lower_tail,0.068530043056029,0.140719056274508,0.273507000590095
lower_tail__MAX_m05,lower_tail__MAX,5,10,MAX_m05,lower_tail,0.104852693324515,0.172087918833526,0.407728431867939
lower_tail__MAX_m06,lower_tail__MAX,6,11,MAX_m06,lower_tail,0.100065430010315,0.211652247513284,0.415188351754565
lower_tail__MAX_m07,lower_tail__MAX,7,12,MAX_m07,lower_tail,0.0743763874124604,0.187604663834464,0.440235132613795
lower_tail__MIN_m08,lower_tail__MIN,8,1,MIN_m08,lower_tail,-0.0226888234962653,0.190934970030775,0.381602891874637
lower_tail__MIN_m09,lower_tail__MIN,9,2,MIN_m09,lower_tail,-0.0030363837437097,0.18063926857771,0.366842552890963
lower_tail__MIN_m10,lower_tail__MIN,10,3,MIN_m10,lower_tail,-0.0075719784058581,0.184774488480309,0.435036445180132
lower_tail__MIN_m11,lower_tail__MIN,11,4,MIN_m11,lower_tail,-0.0446449931207253,0.220551854791685,0.503141415577445
lower_tail__MIN_m12,lower_tail__MIN,12,5,MIN_m12,lower_tail,-0.0735276083629223,0.231160390432316,0.517237552832124
lower_tail__MIN_m01,lower_tail__MIN,1,6,MIN_m01,lower_tail,-0.104872385776081,0.212894344892318,0.480402616323606
lower_tail__MIN_m02,lower_tail__MIN,2,7,MIN_m02,lower_tail,-0.139923953034912,0.211697209914054,0.436894168861498
lower_tail__MIN_m03,lower_tail__MIN,3,8,MIN_m03,lower_tail,-0.147009551695904,0.235562423174097,0.500715542477287
lower_tail__MIN_m04,lower_tail__MIN,4,9,MIN_m04,lower_tail,-0.139265644736218,0.147151624631737,0.307977558257925
lower_tail__MIN_m05,lower_tail__MIN,5,10,MIN_m05,lower_tail,-0.125113264444041,0.164314977851693,0.335176236876761
lower_tail__MIN_m06,lower_tail__MIN,6,11,MIN_m06,lower_tail,-0.114695814192042,0.201454075014546,0.332096868165049
lower_tail__MIN_m07,lower_tail__MIN,7,12,MIN_m07,lower_tail,-0.112571066105612,0.199005322587309,0.412939623034793
lower_tail__HMD_m08,lower_tail__HMD,8,1,HMD_m08,lower_tail,0.0003304524734187,0.200585408196737,0.602304432493754
lower_tail__HMD_m09,lower_tail__HMD,9,2,HMD_m09,lower_tail,0.0374095928675812,0.178692270696157,0.294113986873041
lower_tail__HMD_m10,lower_tail__HMD,10,3,HMD_m10,lower_tail,0.0591574966261069,0.213225766140494,0.380588939455628
lower_tail__HMD_m11,lower_tail__HMD,11,4,HMD_m11,lower_tail,0.0726542227988778,0.191853712863951,0.442797415130761
lower_tail__HMD_m12,lower_tail__HMD,12,5,HMD_m12,lower_tail,0.0604605793053582,0.211779063840858,0.389032667695857
lower_tail__HMD_m01,lower_tail__HMD,1,6,HMD_m01,lower_tail,0.0423788723137311,0.1708141088999,0.380197041419713
lower_tail__HMD_m02,lower_tail__HMD,2,7,HMD_m02,lower_tail,0.0104101957143375,0.163566229170986,0.285235297814377
lower_tail__HMD_m03,lower_tail__HMD,3,8,HMD_m03,lower_tail,-0.0399043030165303,0.177106518258017,0.328545745704019
lower_tail__HMD_m04,lower_tail__HMD,4,9,HMD_m04,lower_tail,-0.121033021812465,0.193994068000162,0.431691753598788
lower_tail__HMD_m05,lower_tail__HMD,5,10,HMD_m05,lower_tail,-0.225529229262934,0.144502319875324,0.303133177984696
lower_tail__HMD_m06,lower_tail__HMD,6,11,HMD_m06,lower_tail,-0.302332339507222,0.174370460371869,0.360295572124211
lower_tail__HMD_m07,lower_tail__HMD,7,12,HMD_m07,lower_tail,-0.369657763319711,0.190430057844061,0.518144752268897
lower_tail__DIF_m08,lower_tail__DIF,8,1,DIF_m08,lower_tail,-0.0042728301093966,0.166734698480063,0.378775959454003
lower_tail__DIF_m09,lower_tail__DIF,9,2,DIF_m09,lower_tail,-0.043496233377364,0.205454418859427,0.410601008572034
lower_tail__DIF_m10,lower_tail__DIF,10,3,DIF_m10,lower_tail,-0.0777641113634415,0.207870015714673,0.380960212619857
lower_tail__DIF_m11,lower_tail__DIF,11,4,DIF_m11,lower_tail,-0.108190586239867,0.169385850662477,0.334017457329865
lower_tail__DIF_m12,lower_tail__DIF,12,5,DIF_m12,lower_tail,-0.120574596090381,0.154456189239831,0.296677908196606
lower_tail__DIF_m01,lower_tail__DIF,1,6,DIF_m01,lower_tail,-0.0918255931611235,0.141193673757619,0.269009405080916
lower_tail__DIF_m02,lower_tail__DIF,2,7,DIF_m02,lower_tail,-0.0308644816901172,0.168846603022264,0.416991664736594
lower_tail__DIF_m03,lower_tail__DIF,3,8,DIF_m03,lower_tail,0.0219075094865743,0.209464587761178,0.372115287199303
lower_tail__DIF_m04,lower_tail__DIF,4,9,DIF_m04,lower_tail,0.0671451974628123,0.162244658780206,0.312104015061732
lower_tail__DIF_m05,lower_tail__DIF,5,10,DIF_m05,lower_tail,0.0722213427066381,0.200461672497862,0.524102123854951
lower_tail__DIF_m06,lower_tail__DIF,6,11,DIF_m06,lower_tail,0.0370793900300543,0.20275111273249,0.392019342302846
lower_tail__DIF_m07,lower_tail__DIF,7,12,DIF_m07,lower_tail,-0.0004277442223382,0.173612325771359,0.406370558139303
lower_tail__TAS_m08,lower_tail__TAS,8,1,TAS_m08,lower_tail,0.0044679299688653,0.159148383451177,0.338913026958704
lower_tail__TAS_m09,lower_tail__TAS,9,2,TAS_m09,lower_tail,0.0426497514212929,0.198145443612177,0.32815521839501
lower_tail__TAS_m10,lower_tail__TAS,10,3,TAS_m10,lower_tail,0.0479438288846307,0.195231961251917,0.378934477570813
lower_tail__TAS_m11,lower_tail__TAS,11,4,TAS_m11,lower_tail,0.0144860318648138,0.208578096187954,0.517011140907731
lower_tail__TAS_m12,lower_tail__TAS,12,5,TAS_m12,lower_tail,-0.0170483530866988,0.224229656127145,0.492887883853825
lower_tail__TAS_m01,lower_tail__TAS,1,6,TAS_m01,lower_tail,-0.0468018917282254,0.20623391759834,0.463509803829667
lower_tail__TAS_m02,lower_tail__TAS,2,7,TAS_m02,lower_tail,-0.0703256666356367,0.1986421627823,0.384226699302056
lower_tail__TAS_m03,lower_tail__TAS,3,8,TAS_m03,lower_tail,-0.0507465922391082,0.226815968095723,0.491682359203454
lower_tail__TAS_m04,lower_tail__TAS,4,9,TAS_m04,lower_tail,-0.0054385180591693,0.134287183034941,0.259257634806203
lower_tail__TAS_m05,lower_tail__TAS,5,10,TAS_m05,lower_tail,0.0313101538489965,0.16029133861109,0.341898952092574
lower_tail__TAS_m06,lower_tail__TAS,6,11,TAS_m06,lower_tail,0.0386885228612995,0.214720189315926,0.393182114359347
lower_tail__TAS_m07,lower_tail__TAS,7,12,TAS_m07,lower_tail,0.0287436718046507,0.189592852686756,0.441561253693646
compound_hot_dry__m08,compound_hot_dry,8,1,MAX_m08*PCP_m08,compound_hot_dry,-0.11182541407424,0.104699682139671,0.422723782216882
compound_hot_dry__m09,compound_hot_dry,9,2,MAX_m09*PCP_m09,compound_hot_dry,-0.0846666926833927,0.0584137350195531,0.154523988244849
compound_hot_dry__m10,compound_hot_dry,10,3,MAX_m10*PCP_m10,compound_hot_dry,-0.057013262759093,0.0729190230156494,0.218899271772078
compound_hot_dry__m11,compound_hot_dry,11,4,MAX_m11*PCP_m11,compound_hot_dry,-0.0055573898976881,0.0124755448587331,0.0534139197875262
compound_hot_dry__m12,compound_hot_dry,12,5,MAX_m12*PCP_m12,compound_hot_dry,0.0543641017504034,0.0340656087561763,0.129406413440453
compound_hot_dry__m01,compound_hot_dry,1,6,MAX_m01*PCP_m01,compound_hot_dry,0.0950124811464692,0.0091987886831316,0.0446830472962435
compound_hot_dry__m02,compound_hot_dry,2,7,MAX_m02*PCP_m02,compound_hot_dry,0.0889920052275616,0.050122782128484,0.203418864606073
compound_hot_dry__m03,compound_hot_dry,3,8,MAX_m03*PCP_m03,compound_hot_dry,0.0268440851832847,0.0210187751104104,0.089828007755719
compound_hot_dry__m04,compound_hot_dry,4,9,MAX_m04*PCP_m04,compound_hot_dry,-0.0340833710884996,0.0949388671433573,0.318246658561839
compound_hot_dry__m05,compound_hot_dry,5,10,MAX_m05*PCP_m05,compound_hot_dry,-0.0965172697520066,0.0265165915797164,0.101457372836553
compound_hot_dry__m06,compound_hot_dry,6,11,MAX_m06*PCP_m06,compound_hot_dry,-0.149540433367301,0.0515529057610804,0.156961246945529
compound_hot_dry__m07,compound_hot_dry,7,12,MAX_m07*PCP_m07,compound_hot_dry,-0.202373676860006,0.102949278737695,0.410351653920589
