Term,Variable,CalendarMonth,AgriculturalPosition
SLR_m08,SLR,8,1
SLR_m09,SLR,9,2
SLR_m10,SLR,10,3
SLR_m11,SLR,11,4
SLR_m12,SLR,12,5
SLR_m01,SLR,1,6
SLR_m02,SLR,2,7
SLR_m03,SLR,3,8
SLR_m04,SLR,4,9
SLR_m05,SLR,5,10
SLR_m06,SLR,6,11
SLR_m07,SLR,7,12
PCP_m08,PCP,8,1
PCP_m09,PCP,9,2
PCP_m10,PCP,10,3
PCP_m11,PCP,11,4
PCP_m12,PCP,12,5
PCP_m01,PCP,1,6
PCP_m02,PCP,2,7
PCP_m03,PCP,3,8
PCP_m04,PCP,4,9
PCP_m05,PCP,5,10
PCP_m06,PCP,6,11
PCP_m07,PCP,7,12
MAX_m08,MAX,8,1
MAX_m09,MAX,9,2
MAX_m10,MAX,10,3
MAX_m11,MAX,11,4
MAX_m12,MAX,12,5
MAX_m01,MAX,1,6
MAX_m02,MAX,2,7
MAX_m03,MAX,3,8
MAX_m04,MAX,4,9
MAX_m05,MAX,5,10
MAX_m06,MAX,6,11
MAX_m07,MAX,7,12
MIN_m08,MIN,8,1
MIN_m09,MIN,9,2
MIN_m10,MIN,10,3
MIN_m11,MIN,11,4
MIN_m12,MIN,12,5
MIN_m01,MIN,1,6
MIN_m02,MIN,2,7
MIN_m03,MIN,3,8
MIN_m04,MIN,4,9
MIN_m05,MIN,5,10
MIN_m06,MIN,6,11
MIN_m07,MIN,7,12
HMD_m08,HMD,8,1
HMD_m09,HMD,9,2
HMD_m10,HMD,10,3
HMD_m11,HMD,11,4
HMD_m12,HMD,12,5
HMD_m01,HMD,1,6
HMD_m02,HMD,2,7
HMD_m03,HMD,3,8
HMD_m04,HMD,4,9
HMD_m05,HMD,5,10
HMD_m06,HMD,6,11
HMD_m07,HMD,7,12
DIF_m08,DIF,8,1
DIF_m09,DIF,9,2
DIF_m10,DIF,10,3
DIF_m11,DIF,11,4
DIF_m12,DIF,12,5
DIF_m01,DIF,1,6
DIF_m02,DIF,2,7
DIF_m03,DIF,3,8
DIF_m04,DIF,4,9
DIF_m05,DIF,5,10
DIF_m06,DIF,6,11
DIF_m07,DIF,7,12
TAS_m08,TAS,8,1
TAS_m09,TAS,9,2
TAS_m10,TAS,10,3
TAS_m11,TAS,11,4
TAS_m12,TAS,12,5
TAS_m01,TAS,1,6
TAS_m02,TAS,2,7
TAS_m03,TAS,3,8
TAS_m04,TAS,4,9
TAS_m05,TAS,5,10
TAS_m06,TAS,6,11
TAS_m07,TAS,7,12
